-- phpMyAdmin SQL Dump
-- version 3.3.3
-- http://www.phpmyadmin.net
--
-- Host: localhost
-- Generation Time: Mar 08, 2013 at 07:06 PM
-- Server version: 5.1.50
-- PHP Version: 5.3.9-ZS5.6.0

SET SQL_MODE="NO_AUTO_VALUE_ON_ZERO";


/*!40101 SET @OLD_CHARACTER_SET_CLIENT=@@CHARACTER_SET_CLIENT */;
/*!40101 SET @OLD_CHARACTER_SET_RESULTS=@@CHARACTER_SET_RESULTS */;
/*!40101 SET @OLD_COLLATION_CONNECTION=@@COLLATION_CONNECTION */;
/*!40101 SET NAMES utf8 */;

--
-- Database: `findtheroom`
--

-- --------------------------------------------------------

--
-- Table structure for table `ads_control`
--

CREATE TABLE IF NOT EXISTS `ads_control` (
  `id` int(11) NOT NULL AUTO_INCREMENT,
  `title` varchar(255) NOT NULL,
  `zone` varchar(64) NOT NULL,
  `codes` longtext NOT NULL,
  `publish` tinyint(1) NOT NULL DEFAULT '0',
  `date_start` datetime NOT NULL,
  `date_end` datetime NOT NULL,
  PRIMARY KEY (`id`)
) ENGINE=InnoDB DEFAULT CHARSET=utf8 AUTO_INCREMENT=1 ;

--
-- Dumping data for table `ads_control`
--


-- --------------------------------------------------------

--
-- Table structure for table `amphur`
--

CREATE TABLE IF NOT EXISTS `amphur` (
  `AMPHUR_ID` int(5) NOT NULL AUTO_INCREMENT,
  `AMPHUR_CODE` varchar(4) COLLATE utf8_unicode_ci NOT NULL,
  `AMPHUR_NAME` varchar(150) COLLATE utf8_unicode_ci NOT NULL,
  `AMPHUR_NAME_ENG` varchar(150) COLLATE utf8_unicode_ci NOT NULL,
  `GEO_ID` int(5) NOT NULL DEFAULT '0',
  `PROVINCE_ID` int(5) NOT NULL DEFAULT '0',
  PRIMARY KEY (`AMPHUR_ID`)
) ENGINE=MyISAM  DEFAULT CHARSET=utf8 COLLATE=utf8_unicode_ci AUTO_INCREMENT=999 ;

--
-- Dumping data for table `amphur`
--

INSERT INTO `amphur` (`AMPHUR_ID`, `AMPHUR_CODE`, `AMPHUR_NAME`, `AMPHUR_NAME_ENG`, `GEO_ID`, `PROVINCE_ID`) VALUES
(1, '1001', 'เขตพระนคร   ', 'Khet Phra Nakhon', 2, 1),
(2, '1002', 'เขตดุสิต   ', 'Khet Dusit', 2, 1),
(3, '1003', 'เขตหนองจอก   ', 'Khet  Nong Chok', 2, 1),
(4, '1004', 'เขตบางรัก   ', 'Khet Bang Rak', 2, 1),
(5, '1005', 'เขตบางเขน   ', 'Khet Bang Khen', 2, 1),
(6, '1006', 'เขตบางกะปิ   ', 'Khet Bang Kapi', 2, 1),
(7, '1007', 'เขตปทุมวัน   ', 'Khet Pathum Wan', 2, 1),
(8, '1008', 'เขตป้อมปราบศัตรูพ่าย   ', 'Khet Pom Prap Sattru Phai', 2, 1),
(9, '1009', 'เขตพระโขนง   ', 'Khet Phra Khanong', 2, 1),
(10, '1010', 'เขตมีนบุรี   ', 'Khet Min Buri', 2, 1),
(11, '1011', 'เขตลาดกระบัง   ', 'Khet Lat Krabang', 2, 1),
(12, '1012', 'เขตยานนาวา   ', 'Khet Yan Nawa', 2, 1),
(13, '1013', 'เขตสัมพันธวงศ์   ', 'Khet Samphanthawong', 2, 1),
(14, '1014', 'เขตพญาไท   ', 'Khet Phaya Thai', 2, 1),
(15, '1015', 'เขตธนบุรี   ', 'Khet Thon Buri', 2, 1),
(16, '1016', 'เขตบางกอกใหญ่   ', 'Khet Bangkok Yai', 2, 1),
(17, '1017', 'เขตห้วยขวาง   ', 'Khet Huai Khwang', 2, 1),
(18, '1018', 'เขตคลองสาน   ', 'Khet Khlong San', 2, 1),
(19, '1019', 'เขตตลิ่งชัน   ', 'Khet Taling Chan', 2, 1),
(20, '1020', 'เขตบางกอกน้อย   ', 'Khet Bangkok Noi', 2, 1),
(21, '1021', 'เขตบางขุนเทียน   ', 'Khet Bang Khun Thian', 2, 1),
(22, '1022', 'เขตภาษีเจริญ   ', 'Khet Phasi Charoen', 2, 1),
(23, '1023', 'เขตหนองแขม   ', 'Khet Nong Khaem', 2, 1),
(24, '1024', 'เขตราษฎร์บูรณะ   ', 'Khet Rat Burana', 2, 1),
(25, '1025', 'เขตบางพลัด   ', 'Khet Bang Phlat', 2, 1),
(26, '1026', 'เขตดินแดง   ', 'Khet Din Daeng', 2, 1),
(27, '1027', 'เขตบึงกุ่ม   ', 'Khet Bueng Kum', 2, 1),
(28, '1028', 'เขตสาทร   ', 'Khet Sathon', 2, 1),
(29, '1029', 'เขตบางซื่อ   ', 'Khet Bang Sue', 2, 1),
(30, '1030', 'เขตจตุจักร   ', 'Khet Chatuchak', 2, 1),
(31, '1031', 'เขตบางคอแหลม   ', 'Khet Bang Kho Laem', 2, 1),
(32, '1032', 'เขตประเวศ   ', 'Khet Prawet', 2, 1),
(33, '1033', 'เขตคลองเตย   ', 'Khet Khlong Toei', 2, 1),
(34, '1034', 'เขตสวนหลวง   ', 'Khet Suan Luang', 2, 1),
(35, '1035', 'เขตจอมทอง   ', 'Khet Chom Thong', 2, 1),
(36, '1036', 'เขตดอนเมือง   ', 'Khet Don Mueang', 2, 1),
(37, '1037', 'เขตราชเทวี   ', 'Khet Ratchathewi', 2, 1),
(38, '1038', 'เขตลาดพร้าว   ', 'Khet Lat Phrao', 2, 1),
(39, '1039', 'เขตวัฒนา   ', 'Khet Watthana', 2, 1),
(40, '1040', 'เขตบางแค   ', 'Khet Bang Khae', 2, 1),
(41, '1041', 'เขตหลักสี่   ', 'Khet Lak Si', 2, 1),
(42, '1042', 'เขตสายไหม   ', 'Khet Sai Mai', 2, 1),
(43, '1043', 'เขตคันนายาว   ', 'Khet Khan Na Yao', 2, 1),
(44, '1044', 'เขตสะพานสูง   ', 'Khet Saphan Sung', 2, 1),
(45, '1045', 'เขตวังทองหลาง   ', 'Khet Wang Thonglang', 2, 1),
(46, '1046', 'เขตคลองสามวา   ', 'Khet Khlong Sam Wa', 2, 1),
(47, '1047', 'เขตบางนา   ', 'Khet Bang Na', 2, 1),
(48, '1048', 'เขตทวีวัฒนา   ', 'Khet Thawi Watthana', 2, 1),
(49, '1049', 'เขตทุ่งครุ   ', 'Khet Thung Khru', 2, 1),
(50, '1050', 'เขตบางบอน   ', 'Khet Bang Bon', 2, 1),
(51, '1081', '*บ้านทะวาย   ', '*Bantawai', 2, 1),
(52, '1101', 'เมืองสมุทรปราการ   ', 'Mueang Samut Prakan', 2, 2),
(53, '1102', 'บางบ่อ   ', 'Bang Bo', 2, 2),
(54, '1103', 'บางพลี   ', 'Bang Phli', 2, 2),
(55, '1104', 'พระประแดง   ', 'Phra Pradaeng', 2, 2),
(56, '1105', 'พระสมุทรเจดีย์   ', 'Phra Samut Chedi', 2, 2),
(57, '1106', 'บางเสาธง   ', 'Bang Sao Thong', 2, 2),
(58, '1201', 'เมืองนนทบุรี   ', 'Mueang Nonthaburi', 2, 3),
(59, '1202', 'บางกรวย   ', 'Bang Kruai', 2, 3),
(60, '1203', 'บางใหญ่   ', 'Bang Yai', 2, 3),
(61, '1204', 'บางบัวทอง   ', 'Bang Bua Thong', 2, 3),
(62, '1205', 'ไทรน้อย   ', 'Sai Noi', 2, 3),
(63, '1206', 'ปากเกร็ด   ', 'Pak Kret', 2, 3),
(64, '1251', 'เทศบาลนครนนทบุรี (สาขาแขวงท่าทราย)*   ', 'Tetsaban Nonthaburi', 2, 3),
(65, '1297', 'เทศบาลเมืองปากเกร็ด*   ', 'Tetsaban Pak Kret', 2, 3),
(66, '1301', 'เมืองปทุมธานี   ', 'Mueang Pathum Thani', 2, 4),
(67, '1302', 'คลองหลวง   ', 'Khlong Luang', 2, 4),
(68, '1303', 'ธัญบุรี   ', 'Thanyaburi', 2, 4),
(69, '1304', 'หนองเสือ   ', 'Nong Suea', 2, 4),
(70, '1305', 'ลาดหลุมแก้ว   ', 'Lat Lum Kaeo', 2, 4),
(71, '1306', 'ลำลูกกา   ', 'Lam Luk Ka', 2, 4),
(72, '1307', 'สามโคก   ', 'Sam Khok', 2, 4),
(73, '1351', 'ลำลูกกา (สาขาตำบลคูคต)*   ', 'Khlong Luang(Kukod)', 2, 4),
(74, '1401', 'พระนครศรีอยุธยา   ', 'Phra Nakhon Si Ayutthaya', 2, 5),
(75, '1402', 'ท่าเรือ   ', 'Tha Ruea', 2, 5),
(76, '1403', 'นครหลวง   ', 'Nakhon Luang', 2, 5),
(77, '1404', 'บางไทร   ', 'Bang Sai', 2, 5),
(78, '1405', 'บางบาล   ', 'Bang Ban', 2, 5),
(79, '1406', 'บางปะอิน   ', 'Bang Pa-in', 2, 5),
(80, '1407', 'บางปะหัน   ', 'Bang Pahan', 2, 5),
(81, '1408', 'ผักไห่   ', 'Phak Hai', 2, 5),
(82, '1409', 'ภาชี   ', 'Phachi', 2, 5),
(83, '1410', 'ลาดบัวหลวง   ', 'Lat Bua Luang', 2, 5),
(84, '1411', 'วังน้อย   ', 'Wang Noi', 2, 5),
(85, '1412', 'เสนา   ', 'Sena', 2, 5),
(86, '1413', 'บางซ้าย   ', 'Bang Sai', 2, 5),
(87, '1414', 'อุทัย   ', 'Uthai', 2, 5),
(88, '1415', 'มหาราช   ', 'Maha Rat', 2, 5),
(89, '1416', 'บ้านแพรก   ', 'Ban Phraek', 2, 5),
(90, '1501', 'เมืองอ่างทอง   ', 'Mueang Ang Thong', 2, 6),
(91, '1502', 'ไชโย   ', 'Chaiyo', 2, 6),
(92, '1503', 'ป่าโมก   ', 'Pa Mok', 2, 6),
(93, '1504', 'โพธิ์ทอง   ', 'Pho Thong', 2, 6),
(94, '1505', 'แสวงหา   ', 'Sawaeng Ha', 2, 6),
(95, '1506', 'วิเศษชัยชาญ   ', 'Wiset Chai Chan', 2, 6),
(96, '1507', 'สามโก้   ', 'Samko', 2, 6),
(97, '1601', 'เมืองลพบุรี   ', 'Mueang Lop Buri', 2, 7),
(98, '1602', 'พัฒนานิคม   ', 'Phatthana Nikhom', 2, 7),
(99, '1603', 'โคกสำโรง   ', 'Khok Samrong', 2, 7),
(100, '1604', 'ชัยบาดาล   ', 'Chai Badan', 2, 7),
(101, '1605', 'ท่าวุ้ง   ', 'Tha Wung', 2, 7),
(102, '1606', 'บ้านหมี่   ', 'Ban Mi', 2, 7),
(103, '1607', 'ท่าหลวง   ', 'Tha Luang', 2, 7),
(104, '1608', 'สระโบสถ์   ', 'Sa Bot', 2, 7),
(105, '1609', 'โคกเจริญ   ', 'Khok Charoen', 2, 7),
(106, '1610', 'ลำสนธิ   ', 'Lam Sonthi', 2, 7),
(107, '1611', 'หนองม่วง   ', 'Nong Muang', 2, 7),
(108, '1681', '*อ.บ้านเช่า  จ.ลพบุรี   ', '*Amphoe Ban Chao', 2, 7),
(109, '1701', 'เมืองสิงห์บุรี   ', 'Mueang Sing Buri', 2, 8),
(110, '1702', 'บางระจัน   ', 'Bang Rachan', 2, 8),
(111, '1703', 'ค่ายบางระจัน   ', 'Khai Bang Rachan', 2, 8),
(112, '1704', 'พรหมบุรี   ', 'Phrom Buri', 2, 8),
(113, '1705', 'ท่าช้าง   ', 'Tha Chang', 2, 8),
(114, '1706', 'อินทร์บุรี   ', 'In Buri', 2, 8),
(115, '1801', 'เมืองชัยนาท   ', 'Mueang Chai Nat', 2, 9),
(116, '1802', 'มโนรมย์   ', 'Manorom', 2, 9),
(117, '1803', 'วัดสิงห์   ', 'Wat Sing', 2, 9),
(118, '1804', 'สรรพยา   ', 'Sapphaya', 2, 9),
(119, '1805', 'สรรคบุรี   ', 'Sankhaburi', 2, 9),
(120, '1806', 'หันคา   ', 'Hankha', 2, 9),
(121, '1807', 'หนองมะโมง   ', 'Nong Mamong', 2, 9),
(122, '1808', 'เนินขาม   ', 'Noen Kham', 2, 9),
(123, '1901', 'เมืองสระบุรี   ', 'Mueang Saraburi', 2, 10),
(124, '1902', 'แก่งคอย   ', 'Kaeng Khoi', 2, 10),
(125, '1903', 'หนองแค   ', 'Nong Khae', 2, 10),
(126, '1904', 'วิหารแดง   ', 'Wihan Daeng', 2, 10),
(127, '1905', 'หนองแซง   ', 'Nong Saeng', 2, 10),
(128, '1906', 'บ้านหมอ   ', 'Ban Mo', 2, 10),
(129, '1907', 'ดอนพุด   ', 'Don Phut', 2, 10),
(130, '1908', 'หนองโดน   ', 'Nong Don', 2, 10),
(131, '1909', 'พระพุทธบาท   ', 'Phra Phutthabat', 2, 10),
(132, '1910', 'เสาไห้   ', 'Sao Hai', 2, 10),
(133, '1911', 'มวกเหล็ก   ', 'Muak Lek', 2, 10),
(134, '1912', 'วังม่วง   ', 'Wang Muang', 2, 10),
(135, '1913', 'เฉลิมพระเกียรติ   ', 'Chaloem Phra Kiat', 2, 10),
(136, '2001', 'เมืองชลบุรี   ', 'Mueang Chon Buri', 5, 11),
(137, '2002', 'บ้านบึง   ', 'Ban Bueng', 5, 11),
(138, '2003', 'หนองใหญ่   ', 'Nong Yai', 5, 11),
(139, '2004', 'บางละมุง   ', 'Bang Lamung', 5, 11),
(140, '2005', 'พานทอง   ', 'Phan Thong', 5, 11),
(141, '2006', 'พนัสนิคม   ', 'Phanat Nikhom', 5, 11),
(142, '2007', 'ศรีราชา   ', 'Si Racha', 5, 11),
(143, '2008', 'เกาะสีชัง   ', 'Ko Sichang', 5, 11),
(144, '2009', 'สัตหีบ   ', 'Sattahip', 5, 11),
(145, '2010', 'บ่อทอง   ', 'Bo Thong', 5, 11),
(146, '2011', 'เกาะจันทร์   ', 'Ko Chan', 5, 11),
(147, '2051', 'สัตหีบ (สาขาตำบลบางเสร่)*   ', 'Sattahip(Bang Sre)*', 5, 11),
(148, '2072', 'ท้องถิ่นเทศบาลเมืองหนองปรือ*   ', 'Tong Tin Tetsaban Mueang Nong Prue*', 5, 11),
(149, '2093', 'เทศบาลตำบลแหลมฉบัง*   ', 'Tetsaban Tambon Lamsabang*', 5, 11),
(150, '2099', 'เทศบาลเมืองชลบุรี*   ', 'Mueang Chon Buri', 5, 11),
(151, '2101', 'เมืองระยอง   ', 'Mueang Rayong', 5, 12),
(152, '2102', 'บ้านฉาง   ', 'Ban Chang', 5, 12),
(153, '2103', 'แกลง   ', 'Klaeng', 5, 12),
(154, '2104', 'วังจันทร์   ', 'Wang Chan', 5, 12),
(155, '2105', 'บ้านค่าย   ', 'Ban Khai', 5, 12),
(156, '2106', 'ปลวกแดง   ', 'Pluak Daeng', 5, 12),
(157, '2107', 'เขาชะเมา   ', 'Khao Chamao', 5, 12),
(158, '2108', 'นิคมพัฒนา   ', 'Nikhom Phatthana', 5, 12),
(159, '2151', 'สาขาตำบลมาบข่า*   ', 'Saka Tambon Mabka', 5, 12),
(160, '2201', 'เมืองจันทบุรี   ', 'Mueang Chanthaburi', 5, 13),
(161, '2202', 'ขลุง   ', 'Khlung', 5, 13),
(162, '2203', 'ท่าใหม่   ', 'Tha Mai', 5, 13),
(163, '2204', 'โป่งน้ำร้อน   ', 'Pong Nam Ron', 5, 13),
(164, '2205', 'มะขาม   ', 'Makham', 5, 13),
(165, '2206', 'แหลมสิงห์   ', 'Laem Sing', 5, 13),
(166, '2207', 'สอยดาว   ', 'Soi Dao', 5, 13),
(167, '2208', 'แก่งหางแมว   ', 'Kaeng Hang Maeo', 5, 13),
(168, '2209', 'นายายอาม   ', 'Na Yai Am', 5, 13),
(169, '2210', 'เขาคิชฌกูฏ   ', 'Khoa Khitchakut', 5, 13),
(170, '2281', '*กิ่ง อ.กำพุธ  จ.จันทบุรี   ', '*King Amphoe Kampud', 5, 13),
(171, '2301', 'เมืองตราด   ', 'Mueang Trat', 5, 14),
(172, '2302', 'คลองใหญ่   ', 'Khlong Yai', 5, 14),
(173, '2303', 'เขาสมิง   ', 'Khao Saming', 5, 14),
(174, '2304', 'บ่อไร่   ', 'Bo Rai', 5, 14),
(175, '2305', 'แหลมงอบ   ', 'Laem Ngop', 5, 14),
(176, '2306', 'เกาะกูด   ', 'Ko Kut', 5, 14),
(177, '2307', 'เกาะช้าง   ', 'Ko Chang', 5, 14),
(178, '2401', 'เมืองฉะเชิงเทรา   ', 'Mueang Chachoengsao', 5, 15),
(179, '2402', 'บางคล้า   ', 'Bang Khla', 5, 15),
(180, '2403', 'บางน้ำเปรี้ยว   ', 'Bang Nam Priao', 5, 15),
(181, '2404', 'บางปะกง   ', 'Bang Pakong', 5, 15),
(182, '2405', 'บ้านโพธิ์   ', 'Ban Pho', 5, 15),
(183, '2406', 'พนมสารคาม   ', 'Phanom Sarakham', 5, 15),
(184, '2407', 'ราชสาส์น   ', 'Ratchasan', 5, 15),
(185, '2408', 'สนามชัยเขต   ', 'Sanam Chai Khet', 5, 15),
(186, '2409', 'แปลงยาว   ', 'Plaeng Yao', 5, 15),
(187, '2410', 'ท่าตะเกียบ   ', 'Tha Takiap', 5, 15),
(188, '2411', 'คลองเขื่อน   ', 'Khlong Khuean', 5, 15),
(189, '2501', 'เมืองปราจีนบุรี   ', 'Mueang Prachin Buri', 5, 16),
(190, '2502', 'กบินทร์บุรี   ', 'Kabin Buri', 5, 16),
(191, '2503', 'นาดี   ', 'Na Di', 5, 16),
(192, '2504', '*สระแก้ว   ', 'Sa Kaeo', 5, 16),
(193, '2505', '*วังน้ำเย็น   ', 'Wang Nam Yen', 5, 16),
(194, '2506', 'บ้านสร้าง   ', 'Ban Sang', 5, 16),
(195, '2507', 'ประจันตคาม   ', 'Prachantakham', 5, 16),
(196, '2508', 'ศรีมหาโพธิ   ', 'Si Maha Phot', 5, 16),
(197, '2509', 'ศรีมโหสถ   ', 'Si Mahosot', 5, 16),
(198, '2510', '*อรัญประเทศ   ', 'Aranyaprathet', 5, 16),
(199, '2511', '*ตาพระยา   ', 'Ta Phraya', 5, 16),
(200, '2512', '*วัฒนานคร   ', 'Watthana Nakhon', 5, 16),
(201, '2513', '*คลองหาด   ', 'Khlong Hat', 5, 16),
(202, '2601', 'เมืองนครนายก   ', 'Mueang Nakhon Nayok', 2, 17),
(203, '2602', 'ปากพลี   ', 'Pak Phli', 2, 17),
(204, '2603', 'บ้านนา   ', 'Ban Na', 2, 17),
(205, '2604', 'องครักษ์   ', 'Ongkharak', 2, 17),
(206, '2701', 'เมืองสระแก้ว   ', 'Mueang Sa Kaeo', 5, 18),
(207, '2702', 'คลองหาด   ', 'Khlong Hat', 5, 18),
(208, '2703', 'ตาพระยา   ', 'Ta Phraya', 5, 18),
(209, '2704', 'วังน้ำเย็น   ', 'Wang Nam Yen', 5, 18),
(210, '2705', 'วัฒนานคร   ', 'Watthana Nakhon', 5, 18),
(211, '2706', 'อรัญประเทศ   ', 'Aranyaprathet', 5, 18),
(212, '2707', 'เขาฉกรรจ์   ', 'Khao Chakan', 5, 18),
(213, '2708', 'โคกสูง   ', 'Khok Sung', 5, 18),
(214, '2709', 'วังสมบูรณ์   ', 'Wang Sombun', 5, 18),
(215, '3001', 'เมืองนครราชสีมา   ', 'Mueang Nakhon Ratchasima', 3, 19),
(216, '3002', 'ครบุรี   ', 'Khon Buri', 3, 19),
(217, '3003', 'เสิงสาง   ', 'Soeng Sang', 3, 19),
(218, '3004', 'คง   ', 'Khong', 3, 19),
(219, '3005', 'บ้านเหลื่อม   ', 'Ban Lueam', 3, 19),
(220, '3006', 'จักราช   ', 'Chakkarat', 3, 19),
(221, '3007', 'โชคชัย   ', 'Chok Chai', 3, 19),
(222, '3008', 'ด่านขุนทด   ', 'Dan Khun Thot', 3, 19),
(223, '3009', 'โนนไทย   ', 'Non Thai', 3, 19),
(224, '3010', 'โนนสูง   ', 'Non Sung', 3, 19),
(225, '3011', 'ขามสะแกแสง   ', 'Kham Sakaesaeng', 3, 19),
(226, '3012', 'บัวใหญ่   ', 'Bua Yai', 3, 19),
(227, '3013', 'ประทาย   ', 'Prathai', 3, 19),
(228, '3014', 'ปักธงชัย   ', 'Pak Thong Chai', 3, 19),
(229, '3015', 'พิมาย   ', 'Phimai', 3, 19),
(230, '3016', 'ห้วยแถลง   ', 'Huai Thalaeng', 3, 19),
(231, '3017', 'ชุมพวง   ', 'Chum Phuang', 3, 19),
(232, '3018', 'สูงเนิน   ', 'Sung Noen', 3, 19),
(233, '3019', 'ขามทะเลสอ   ', 'Kham Thale So', 3, 19),
(234, '3020', 'สีคิ้ว   ', 'Sikhio', 3, 19),
(235, '3021', 'ปากช่อง   ', 'Pak Chong', 3, 19),
(236, '3022', 'หนองบุญมาก   ', 'Nong Bunnak', 3, 19),
(237, '3023', 'แก้งสนามนาง   ', 'Kaeng Sanam Nang', 3, 19),
(238, '3024', 'โนนแดง   ', 'Non Daeng', 3, 19),
(239, '3025', 'วังน้ำเขียว   ', 'Wang Nam Khiao', 3, 19),
(240, '3026', 'เทพารักษ์   ', 'Thepharak', 3, 19),
(241, '3027', 'เมืองยาง   ', 'Mueang Yang', 3, 19),
(242, '3028', 'พระทองคำ   ', 'Phra Thong Kham', 3, 19),
(243, '3029', 'ลำทะเมนชัย   ', 'Lam Thamenchai', 3, 19),
(244, '3030', 'บัวลาย   ', 'Bua Lai', 3, 19),
(245, '3031', 'สีดา   ', 'Sida', 3, 19),
(246, '3032', 'เฉลิมพระเกียรติ   ', 'Chaloem Phra Kiat', 3, 19),
(247, '3049', 'ท้องถิ่นเทศบาลตำบลโพธิ์กลาง*   ', 'Pho Krang', 3, 19),
(248, '3051', 'สาขาตำบลมะค่า-พลสงคราม*   ', 'Ma Ka-Pon Songkram*', 3, 19),
(249, '3081', '*โนนลาว   ', '*Non Lao', 3, 19),
(250, '3101', 'เมืองบุรีรัมย์   ', 'Mueang Buri Ram', 3, 20),
(251, '3102', 'คูเมือง   ', 'Khu Mueang', 3, 20),
(252, '3103', 'กระสัง', 'Krasang', 3, 20),
(253, '3104', 'นางรอง   ', 'Nang Rong', 3, 20),
(254, '3105', 'หนองกี่   ', 'Nong Ki', 3, 20),
(255, '3106', 'ละหานทราย   ', 'Lahan Sai', 3, 20),
(256, '3107', 'ประโคนชัย   ', 'Prakhon Chai', 3, 20),
(257, '3108', 'บ้านกรวด   ', 'Ban Kruat', 3, 20),
(258, '3109', 'พุทไธสง   ', 'Phutthaisong', 3, 20),
(259, '3110', 'ลำปลายมาศ   ', 'Lam Plai Mat', 3, 20),
(260, '3111', 'สตึก   ', 'Satuek', 3, 20),
(261, '3112', 'ปะคำ   ', 'Pakham', 3, 20),
(262, '3113', 'นาโพธิ์   ', 'Na Pho', 3, 20),
(263, '3114', 'หนองหงส์   ', 'Nong Hong', 3, 20),
(264, '3115', 'พลับพลาชัย   ', 'Phlapphla Chai', 3, 20),
(265, '3116', 'ห้วยราช   ', 'Huai Rat', 3, 20),
(266, '3117', 'โนนสุวรรณ   ', 'Non Suwan', 3, 20),
(267, '3118', 'ชำนิ   ', 'Chamni', 3, 20),
(268, '3119', 'บ้านใหม่ไชยพจน์   ', 'Ban Mai Chaiyaphot', 3, 20),
(269, '3120', 'โนนดินแดง   ', 'Din Daeng', 3, 20),
(270, '3121', 'บ้านด่าน   ', 'Ban Dan', 3, 20),
(271, '3122', 'แคนดง   ', 'Khaen Dong', 3, 20),
(272, '3123', 'เฉลิมพระเกียรติ   ', 'Chaloem Phra Kiat', 3, 20),
(273, '3201', 'เมืองสุรินทร์   ', 'Mueang Surin', 3, 21),
(274, '3202', 'ชุมพลบุรี   ', 'Chumphon Buri', 3, 21),
(275, '3203', 'ท่าตูม   ', 'Tha Tum', 3, 21),
(276, '3204', 'จอมพระ   ', 'Chom Phra', 3, 21),
(277, '3205', 'ปราสาท   ', 'Prasat', 3, 21),
(278, '3206', 'กาบเชิง   ', 'Kap Choeng', 3, 21),
(279, '3207', 'รัตนบุรี   ', 'Rattanaburi', 3, 21),
(280, '3208', 'สนม   ', 'Sanom', 3, 21),
(281, '3209', 'ศีขรภูมิ   ', 'Sikhoraphum', 3, 21),
(282, '3210', 'สังขะ   ', 'Sangkha', 3, 21),
(283, '3211', 'ลำดวน   ', 'Lamduan', 3, 21),
(284, '3212', 'สำโรงทาบ   ', 'Samrong Thap', 3, 21),
(285, '3213', 'บัวเชด   ', 'Buachet', 3, 21),
(286, '3214', 'พนมดงรัก   ', 'Phanom Dong Rak', 3, 21),
(287, '3215', 'ศรีณรงค์   ', 'Si Narong', 3, 21),
(288, '3216', 'เขวาสินรินทร์   ', 'Khwao Sinarin', 3, 21),
(289, '3217', 'โนนนารายณ์   ', 'Non Narai', 3, 21),
(290, '3301', 'เมืองศรีสะเกษ   ', 'Mueang Si Sa Ket', 3, 22),
(291, '3302', 'ยางชุมน้อย   ', 'Yang Chum Noi', 3, 22),
(292, '3303', 'กันทรารมย์   ', 'Kanthararom', 3, 22),
(293, '3304', 'กันทรลักษ์   ', 'Kantharalak', 3, 22),
(294, '3305', 'ขุขันธ์   ', 'Khukhan', 3, 22),
(295, '3306', 'ไพรบึง   ', 'Phrai Bueng', 3, 22),
(296, '3307', 'ปรางค์กู่   ', 'Prang Ku', 3, 22),
(297, '3308', 'ขุนหาญ   ', 'Khun Han', 3, 22),
(298, '3309', 'ราษีไศล   ', 'Rasi Salai', 3, 22),
(299, '3310', 'อุทุมพรพิสัย   ', 'Uthumphon Phisai', 3, 22),
(300, '3311', 'บึงบูรพ์   ', 'Bueng Bun', 3, 22),
(301, '3312', 'ห้วยทับทัน   ', 'Huai Thap Than', 3, 22),
(302, '3313', 'โนนคูณ   ', 'Non Khun', 3, 22),
(303, '3314', 'ศรีรัตนะ   ', 'Si Rattana', 3, 22),
(304, '3315', 'น้ำเกลี้ยง   ', 'Si Rattana', 3, 22),
(305, '3316', 'วังหิน   ', 'Wang Hin', 3, 22),
(306, '3317', 'ภูสิงห์   ', 'Phu Sing', 3, 22),
(307, '3318', 'เมืองจันทร์   ', 'Mueang Chan', 3, 22),
(308, '3319', 'เบญจลักษ์   ', 'Benchalak', 3, 22),
(309, '3320', 'พยุห์   ', 'Phayu', 3, 22),
(310, '3321', 'โพธิ์ศรีสุวรรณ   ', 'Pho Si Suwan', 3, 22),
(311, '3322', 'ศิลาลาด   ', 'Sila Lat', 3, 22),
(312, '3401', 'เมืองอุบลราชธานี   ', 'Mueang Ubon Ratchathani', 3, 23),
(313, '3402', 'ศรีเมืองใหม่   ', 'Si Mueang Mai', 3, 23),
(314, '3403', 'โขงเจียม   ', 'Khong Chiam', 3, 23),
(315, '3404', 'เขื่องใน   ', 'Khueang Nai', 3, 23),
(316, '3405', 'เขมราฐ   ', 'Khemarat', 3, 23),
(317, '3406', '*ชานุมาน   ', '*Shanuman', 3, 23),
(318, '3407', 'เดชอุดม   ', 'Det Udom', 3, 23),
(319, '3408', 'นาจะหลวย   ', 'Na Chaluai', 3, 23),
(320, '3409', 'น้ำยืน   ', 'Nam Yuen', 3, 23),
(321, '3410', 'บุณฑริก   ', 'Buntharik', 3, 23),
(322, '3411', 'ตระการพืชผล   ', 'Trakan Phuet Phon', 3, 23),
(323, '3412', 'กุดข้าวปุ้น   ', 'Kut Khaopun', 3, 23),
(324, '3413', '*พนา   ', '*Phana', 3, 23),
(325, '3414', 'ม่วงสามสิบ   ', 'Muang Sam Sip', 3, 23),
(326, '3415', 'วารินชำราบ   ', 'Warin Chamrap', 3, 23),
(327, '3416', '*อำนาจเจริญ   ', '*Amnat Charoen', 3, 23),
(328, '3417', '*เสนางคนิคม   ', '*Senangkhanikhom', 3, 23),
(329, '3418', '*หัวตะพาน   ', '*Hua Taphan', 3, 23),
(330, '3419', 'พิบูลมังสาหาร   ', 'Phibun Mangsahan', 3, 23),
(331, '3420', 'ตาลสุม   ', 'Tan Sum', 3, 23),
(332, '3421', 'โพธิ์ไทร   ', 'Pho Sai', 3, 23),
(333, '3422', 'สำโรง   ', 'Samrong', 3, 23),
(334, '3423', '*กิ่งอำเภอลืออำนาจ   ', '*King Amphoe Lue Amnat', 3, 23),
(335, '3424', 'ดอนมดแดง   ', 'Don Mot Daeng', 3, 23),
(336, '3425', 'สิรินธร   ', 'Sirindhorn', 3, 23),
(337, '3426', 'ทุ่งศรีอุดม   ', 'Thung Si Udom', 3, 23),
(338, '3427', '*ปทุมราชวงศา   ', '*Pathum Ratchawongsa', 3, 23),
(339, '3428', '*กิ่งอำเภอศรีหลักชัย   ', '*King Amphoe Sri Lunk Chai', 3, 23),
(340, '3429', 'นาเยีย   ', 'Na Yia', 3, 23),
(341, '3430', 'นาตาล   ', 'Na Tan', 3, 23),
(342, '3431', 'เหล่าเสือโก้ก   ', 'Lao Suea Kok', 3, 23),
(343, '3432', 'สว่างวีระวงศ์   ', 'Sawang Wirawong', 3, 23),
(344, '3433', 'น้ำขุ่น   ', 'Nam Khun', 3, 23),
(345, '3481', '*อ.สุวรรณวารี  จ.อุบลราชธานี   ', '*Suwan Wari', 3, 23),
(346, '3501', 'เมืองยโสธร   ', 'Mueang Yasothon', 3, 24),
(347, '3502', 'ทรายมูล   ', 'Sai Mun', 3, 24),
(348, '3503', 'กุดชุม   ', 'Kut Chum', 3, 24),
(349, '3504', 'คำเขื่อนแก้ว   ', 'Kham Khuean Kaeo', 3, 24),
(350, '3505', 'ป่าติ้ว   ', 'Pa Tio', 3, 24),
(351, '3506', 'มหาชนะชัย   ', 'Maha Chana Chai', 3, 24),
(352, '3507', 'ค้อวัง   ', 'Kho Wang', 3, 24),
(353, '3508', 'เลิงนกทา   ', 'Loeng Nok Tha', 3, 24),
(354, '3509', 'ไทยเจริญ   ', 'Thai Charoen', 3, 24),
(355, '3601', 'เมืองชัยภูมิ   ', 'Mueang Chaiyaphum', 3, 25),
(356, '3602', 'บ้านเขว้า   ', 'Ban Khwao', 3, 25),
(357, '3603', 'คอนสวรรค์   ', 'Khon Sawan', 3, 25),
(358, '3604', 'เกษตรสมบูรณ์   ', 'Kaset Sombun', 3, 25),
(359, '3605', 'หนองบัวแดง   ', 'Nong Bua Daeng', 3, 25),
(360, '3606', 'จัตุรัส   ', 'Chatturat', 3, 25),
(361, '3607', 'บำเหน็จณรงค์   ', 'Bamnet Narong', 3, 25),
(362, '3608', 'หนองบัวระเหว   ', 'Nong Bua Rawe', 3, 25),
(363, '3609', 'เทพสถิต   ', 'Thep Sathit', 3, 25),
(364, '3610', 'ภูเขียว   ', 'Phu Khiao', 3, 25),
(365, '3611', 'บ้านแท่น   ', 'Ban Thaen', 3, 25),
(366, '3612', 'แก้งคร้อ   ', 'Kaeng Khro', 3, 25),
(367, '3613', 'คอนสาร   ', 'Khon San', 3, 25),
(368, '3614', 'ภักดีชุมพล   ', 'Phakdi Chumphon', 3, 25),
(369, '3615', 'เนินสง่า   ', 'Noen Sa-nga', 3, 25),
(370, '3616', 'ซับใหญ่   ', 'Sap Yai', 3, 25),
(371, '3651', 'เมืองชัยภูมิ (สาขาตำบลโนนสำราญ)*   ', 'Mueang Chaiyaphum(Non Sumran)*', 3, 25),
(372, '3652', 'สาขาตำบลบ้านหว่าเฒ่า*   ', 'Ban Wha Tao*', 3, 25),
(373, '3653', 'หนองบัวแดง (สาขาตำบลวังชมภู)*   ', 'Nong Bua Daeng', 3, 25),
(374, '3654', 'กิ่งอำเภอซับใหญ่ (สาขาตำบลซับใหญ่)*   ', 'King Amphoe Sap Yai*', 3, 25),
(375, '3655', 'สาขาตำบลโคกเพชร*   ', 'Coke Phet*', 3, 25),
(376, '3656', 'เทพสถิต (สาขาตำบลนายางกลัก)*   ', 'Thep Sathit*', 3, 25),
(377, '3657', 'บ้านแท่น (สาขาตำบลบ้านเต่า)*   ', 'Ban Thaen', 3, 25),
(378, '3658', 'แก้งคร้อ (สาขาตำบลท่ามะไฟหวาน)*   ', 'Kaeng Khro*', 3, 25),
(379, '3659', 'คอนสาร (สาขาตำบลโนนคูณ)*   ', 'Khon San*', 3, 25),
(380, '3701', 'เมืองอำนาจเจริญ   ', 'Mueang Amnat Charoen', 3, 26),
(381, '3702', 'ชานุมาน   ', 'Chanuman', 3, 26),
(382, '3703', 'ปทุมราชวงศา   ', 'Pathum Ratchawongsa', 3, 26),
(383, '3704', 'พนา   ', 'Phana', 3, 26),
(384, '3705', 'เสนางคนิคม   ', 'Senangkhanikhom', 3, 26),
(385, '3706', 'หัวตะพาน   ', 'Hua Taphan', 3, 26),
(386, '3707', 'ลืออำนาจ   ', 'Lue Amnat', 3, 26),
(387, '3901', 'เมืองหนองบัวลำภู   ', 'Mueang Nong Bua Lam Phu', 3, 27),
(388, '3902', 'นากลาง   ', 'Na Klang', 3, 27),
(389, '3903', 'โนนสัง   ', 'Non Sang', 3, 27),
(390, '3904', 'ศรีบุญเรือง   ', 'Si Bun Rueang', 3, 27),
(391, '3905', 'สุวรรณคูหา   ', 'Suwannakhuha', 3, 27),
(392, '3906', 'นาวัง   ', 'Na Wang', 3, 27),
(393, '4001', 'เมืองขอนแก่น   ', 'Mueang Khon Kaen', 3, 28),
(394, '4002', 'บ้านฝาง   ', 'Ban Fang', 3, 28),
(395, '4003', 'พระยืน   ', 'Phra Yuen', 3, 28),
(396, '4004', 'หนองเรือ   ', 'Nong Ruea', 3, 28),
(397, '4005', 'ชุมแพ   ', 'Chum Phae', 3, 28),
(398, '4006', 'สีชมพู   ', 'Si Chomphu', 3, 28),
(399, '4007', 'น้ำพอง   ', 'Nam Phong', 3, 28),
(400, '4008', 'อุบลรัตน์   ', 'Ubolratana', 3, 28),
(401, '4009', 'กระนวน   ', 'Kranuan', 3, 28),
(402, '4010', 'บ้านไผ่   ', 'Ban Phai', 3, 28),
(403, '4011', 'เปือยน้อย   ', 'Pueai Noi', 3, 28),
(404, '4012', 'พล   ', 'Phon', 3, 28),
(405, '4013', 'แวงใหญ่   ', 'Waeng Yai', 3, 28),
(406, '4014', 'แวงน้อย   ', 'Waeng Noi', 3, 28),
(407, '4015', 'หนองสองห้อง   ', 'Nong Song Hong', 3, 28),
(408, '4016', 'ภูเวียง   ', 'Phu Wiang', 3, 28),
(409, '4017', 'มัญจาคีรี   ', 'Mancha Khiri', 3, 28),
(410, '4018', 'ชนบท   ', 'Chonnabot', 3, 28),
(411, '4019', 'เขาสวนกวาง   ', 'Khao Suan Kwang', 3, 28),
(412, '4020', 'ภูผาม่าน   ', 'Phu Pha Man', 3, 28),
(413, '4021', 'ซำสูง   ', 'Sam Sung', 3, 28),
(414, '4022', 'โคกโพธิ์ไชย   ', 'Khok Pho Chai', 3, 28),
(415, '4023', 'หนองนาคำ   ', 'Nong Na Kham', 3, 28),
(416, '4024', 'บ้านแฮด   ', 'Ban Haet', 3, 28),
(417, '4025', 'โนนศิลา   ', 'Non Sila', 3, 28),
(418, '4029', 'เวียงเก่า   ', 'Wiang Kao', 3, 28),
(419, '4068', 'ท้องถิ่นเทศบาลตำบลบ้านเป็ด*   ', 'Ban Pet*', 3, 28),
(420, '4098', 'เทศบาลตำบลเมืองพล*   ', 'Tet Saban Tambon Muang Phon*', 3, 28),
(421, '4101', 'เมืองอุดรธานี   ', 'Mueang Udon Thani', 3, 29),
(422, '4102', 'กุดจับ   ', 'Kut Chap', 3, 29),
(423, '4103', 'หนองวัวซอ   ', 'Nong Wua So', 3, 29),
(424, '4104', 'กุมภวาปี   ', 'Kumphawapi', 3, 29),
(425, '4105', 'โนนสะอาด   ', 'Non Sa-at', 3, 29),
(426, '4106', 'หนองหาน   ', 'Nong Han', 3, 29),
(427, '4107', 'ทุ่งฝน   ', 'Thung Fon', 3, 29),
(428, '4108', 'ไชยวาน   ', 'Chai Wan', 3, 29),
(429, '4109', 'ศรีธาตุ   ', 'Si That', 3, 29),
(430, '4110', 'วังสามหมอ   ', 'Wang Sam Mo', 3, 29),
(431, '4111', 'บ้านดุง   ', 'Ban Dung', 3, 29),
(432, '4112', '*หนองบัวลำภู   ', '*Nong Bua Lam Phu', 3, 29),
(433, '4113', '*ศรีบุญเรือง   ', '*Si Bun Rueang', 3, 29),
(434, '4114', '*นากลาง   ', '*Na Klang', 3, 29),
(435, '4115', '*สุวรรณคูหา   ', '*Suwannakhuha', 3, 29),
(436, '4116', '*โนนสัง   ', '*Non Sang', 3, 29),
(437, '4117', 'บ้านผือ   ', 'Ban Phue', 3, 29),
(438, '4118', 'น้ำโสม   ', 'Nam Som', 3, 29),
(439, '4119', 'เพ็ญ   ', 'Phen', 3, 29),
(440, '4120', 'สร้างคอม   ', 'Sang Khom', 3, 29),
(441, '4121', 'หนองแสง   ', 'Nong Saeng', 3, 29),
(442, '4122', 'นายูง   ', 'Na Yung', 3, 29),
(443, '4123', 'พิบูลย์รักษ์   ', 'Phibun Rak', 3, 29),
(444, '4124', 'กู่แก้ว   ', 'Ku Kaeo', 3, 29),
(445, '4125', 'ประจักษ์ศิลปาคม   ', 'rachak-sinlapakhom', 3, 29),
(446, '4201', 'เมืองเลย   ', 'Mueang Loei', 3, 30),
(447, '4202', 'นาด้วง   ', 'Na Duang', 3, 30),
(448, '4203', 'เชียงคาน   ', 'Chiang Khan', 3, 30),
(449, '4204', 'ปากชม   ', 'Pak Chom', 3, 30),
(450, '4205', 'ด่านซ้าย   ', 'Dan Sai', 3, 30),
(451, '4206', 'นาแห้ว   ', 'Na Haeo', 3, 30),
(452, '4207', 'ภูเรือ   ', 'Phu Ruea', 3, 30),
(453, '4208', 'ท่าลี่   ', 'Tha Li', 3, 30),
(454, '4209', 'วังสะพุง   ', 'Wang Saphung', 3, 30),
(455, '4210', 'ภูกระดึง   ', 'Phu Kradueng', 3, 30),
(456, '4211', 'ภูหลวง   ', 'Phu Luang', 3, 30),
(457, '4212', 'ผาขาว   ', 'Pha Khao', 3, 30),
(458, '4213', 'เอราวัณ   ', 'Erawan', 3, 30),
(459, '4214', 'หนองหิน   ', 'Nong Hin', 3, 30),
(460, '4301', 'เมืองหนองคาย   ', 'Mueang Nong Khai', 3, 31),
(461, '4302', 'ท่าบ่อ   ', 'Tha Bo', 3, 31),
(462, '4303', 'เมืองบึงกาฬ   ', 'Mueang Bueng Kan', 3, 97),
(463, '4304', 'พรเจริญ   ', 'Phon Charoen', 3, 97),
(464, '4305', 'โพนพิสัย   ', 'Phon Phisai', 3, 31),
(465, '4306', 'โซ่พิสัย   ', 'So Phisai', 3, 97),
(466, '4307', 'ศรีเชียงใหม่   ', 'Si Chiang Mai', 3, 31),
(467, '4308', 'สังคม   ', 'Sangkhom', 3, 31),
(468, '4309', 'เซกา   ', 'Seka', 3, 97),
(469, '4310', 'ปากคาด   ', 'Pak Khat', 3, 97),
(470, '4311', 'บึงโขงหลง   ', 'Bueng Khong Long', 3, 97),
(471, '4312', 'ศรีวิไล   ', 'Si Wilai', 3, 97),
(472, '4313', 'บุ่งคล้า   ', 'Bung Khla', 3, 97),
(473, '4314', 'สระใคร   ', 'Sakhrai', 3, 31),
(474, '4315', 'เฝ้าไร่   ', 'Fao Rai', 3, 31),
(475, '4316', 'รัตนวาปี   ', 'Rattanawapi', 3, 31),
(476, '4317', 'โพธิ์ตาก   ', 'Pho Tak', 3, 31),
(477, '4401', 'เมืองมหาสารคาม   ', 'Mueang Maha Sarakham', 3, 32),
(478, '4402', 'แกดำ   ', 'Kae Dam', 3, 32),
(479, '4403', 'โกสุมพิสัย   ', 'Kosum Phisai', 3, 32),
(480, '4404', 'กันทรวิชัย   ', 'Kantharawichai', 3, 32),
(481, '4405', 'เชียงยืน   ', 'Kantharawichai', 3, 32),
(482, '4406', 'บรบือ   ', 'Borabue', 3, 32),
(483, '4407', 'นาเชือก   ', 'Na Chueak', 3, 32),
(484, '4408', 'พยัคฆภูมิพิสัย   ', 'Phayakkhaphum Phisai', 3, 32),
(485, '4409', 'วาปีปทุม   ', 'Wapi Pathum', 3, 32),
(486, '4410', 'นาดูน   ', 'Na Dun', 3, 32),
(487, '4411', 'ยางสีสุราช   ', 'Yang Sisurat', 3, 32),
(488, '4412', 'กุดรัง   ', 'Kut Rang', 3, 32),
(489, '4413', 'ชื่นชม   ', 'Chuen Chom', 3, 32),
(490, '4481', '*หลุบ   ', '*Lub', 3, 32),
(491, '4501', 'เมืองร้อยเอ็ด   ', 'Mueang Roi Et', 3, 33),
(492, '4502', 'เกษตรวิสัย   ', 'Kaset Wisai', 3, 33),
(493, '4503', 'ปทุมรัตต์   ', 'Pathum Rat', 3, 33),
(494, '4504', 'จตุรพักตรพิมาน   ', 'Chaturaphak Phiman', 3, 33),
(495, '4505', 'ธวัชบุรี   ', 'Thawat Buri', 3, 33),
(496, '4506', 'พนมไพร   ', 'Phanom Phrai', 3, 33),
(497, '4507', 'โพนทอง   ', 'Phon Thong', 3, 33),
(498, '4508', 'โพธิ์ชัย   ', 'Pho Chai', 3, 33),
(499, '4509', 'หนองพอก   ', 'Nong Phok', 3, 33),
(500, '4510', 'เสลภูมิ   ', 'Selaphum', 3, 33),
(501, '4511', 'สุวรรณภูมิ   ', 'Suwannaphum', 3, 33),
(502, '4512', 'เมืองสรวง   ', 'Mueang Suang', 3, 33),
(503, '4513', 'โพนทราย   ', 'Phon Sai', 3, 33),
(504, '4514', 'อาจสามารถ   ', 'At Samat', 3, 33),
(505, '4515', 'เมยวดี   ', 'Moei Wadi', 3, 33),
(506, '4516', 'ศรีสมเด็จ   ', 'Si Somdet', 3, 33),
(507, '4517', 'จังหาร   ', 'Changhan', 3, 33),
(508, '4518', 'เชียงขวัญ   ', 'Chiang Khwan', 3, 33),
(509, '4519', 'หนองฮี   ', 'Nong Hi', 3, 33),
(510, '4520', 'ทุ่งเขาหลวง   ', 'Thung Khao Luangกิ่', 3, 33),
(511, '4601', 'เมืองกาฬสินธุ์   ', 'Mueang Kalasin', 3, 34),
(512, '4602', 'นามน   ', 'Na Mon', 3, 34),
(513, '4603', 'กมลาไสย   ', 'Kamalasai', 3, 34),
(514, '4604', 'ร่องคำ   ', 'Rong Kham', 3, 34),
(515, '4605', 'กุฉินารายณ์   ', 'Kuchinarai', 3, 34),
(516, '4606', 'เขาวง   ', 'Khao Wong', 3, 34),
(517, '4607', 'ยางตลาด   ', 'Yang Talat', 3, 34),
(518, '4608', 'ห้วยเม็ก   ', 'Huai Mek', 3, 34),
(519, '4609', 'สหัสขันธ์   ', 'Sahatsakhan', 3, 34),
(520, '4610', 'คำม่วง   ', 'Kham Muang', 3, 34),
(521, '4611', 'ท่าคันโท   ', 'Tha Khantho', 3, 34),
(522, '4612', 'หนองกุงศรี   ', 'Nong Kung Si', 3, 34),
(523, '4613', 'สมเด็จ   ', 'Somdet', 3, 34),
(524, '4614', 'ห้วยผึ้ง   ', 'Huai Phueng', 3, 34),
(525, '4615', 'สามชัย   ', 'Sam Chai', 3, 34),
(526, '4616', 'นาคู   ', 'Na Khu', 3, 34),
(527, '4617', 'ดอนจาน   ', 'Don Chan', 3, 34),
(528, '4618', 'ฆ้องชัย   ', 'Khong Chai', 3, 34),
(529, '4701', 'เมืองสกลนคร   ', 'Mueang Sakon Nakhon', 3, 35),
(530, '4702', 'กุสุมาลย์   ', 'Kusuman', 3, 35),
(531, '4703', 'กุดบาก   ', 'Kut Bak', 3, 35),
(532, '4704', 'พรรณานิคม   ', 'Phanna Nikhom', 3, 35),
(533, '4705', 'พังโคน   ', 'Phang Khon', 3, 35),
(534, '4706', 'วาริชภูมิ   ', 'Waritchaphum', 3, 35),
(535, '4707', 'นิคมน้ำอูน   ', 'Nikhom Nam Un', 3, 35),
(536, '4708', 'วานรนิวาส   ', 'Wanon Niwat', 3, 35),
(537, '4709', 'คำตากล้า   ', 'Kham Ta Kla', 3, 35),
(538, '4710', 'บ้านม่วง   ', 'Ban Muang', 3, 35),
(539, '4711', 'อากาศอำนวย   ', 'Akat Amnuai', 3, 35),
(540, '4712', 'สว่างแดนดิน   ', 'Sawang Daen Din', 3, 35),
(541, '4713', 'ส่องดาว   ', 'Song Dao', 3, 35),
(542, '4714', 'เต่างอย   ', 'Tao Ngoi', 3, 35),
(543, '4715', 'โคกศรีสุพรรณ   ', 'Khok Si Suphan', 3, 35),
(544, '4716', 'เจริญศิลป์   ', 'Charoen Sin', 3, 35),
(545, '4717', 'โพนนาแก้ว   ', 'Phon Na Kaeo', 3, 35),
(546, '4718', 'ภูพาน   ', 'Phu Phan', 3, 35),
(547, '4751', 'วานรนิวาส (สาขาตำบลกุดเรือคำ)*   ', 'Wanon Niwat', 3, 35),
(548, '4781', '*อ.บ้านหัน  จ.สกลนคร   ', '*Banhan', 3, 35),
(549, '4801', 'เมืองนครพนม   ', 'Mueang Nakhon Phanom', 3, 36),
(550, '4802', 'ปลาปาก   ', 'Pla Pak', 3, 36),
(551, '4803', 'ท่าอุเทน   ', 'Tha Uthen', 3, 36),
(552, '4804', 'บ้านแพง   ', 'Ban Phaeng', 3, 36),
(553, '4805', 'ธาตุพนม   ', 'That Phanom', 3, 36),
(554, '4806', 'เรณูนคร   ', 'Renu Nakhon', 3, 36),
(555, '4807', 'นาแก   ', 'Na Kae', 3, 36),
(556, '4808', 'ศรีสงคราม   ', 'Si Songkhram', 3, 36),
(557, '4809', 'นาหว้า   ', 'Na Wa', 3, 36),
(558, '4810', 'โพนสวรรค์   ', 'Phon Sawan', 3, 36),
(559, '4811', 'นาทม   ', 'Na Thom', 3, 36),
(560, '4812', 'วังยาง   ', 'Wang Yang', 3, 36),
(561, '4901', 'เมืองมุกดาหาร   ', 'Mueang Mukdahan', 3, 37),
(562, '4902', 'นิคมคำสร้อย   ', 'Nikhom Kham Soi', 3, 37),
(563, '4903', 'ดอนตาล   ', 'Don Tan', 3, 37),
(564, '4904', 'ดงหลวง   ', 'Dong Luang', 3, 37),
(565, '4905', 'คำชะอี   ', 'Khamcha-i', 3, 37),
(566, '4906', 'หว้านใหญ่   ', 'Wan Yai', 3, 37),
(567, '4907', 'หนองสูง   ', 'Nong Sung', 3, 37),
(568, '5001', 'เมืองเชียงใหม่   ', 'Mueang Chiang Mai', 1, 38),
(569, '5002', 'จอมทอง   ', 'Chom Thong', 1, 38),
(570, '5003', 'แม่แจ่ม   ', 'Mae Chaem', 1, 38),
(571, '5004', 'เชียงดาว   ', 'Chiang Dao', 1, 38),
(572, '5005', 'ดอยสะเก็ด   ', 'Doi Saket', 1, 38),
(573, '5006', 'แม่แตง   ', 'Mae Taeng', 1, 38),
(574, '5007', 'แม่ริม   ', 'Mae Rim', 1, 38),
(575, '5008', 'สะเมิง   ', 'Samoeng', 1, 38),
(576, '5009', 'ฝาง   ', 'Fang', 1, 38),
(577, '5010', 'แม่อาย   ', 'Mae Ai', 1, 38),
(578, '5011', 'พร้าว   ', 'Phrao', 1, 38),
(579, '5012', 'สันป่าตอง   ', 'San Pa Tong', 1, 38),
(580, '5013', 'สันกำแพง   ', 'San Kamphaeng', 1, 38),
(581, '5014', 'สันทราย   ', 'San Sai', 1, 38),
(582, '5015', 'หางดง   ', 'Hang Dong', 1, 38),
(583, '5016', 'ฮอด   ', 'Hot', 1, 38),
(584, '5017', 'ดอยเต่า   ', 'Doi Tao', 1, 38),
(585, '5018', 'อมก๋อย   ', 'Omkoi', 1, 38),
(586, '5019', 'สารภี   ', 'Saraphi', 1, 38),
(587, '5020', 'เวียงแหง   ', 'Wiang Haeng', 1, 38),
(588, '5021', 'ไชยปราการ   ', 'Chai Prakan', 1, 38),
(589, '5022', 'แม่วาง   ', 'Mae Wang', 1, 38),
(590, '5023', 'แม่ออน   ', 'Mae On', 1, 38),
(591, '5024', 'ดอยหล่อ   ', 'Doi Lo', 1, 38),
(592, '5051', 'เทศบาลนครเชียงใหม่ (สาขาแขวงกาลวิละ)*   ', 'Tet Saban Nakorn Chiangmai(Kan lawi la)*', 1, 38),
(593, '5052', 'เทศบาลนครเชียงใหม่ (สาขาแขวงศรีวิชั)*   ', 'Tet Saban Nakorn Chiangmai(Sri Wi)*', 1, 38),
(594, '5053', 'เทศบาลนครเชียงใหม่ (สาขาเม็งราย)*   ', 'Tet Saban Nakorn Chiangmai(Meng Rai)*', 1, 38),
(595, '5101', 'เมืองลำพูน   ', 'Mueang Lamphun', 1, 39),
(596, '5102', 'แม่ทา   ', 'Mae Tha', 1, 39),
(597, '5103', 'บ้านโฮ่ง   ', 'Ban Hong', 1, 39),
(598, '5104', 'ลี้   ', 'Li', 1, 39),
(599, '5105', 'ทุ่งหัวช้าง   ', 'Thung Hua Chang', 1, 39),
(600, '5106', 'ป่าซาง   ', 'Pa Sang', 1, 39),
(601, '5107', 'บ้านธิ   ', 'Ban Thi', 1, 39),
(602, '5108', 'เวียงหนองล่อง   ', 'Wiang Nong Long', 1, 39),
(603, '5201', 'เมืองลำปาง   ', 'Mueang Lampang', 1, 40),
(604, '5202', 'แม่เมาะ   ', 'Mae Mo', 1, 40),
(605, '5203', 'เกาะคา   ', 'Ko Kha', 1, 40),
(606, '5204', 'เสริมงาม   ', 'Soem Ngam', 1, 40),
(607, '5205', 'งาว   ', 'Ngao', 1, 40),
(608, '5206', 'แจ้ห่ม   ', 'Chae Hom', 1, 40),
(609, '5207', 'วังเหนือ   ', 'Wang Nuea', 1, 40),
(610, '5208', 'เถิน   ', 'Thoen', 1, 40),
(611, '5209', 'แม่พริก   ', 'Mae Phrik', 1, 40),
(612, '5210', 'แม่ทะ   ', 'Mae Tha', 1, 40),
(613, '5211', 'สบปราบ   ', 'Sop Prap', 1, 40),
(614, '5212', 'ห้างฉัตร   ', 'Hang Chat', 1, 40),
(615, '5213', 'เมืองปาน   ', 'Mueang Pan', 1, 40),
(616, '5301', 'เมืองอุตรดิตถ์   ', 'Mueang Uttaradit', 1, 41),
(617, '5302', 'ตรอน   ', 'Tron', 1, 41),
(618, '5303', 'ท่าปลา   ', 'Tha Pla', 1, 41),
(619, '5304', 'น้ำปาด   ', 'Nam Pat', 1, 41),
(620, '5305', 'ฟากท่า   ', 'Fak Tha', 1, 41),
(621, '5306', 'บ้านโคก   ', 'Ban Khok', 1, 41),
(622, '5307', 'พิชัย   ', 'Phichai', 1, 41),
(623, '5308', 'ลับแล   ', 'Laplae', 1, 41),
(624, '5309', 'ทองแสนขัน   ', 'Thong Saen Khan', 1, 41),
(625, '5401', 'เมืองแพร่   ', 'Mueang Phrae', 1, 42),
(626, '5402', 'ร้องกวาง   ', 'Rong Kwang', 1, 42),
(627, '5403', 'ลอง   ', 'Long', 1, 42),
(628, '5404', 'สูงเม่น   ', 'Sung Men', 1, 42),
(629, '5405', 'เด่นชัย   ', 'Den Chai', 1, 42),
(630, '5406', 'สอง   ', 'Song', 1, 42),
(631, '5407', 'วังชิ้น   ', 'Wang Chin', 1, 42),
(632, '5408', 'หนองม่วงไข่   ', 'Nong Muang Khai', 1, 42),
(633, '5501', 'เมืองน่าน   ', 'Mueang Nan', 1, 43),
(634, '5502', 'แม่จริม   ', 'Mae Charim', 1, 43),
(635, '5503', 'บ้านหลวง   ', 'Ban Luang', 1, 43),
(636, '5504', 'นาน้อย   ', 'Na Noi', 1, 43),
(637, '5505', 'ปัว   ', 'Pua', 1, 43),
(638, '5506', 'ท่าวังผา   ', 'Tha Wang Pha', 1, 43),
(639, '5507', 'เวียงสา   ', 'Wiang Sa', 1, 43),
(640, '5508', 'ทุ่งช้าง   ', 'Thung Chang', 1, 43),
(641, '5509', 'เชียงกลาง   ', 'Chiang Klang', 1, 43),
(642, '5510', 'นาหมื่น   ', 'Na Muen', 1, 43),
(643, '5511', 'สันติสุข   ', 'Santi Suk', 1, 43),
(644, '5512', 'บ่อเกลือ   ', 'Bo Kluea', 1, 43),
(645, '5513', 'สองแคว   ', 'Song Khwae', 1, 43),
(646, '5514', 'ภูเพียง   ', 'Phu Phiang', 1, 43),
(647, '5515', 'เฉลิมพระเกียรติ   ', 'Chaloem Phra Kiat', 1, 43),
(648, '5601', 'เมืองพะเยา   ', 'Mueang Phayao', 1, 44),
(649, '5602', 'จุน   ', 'Chun', 1, 44),
(650, '5603', 'เชียงคำ   ', 'Chiang Kham', 1, 44),
(651, '5604', 'เชียงม่วน   ', 'Chiang Muan', 1, 44),
(652, '5605', 'ดอกคำใต้   ', 'Dok Khamtai', 1, 44),
(653, '5606', 'ปง   ', 'Pong', 1, 44),
(654, '5607', 'แม่ใจ   ', 'Mae Chai', 1, 44),
(655, '5608', 'ภูซาง   ', 'Phu Sang', 1, 44),
(656, '5609', 'ภูกามยาว   ', 'Phu Kamyao', 1, 44),
(657, '5701', 'เมืองเชียงราย   ', 'Mueang Chiang Rai', 1, 45),
(658, '5702', 'เวียงชัย   ', 'Wiang Chai', 1, 45),
(659, '5703', 'เชียงของ   ', 'Chiang Khong', 1, 45),
(660, '5704', 'เทิง   ', 'Thoeng', 1, 45),
(661, '5705', 'พาน   ', 'Phan', 1, 45),
(662, '5706', 'ป่าแดด   ', 'Pa Daet', 1, 45),
(663, '5707', 'แม่จัน   ', 'Mae Chan', 1, 45),
(664, '5708', 'เชียงแสน   ', 'Chiang Saen', 1, 45),
(665, '5709', 'แม่สาย   ', 'Mae Sai', 1, 45),
(666, '5710', 'แม่สรวย   ', 'Mae Suai', 1, 45),
(667, '5711', 'เวียงป่าเป้า   ', 'Wiang Pa Pao', 1, 45),
(668, '5712', 'พญาเม็งราย   ', 'Phaya Mengrai', 1, 45),
(669, '5713', 'เวียงแก่น   ', 'Wiang Kaen', 1, 45),
(670, '5714', 'ขุนตาล   ', 'Khun Tan', 1, 45),
(671, '5715', 'แม่ฟ้าหลวง   ', 'Mae Fa Luang', 1, 45),
(672, '5716', 'แม่ลาว   ', 'Mae Lao', 1, 45),
(673, '5717', 'เวียงเชียงรุ้ง   ', 'Wiang Chiang Rung', 1, 45),
(674, '5718', 'ดอยหลวง   ', 'Doi Luang', 1, 45),
(675, '5801', 'เมืองแม่ฮ่องสอน   ', 'Mueang Mae Hong Son', 1, 46),
(676, '5802', 'ขุนยวม   ', 'Khun Yuam', 1, 46),
(677, '5803', 'ปาย   ', 'Pai', 1, 46),
(678, '5804', 'แม่สะเรียง   ', 'Mae Sariang', 1, 46),
(679, '5805', 'แม่ลาน้อย   ', 'Mae La Noi', 1, 46),
(680, '5806', 'สบเมย   ', 'Sop Moei', 1, 46),
(681, '5807', 'ปางมะผ้า   ', 'Pang Mapha', 1, 46),
(682, '5881', '*อ.ม่วยต่อ  จ.แม่ฮ่องสอน   ', 'Muen Tor', 1, 46),
(683, '6001', 'เมืองนครสวรรค์   ', 'Mueang Nakhon Sawan', 2, 47),
(684, '6002', 'โกรกพระ   ', 'Krok Phra', 2, 47),
(685, '6003', 'ชุมแสง   ', 'Chum Saeng', 2, 47),
(686, '6004', 'หนองบัว   ', 'Nong Bua', 2, 47),
(687, '6005', 'บรรพตพิสัย   ', 'Banphot Phisai', 2, 47),
(688, '6006', 'เก้าเลี้ยว   ', 'Kao Liao', 2, 47),
(689, '6007', 'ตาคลี   ', 'Takhli', 2, 47),
(690, '6008', 'ท่าตะโก   ', 'Takhli', 2, 47),
(691, '6009', 'ไพศาลี   ', 'Phaisali', 2, 47),
(692, '6010', 'พยุหะคีรี   ', 'Phayuha Khiri', 2, 47),
(693, '6011', 'ลาดยาว   ', 'Phayuha Khiri', 2, 47),
(694, '6012', 'ตากฟ้า   ', 'Tak Fa', 2, 47),
(695, '6013', 'แม่วงก์   ', 'Mae Wong', 2, 47),
(696, '6014', 'แม่เปิน   ', 'Mae Poen', 2, 47),
(697, '6015', 'ชุมตาบง   ', 'Chum Ta Bong', 2, 47),
(698, '6051', 'สาขาตำบลห้วยน้ำหอม*   ', 'Huen Nam Hom', 2, 47),
(699, '6052', 'กิ่งอำเภอชุมตาบง (สาขาตำบลชุมตาบง)*   ', 'Chum Ta Bong', 2, 47),
(700, '6053', 'แม่วงก์ (สาขาตำบลแม่เล่ย์)*   ', 'Mea Ley', 2, 47),
(701, '6101', 'เมืองอุทัยธานี   ', 'Mueang Uthai Thani', 2, 48),
(702, '6102', 'ทัพทัน   ', 'Thap Than', 2, 48),
(703, '6103', 'สว่างอารมณ์   ', 'Sawang Arom', 2, 48),
(704, '6104', 'หนองฉาง   ', 'Nong Chang', 2, 48),
(705, '6105', 'หนองขาหย่าง   ', 'Nong Khayang', 2, 48),
(706, '6106', 'บ้านไร่   ', 'Ban Rai', 2, 48),
(707, '6107', 'ลานสัก   ', 'Lan Sak', 2, 48),
(708, '6108', 'ห้วยคต   ', 'Huai Khot', 2, 48),
(709, '6201', 'เมืองกำแพงเพชร   ', 'Mueang Kamphaeng Phet', 2, 49),
(710, '6202', 'ไทรงาม   ', 'Sai Ngam', 2, 49),
(711, '6203', 'คลองลาน   ', 'Khlong Lan', 2, 49),
(712, '6204', 'ขาณุวรลักษบุรี   ', 'Khanu Woralaksaburi', 2, 49),
(713, '6205', 'คลองขลุง   ', 'Khlong Khlung', 2, 49),
(714, '6206', 'พรานกระต่าย   ', 'Phran Kratai', 2, 49),
(715, '6207', 'ลานกระบือ   ', 'Lan Krabue', 2, 49),
(716, '6208', 'ทรายทองวัฒนา   ', 'Sai Thong Watthana', 2, 49),
(717, '6209', 'ปางศิลาทอง   ', 'Pang Sila Thong', 2, 49),
(718, '6210', 'บึงสามัคคี   ', 'Bueng Samakkhi', 2, 49),
(719, '6211', 'โกสัมพีนคร   ', 'Kosamphi Nakhon', 2, 49),
(720, '6301', 'เมืองตาก   ', 'Mueang Tak', 4, 50),
(721, '6302', 'บ้านตาก   ', 'Ban Tak', 4, 50),
(722, '6303', 'สามเงา   ', 'Sam Ngao', 4, 50),
(723, '6304', 'แม่ระมาด   ', 'Mae Ramat', 4, 50),
(724, '6305', 'ท่าสองยาง   ', 'Tha Song Yang', 4, 50),
(725, '6306', 'แม่สอด   ', 'Mae Sot', 4, 50),
(726, '6307', 'พบพระ   ', 'Phop Phra', 4, 50),
(727, '6308', 'อุ้มผาง   ', 'Umphang', 4, 50),
(728, '6309', 'วังเจ้า   ', 'Wang Chao', 4, 50),
(729, '6381', '*กิ่ง อ.ท่าปุย  จ.ตาก   ', '*King Ta Pui', 4, 50);
INSERT INTO `amphur` (`AMPHUR_ID`, `AMPHUR_CODE`, `AMPHUR_NAME`, `AMPHUR_NAME_ENG`, `GEO_ID`, `PROVINCE_ID`) VALUES
(730, '6401', 'เมืองสุโขทัย   ', 'Mueang Sukhothai', 2, 51),
(731, '6402', 'บ้านด่านลานหอย   ', 'Ban Dan Lan Hoi', 2, 51),
(732, '6403', 'คีรีมาศ   ', 'Khiri Mat', 2, 51),
(733, '6404', 'กงไกรลาศ   ', 'Kong Krailat', 2, 51),
(734, '6405', 'ศรีสัชนาลัย   ', 'Si Satchanalai', 2, 51),
(735, '6406', 'ศรีสำโรง   ', 'Si Samrong', 2, 51),
(736, '6407', 'สวรรคโลก   ', 'Sawankhalok', 2, 51),
(737, '6408', 'ศรีนคร   ', 'Si Nakhon', 2, 51),
(738, '6409', 'ทุ่งเสลี่ยม   ', 'Thung Saliam', 2, 51),
(739, '6501', 'เมืองพิษณุโลก   ', 'Mueang Phitsanulok', 2, 52),
(740, '6502', 'นครไทย   ', 'Nakhon Thai', 2, 52),
(741, '6503', 'ชาติตระการ   ', 'Chat Trakan', 2, 52),
(742, '6504', 'บางระกำ   ', 'Bang Rakam', 2, 52),
(743, '6505', 'บางกระทุ่ม   ', 'Bang Krathum', 2, 52),
(744, '6506', 'พรหมพิราม   ', 'Phrom Phiram', 2, 52),
(745, '6507', 'วัดโบสถ์   ', 'Wat Bot', 2, 52),
(746, '6508', 'วังทอง   ', 'Wang Thong', 2, 52),
(747, '6509', 'เนินมะปราง   ', 'Noen Maprang', 2, 52),
(748, '6601', 'เมืองพิจิตร   ', 'Mueang Phichit', 2, 53),
(749, '6602', 'วังทรายพูน   ', 'Wang Sai Phun', 2, 53),
(750, '6603', 'โพธิ์ประทับช้าง   ', 'Pho Prathap Chang', 2, 53),
(751, '6604', 'ตะพานหิน   ', 'Taphan Hin', 2, 53),
(752, '6605', 'บางมูลนาก   ', 'Bang Mun Nak', 2, 53),
(753, '6606', 'โพทะเล   ', 'Pho Thale', 2, 53),
(754, '6607', 'สามง่าม   ', 'Sam Ngam', 2, 53),
(755, '6608', 'ทับคล้อ   ', 'Tap Khlo', 2, 53),
(756, '6609', 'สากเหล็ก   ', 'Sak Lek', 2, 53),
(757, '6610', 'บึงนาราง   ', 'Bueng Na Rang', 2, 53),
(758, '6611', 'ดงเจริญ   ', 'Dong Charoen', 2, 53),
(759, '6612', 'วชิรบารมี   ', 'Wachirabarami', 2, 53),
(760, '6701', 'เมืองเพชรบูรณ์   ', 'Mueang Phetchabun', 2, 54),
(761, '6702', 'ชนแดน   ', 'Chon Daen', 2, 54),
(762, '6703', 'หล่มสัก   ', 'Lom Sak', 2, 54),
(763, '6704', 'หล่มเก่า   ', 'Lom Kao', 2, 54),
(764, '6705', 'วิเชียรบุรี   ', 'Wichian Buri', 2, 54),
(765, '6706', 'ศรีเทพ   ', 'Si Thep', 2, 54),
(766, '6707', 'หนองไผ่   ', 'Nong Phai', 2, 54),
(767, '6708', 'บึงสามพัน   ', 'Bueng Sam Phan', 2, 54),
(768, '6709', 'น้ำหนาว   ', 'Nam Nao', 2, 54),
(769, '6710', 'วังโป่ง   ', 'Wang Pong', 2, 54),
(770, '6711', 'เขาค้อ   ', 'Khao Kho', 2, 54),
(771, '7001', 'เมืองราชบุรี   ', 'Mueang Ratchaburi', 4, 55),
(772, '7002', 'จอมบึง   ', 'Chom Bueng', 4, 55),
(773, '7003', 'สวนผึ้ง   ', 'Suan Phueng', 4, 55),
(774, '7004', 'ดำเนินสะดวก   ', 'Damnoen Saduak', 4, 55),
(775, '7005', 'บ้านโป่ง   ', 'Ban Pong', 4, 55),
(776, '7006', 'บางแพ   ', 'Bang Phae', 4, 55),
(777, '7007', 'โพธาราม   ', 'Photharam', 4, 55),
(778, '7008', 'ปากท่อ   ', 'Pak Tho', 4, 55),
(779, '7009', 'วัดเพลง   ', 'Wat Phleng', 4, 55),
(780, '7010', 'บ้านคา   ', 'Ban Kha', 4, 55),
(781, '7074', 'ท้องถิ่นเทศบาลตำบลบ้านฆ้อง   ', 'Tet Saban Ban Kong', 4, 55),
(782, '7101', 'เมืองกาญจนบุรี   ', 'Mueang Kanchanaburi', 4, 56),
(783, '7102', 'ไทรโยค   ', 'Sai Yok', 4, 56),
(784, '7103', 'บ่อพลอย   ', 'Bo Phloi', 4, 56),
(785, '7104', 'ศรีสวัสดิ์   ', 'Si Sawat', 4, 56),
(786, '7105', 'ท่ามะกา   ', 'Tha Maka', 4, 56),
(787, '7106', 'ท่าม่วง   ', 'Tha Muang', 4, 56),
(788, '7107', 'ทองผาภูมิ   ', 'Pha Phum', 4, 56),
(789, '7108', 'สังขละบุรี   ', 'Sangkhla Buri', 4, 56),
(790, '7109', 'พนมทวน   ', 'Phanom Thuan', 4, 56),
(791, '7110', 'เลาขวัญ   ', 'Lao Khwan', 4, 56),
(792, '7111', 'ด่านมะขามเตี้ย   ', 'Dan Makham Tia', 4, 56),
(793, '7112', 'หนองปรือ   ', 'Nong Prue', 4, 56),
(794, '7113', 'ห้วยกระเจา   ', 'Huai Krachao', 4, 56),
(795, '7151', 'สาขาตำบลท่ากระดาน*   ', 'Tha Kra Dan', 4, 56),
(796, '7181', '*บ้านทวน  จ.กาญจนบุรี   ', '*Ban Tuan', 4, 56),
(797, '7201', 'เมืองสุพรรณบุรี   ', 'Mueang Suphan Buri', 2, 57),
(798, '7202', 'เดิมบางนางบวช   ', 'Doem Bang Nang Buat', 2, 57),
(799, '7203', 'ด่านช้าง   ', 'Dan Chang', 2, 57),
(800, '7204', 'บางปลาม้า   ', 'Bang Pla Ma', 2, 57),
(801, '7205', 'ศรีประจันต์   ', 'Si Prachan', 2, 57),
(802, '7206', 'ดอนเจดีย์   ', 'Don Chedi', 2, 57),
(803, '7207', 'สองพี่น้อง   ', 'Song Phi Nong', 2, 57),
(804, '7208', 'สามชุก   ', 'Sam Chuk', 2, 57),
(805, '7209', 'อู่ทอง   ', 'U Thong', 2, 57),
(806, '7210', 'หนองหญ้าไซ   ', 'Nong Ya Sai', 2, 57),
(807, '7301', 'เมืองนครปฐม   ', 'Mueang Nakhon Pathom', 2, 58),
(808, '7302', 'กำแพงแสน   ', 'Kamphaeng Saen', 2, 58),
(809, '7303', 'นครชัยศรี   ', 'Nakhon Chai Si', 2, 58),
(810, '7304', 'ดอนตูม   ', 'Don Tum', 2, 58),
(811, '7305', 'บางเลน   ', 'Bang Len', 2, 58),
(812, '7306', 'สามพราน   ', 'Sam Phran', 2, 58),
(813, '7307', 'พุทธมณฑล   ', 'Phutthamonthon', 2, 58),
(814, '7401', 'เมืองสมุทรสาคร   ', 'Mueang Samut Sakhon', 2, 59),
(815, '7402', 'กระทุ่มแบน   ', 'Krathum Baen', 2, 59),
(816, '7403', 'บ้านแพ้ว   ', 'Ban Phaeo', 2, 59),
(817, '7501', 'เมืองสมุทรสงคราม   ', 'Mueang Samut Songkhram', 2, 60),
(818, '7502', 'บางคนที   ', 'Bang Khonthi', 2, 60),
(819, '7503', 'อัมพวา   ', 'Amphawa', 2, 60),
(820, '7601', 'เมืองเพชรบุรี   ', 'Mueang Phetchaburi', 4, 61),
(821, '7602', 'เขาย้อย   ', 'Khao Yoi', 4, 61),
(822, '7603', 'หนองหญ้าปล้อง   ', 'Nong Ya Plong', 4, 61),
(823, '7604', 'ชะอำ   ', 'Cha-am', 4, 61),
(824, '7605', 'ท่ายาง   ', 'Tha Yang', 4, 61),
(825, '7606', 'บ้านลาด   ', 'Ban Lat', 4, 61),
(826, '7607', 'บ้านแหลม   ', 'Ban Laem', 4, 61),
(827, '7608', 'แก่งกระจาน   ', 'Kaeng Krachan', 4, 61),
(828, '7701', 'เมืองประจวบคีรีขันธ์   ', 'Mueang Prachuap Khiri Khan', 4, 62),
(829, '7702', 'กุยบุรี   ', 'Kui Buri', 4, 62),
(830, '7703', 'ทับสะแก   ', 'Thap Sakae', 4, 62),
(831, '7704', 'บางสะพาน   ', 'Bang Saphan', 4, 62),
(832, '7705', 'บางสะพานน้อย   ', 'Bang Saphan Noi', 4, 62),
(833, '7706', 'ปราณบุรี   ', 'Pran Buri', 4, 62),
(834, '7707', 'หัวหิน   ', 'Hua Hin', 4, 62),
(835, '7708', 'สามร้อยยอด   ', 'Sam Roi Yot', 4, 62),
(836, '8001', 'เมืองนครศรีธรรมราช   ', 'Mueang Nakhon Si Thammarat', 6, 63),
(837, '8002', 'พรหมคีรี   ', 'Phrom Khiri', 6, 63),
(838, '8003', 'ลานสกา   ', 'Lan Saka', 6, 63),
(839, '8004', 'ฉวาง   ', 'Chawang', 6, 63),
(840, '8005', 'พิปูน   ', 'Phipun', 6, 63),
(841, '8006', 'เชียรใหญ่   ', 'Chian Yai', 6, 63),
(842, '8007', 'ชะอวด   ', 'Cha-uat', 6, 63),
(843, '8008', 'ท่าศาลา   ', 'Tha Sala', 6, 63),
(844, '8009', 'ทุ่งสง   ', 'Thung Song', 6, 63),
(845, '8010', 'นาบอน   ', 'Na Bon', 6, 63),
(846, '8011', 'ทุ่งใหญ่   ', 'Thung Yai', 6, 63),
(847, '8012', 'ปากพนัง   ', 'Pak Phanang', 6, 63),
(848, '8013', 'ร่อนพิบูลย์   ', 'Ron Phibun', 6, 63),
(849, '8014', 'สิชล   ', 'Sichon', 6, 63),
(850, '8015', 'ขนอม   ', 'Khanom', 6, 63),
(851, '8016', 'หัวไทร   ', 'Hua Sai', 6, 63),
(852, '8017', 'บางขัน   ', 'Bang Khan', 6, 63),
(853, '8018', 'ถ้ำพรรณรา   ', 'Tham Phannara', 6, 63),
(854, '8019', 'จุฬาภรณ์   ', 'Chulabhorn', 6, 63),
(855, '8020', 'พระพรหม   ', 'Phra Phrom', 6, 63),
(856, '8021', 'นบพิตำ   ', 'Nopphitam', 6, 63),
(857, '8022', 'ช้างกลาง   ', 'Chang Klang', 6, 63),
(858, '8023', 'เฉลิมพระเกียรติ   ', 'Chaloem Phra Kiat', 6, 63),
(859, '8051', 'เชียรใหญ่ (สาขาตำบลเสือหึง)*   ', 'Chian Yai*', 6, 63),
(860, '8052', 'สาขาตำบลสวนหลวง**   ', 'Suan Luang', 6, 63),
(861, '8053', 'ร่อนพิบูลย์ (สาขาตำบลหินตก)*   ', 'Ron Phibun', 6, 63),
(862, '8054', 'หัวไทร (สาขาตำบลควนชะลิก)*   ', 'Hua Sai', 6, 63),
(863, '8055', 'ทุ่งสง (สาขาตำบลกะปาง)*   ', 'Thung Song', 6, 63),
(864, '8101', 'เมืองกระบี่   ', 'Mueang Krabi', 6, 64),
(865, '8102', 'เขาพนม   ', 'Khao Phanom', 6, 64),
(866, '8103', 'เกาะลันตา   ', 'Ko Lanta', 6, 64),
(867, '8104', 'คลองท่อม   ', 'Khlong Thom', 6, 64),
(868, '8105', 'อ่าวลึก   ', 'Ao Luek', 6, 64),
(869, '8106', 'ปลายพระยา   ', 'Plai Phraya', 6, 64),
(870, '8107', 'ลำทับ   ', 'Lam Thap', 6, 64),
(871, '8108', 'เหนือคลอง   ', 'Nuea Khlong', 6, 64),
(872, '8201', 'เมืองพังงา   ', 'Mueang Phang-nga', 6, 65),
(873, '8202', 'เกาะยาว   ', 'Ko Yao', 6, 65),
(874, '8203', 'กะปง   ', 'Kapong', 6, 65),
(875, '8204', 'ตะกั่วทุ่ง   ', 'Takua Thung', 6, 65),
(876, '8205', 'ตะกั่วป่า   ', 'Takua Pa', 6, 65),
(877, '8206', 'คุระบุรี   ', 'Khura Buri', 6, 65),
(878, '8207', 'ทับปุด   ', 'Thap Put', 6, 65),
(879, '8208', 'ท้ายเหมือง   ', 'Thai Mueang', 6, 65),
(880, '8301', 'เมืองภูเก็ต   ', 'Mueang Phuket', 6, 66),
(881, '8302', 'กะทู้   ', 'Kathu', 6, 66),
(882, '8303', 'ถลาง   ', 'Thalang', 6, 66),
(883, '8381', '*ทุ่งคา   ', '*Tung Ka', 6, 66),
(884, '8401', 'เมืองสุราษฎร์ธานี   ', 'Mueang Surat Thani', 6, 67),
(885, '8402', 'กาญจนดิษฐ์   ', 'Kanchanadit', 6, 67),
(886, '8403', 'ดอนสัก   ', 'Don Sak', 6, 67),
(887, '8404', 'เกาะสมุย   ', 'Ko Samui', 6, 67),
(888, '8405', 'เกาะพะงัน   ', 'Ko Pha-ngan', 6, 67),
(889, '8406', 'ไชยา   ', 'Chaiya', 6, 67),
(890, '8407', 'ท่าชนะ   ', 'Tha Chana', 6, 67),
(891, '8408', 'คีรีรัฐนิคม   ', 'Khiri Rat Nikhom', 6, 67),
(892, '8409', 'บ้านตาขุน   ', 'Ban Ta Khun', 6, 67),
(893, '8410', 'พนม   ', 'Phanom', 6, 67),
(894, '8411', 'ท่าฉาง   ', 'Tha Chang', 6, 67),
(895, '8412', 'บ้านนาสาร   ', 'Ban Na San', 6, 67),
(896, '8413', 'บ้านนาเดิม   ', 'Ban Na Doem', 6, 67),
(897, '8414', 'เคียนซา   ', 'Khian Sa', 6, 67),
(898, '8415', 'เวียงสระ   ', 'Wiang Sa', 6, 67),
(899, '8416', 'พระแสง   ', 'Phrasaeng', 6, 67),
(900, '8417', 'พุนพิน   ', 'Phunphin', 6, 67),
(901, '8418', 'ชัยบุรี   ', 'Chai Buri', 6, 67),
(902, '8419', 'วิภาวดี   ', 'Vibhavadi', 6, 67),
(903, '8451', 'เกาะพงัน (สาขาตำบลเกาะเต่า)*   ', 'Ko Pha-ngan', 6, 67),
(904, '8481', '*อ.บ้านดอน  จ.สุราษฎร์ธานี   ', '*Ban Don', 6, 67),
(905, '8501', 'เมืองระนอง   ', 'Mueang Ranong', 6, 68),
(906, '8502', 'ละอุ่น   ', 'La-un', 6, 68),
(907, '8503', 'กะเปอร์   ', 'Kapoe', 6, 68),
(908, '8504', 'กระบุรี   ', 'Kra Buri', 6, 68),
(909, '8505', 'สุขสำราญ   ', 'Suk Samran', 6, 68),
(910, '8601', 'เมืองชุมพร   ', 'Mueang Chumphon', 6, 69),
(911, '8602', 'ท่าแซะ   ', 'Tha Sae', 6, 69),
(912, '8603', 'ปะทิว   ', 'Pathio', 6, 69),
(913, '8604', 'หลังสวน   ', 'Lang Suan', 6, 69),
(914, '8605', 'ละแม   ', 'Lamae', 6, 69),
(915, '8606', 'พะโต๊ะ   ', 'Phato', 6, 69),
(916, '8607', 'สวี   ', 'Sawi', 6, 69),
(917, '8608', 'ทุ่งตะโก   ', 'Thung Tako', 6, 69),
(918, '9001', 'เมืองสงขลา   ', 'Mueang Songkhla', 6, 70),
(919, '9002', 'สทิงพระ   ', 'Sathing Phra', 6, 70),
(920, '9003', 'จะนะ   ', 'Chana', 6, 70),
(921, '9004', 'นาทวี   ', 'Na Thawi', 6, 70),
(922, '9005', 'เทพา   ', 'Thepha', 6, 70),
(923, '9006', 'สะบ้าย้อย   ', 'Saba Yoi', 6, 70),
(924, '9007', 'ระโนด   ', 'Ranot', 6, 70),
(925, '9008', 'กระแสสินธุ์   ', 'Krasae Sin', 6, 70),
(926, '9009', 'รัตภูมิ   ', 'Rattaphum', 6, 70),
(927, '9010', 'สะเดา   ', 'Sadao', 6, 70),
(928, '9011', 'หาดใหญ่   ', 'Hat Yai', 6, 70),
(929, '9012', 'นาหม่อม   ', 'Na Mom', 6, 70),
(930, '9013', 'ควนเนียง   ', 'Khuan Niang', 6, 70),
(931, '9014', 'บางกล่ำ   ', 'Bang Klam', 6, 70),
(932, '9015', 'สิงหนคร   ', 'Singhanakhon', 6, 70),
(933, '9016', 'คลองหอยโข่ง   ', 'Khlong Hoi Khong', 6, 70),
(934, '9077', 'ท้องถิ่นเทศบาลตำบลสำนักขาม   ', 'Sum Nung Kam', 6, 70),
(935, '9096', 'เทศบาลตำบลบ้านพรุ*   ', 'Ban Pru*', 6, 70),
(936, '9101', 'เมืองสตูล   ', 'Mueang Satun', 6, 71),
(937, '9102', 'ควนโดน   ', 'Khuan Don', 6, 71),
(938, '9103', 'ควนกาหลง   ', 'Khuan Kalong', 6, 71),
(939, '9104', 'ท่าแพ   ', 'Tha Phae', 6, 71),
(940, '9105', 'ละงู   ', 'La-ngu', 6, 71),
(941, '9106', 'ทุ่งหว้า   ', 'Thung Wa', 6, 71),
(942, '9107', 'มะนัง   ', 'Manang', 6, 71),
(943, '9201', 'เมืองตรัง   ', 'Mueang Trang', 6, 72),
(944, '9202', 'กันตัง   ', 'Kantang', 6, 72),
(945, '9203', 'ย่านตาขาว   ', 'Yan Ta Khao', 6, 72),
(946, '9204', 'ปะเหลียน   ', 'Palian', 6, 72),
(947, '9205', 'สิเกา   ', 'Sikao', 6, 72),
(948, '9206', 'ห้วยยอด   ', 'Huai Yot', 6, 72),
(949, '9207', 'วังวิเศษ   ', 'Wang Wiset', 6, 72),
(950, '9208', 'นาโยง   ', 'Na Yong', 6, 72),
(951, '9209', 'รัษฎา   ', 'Ratsada', 6, 72),
(952, '9210', 'หาดสำราญ   ', 'Hat Samran', 6, 72),
(953, '9251', 'อำเภอเมืองตรัง(สาขาคลองเต็ง)**   ', 'Mueang Trang(Krong Teng)**', 6, 72),
(954, '9301', 'เมืองพัทลุง   ', 'Mueang Phatthalung', 6, 73),
(955, '9302', 'กงหรา   ', 'Kong Ra', 6, 73),
(956, '9303', 'เขาชัยสน   ', 'Khao Chaison', 6, 73),
(957, '9304', 'ตะโหมด   ', 'Tamot', 6, 73),
(958, '9305', 'ควนขนุน   ', 'Khuan Khanun', 6, 73),
(959, '9306', 'ปากพะยูน   ', 'Pak Phayun', 6, 73),
(960, '9307', 'ศรีบรรพต   ', 'Si Banphot', 6, 73),
(961, '9308', 'ป่าบอน   ', 'Pa Bon', 6, 73),
(962, '9309', 'บางแก้ว   ', 'Bang Kaeo', 6, 73),
(963, '9310', 'ป่าพะยอม   ', 'Pa Phayom', 6, 73),
(964, '9311', 'ศรีนครินทร์   ', 'Srinagarindra', 6, 73),
(965, '9401', 'เมืองปัตตานี   ', 'Mueang Pattani', 6, 74),
(966, '9402', 'โคกโพธิ์   ', 'Khok Pho', 6, 74),
(967, '9403', 'หนองจิก   ', 'Nong Chik', 6, 74),
(968, '9404', 'ปะนาเระ   ', 'Panare', 6, 74),
(969, '9405', 'มายอ   ', 'Mayo', 6, 74),
(970, '9406', 'ทุ่งยางแดง   ', 'Thung Yang Daeng', 6, 74),
(971, '9407', 'สายบุรี   ', 'Sai Buri', 6, 74),
(972, '9408', 'ไม้แก่น   ', 'Mai Kaen', 6, 74),
(973, '9409', 'ยะหริ่ง   ', 'Yaring', 6, 74),
(974, '9410', 'ยะรัง   ', 'Yarang', 6, 74),
(975, '9411', 'กะพ้อ   ', 'Kapho', 6, 74),
(976, '9412', 'แม่ลาน   ', 'Mae Lan', 6, 74),
(977, '9501', 'เมืองยะลา   ', 'Mueang Yala', 6, 75),
(978, '9502', 'เบตง   ', 'Betong', 6, 75),
(979, '9503', 'บันนังสตา   ', 'Bannang Sata', 6, 75),
(980, '9504', 'ธารโต   ', 'Than To', 6, 75),
(981, '9505', 'ยะหา   ', 'Yaha', 6, 75),
(982, '9506', 'รามัน   ', 'Raman', 6, 75),
(983, '9507', 'กาบัง   ', 'Kabang', 6, 75),
(984, '9508', 'กรงปินัง   ', 'Krong Pinang', 6, 75),
(985, '9601', 'เมืองนราธิวาส   ', 'Mueang Narathiwat', 6, 76),
(986, '9602', 'ตากใบ   ', 'Tak Bai', 6, 76),
(987, '9603', 'บาเจาะ   ', 'Bacho', 6, 76),
(988, '9604', 'ยี่งอ   ', 'Yi-ngo', 6, 76),
(989, '9605', 'ระแงะ   ', 'Ra-ngae', 6, 76),
(990, '9606', 'รือเสาะ   ', 'Rueso', 6, 76),
(991, '9607', 'ศรีสาคร   ', 'Si Sakhon', 6, 76),
(992, '9608', 'แว้ง   ', 'Waeng', 6, 76),
(993, '9609', 'สุคิริน   ', 'Sukhirin', 6, 76),
(994, '9610', 'สุไหงโก-ลก   ', 'Su-ngai Kolok', 6, 76),
(995, '9611', 'สุไหงปาดี   ', 'Su-ngai Padi', 6, 76),
(996, '9612', 'จะแนะ   ', 'Chanae', 6, 76),
(997, '9613', 'เจาะไอร้อง   ', 'Cho-airong', 6, 76),
(998, '9681', '*อ.บางนรา  จ.นราธิวาส   ', '*Bang Nra', 6, 76);

-- --------------------------------------------------------

--
-- Table structure for table `banner_count`
--

CREATE TABLE IF NOT EXISTS `banner_count` (
  `id` int(11) NOT NULL AUTO_INCREMENT,
  `refname` varchar(64) NOT NULL,
  `refurl` varchar(255) NOT NULL,
  `ipaddr` varchar(32) NOT NULL,
  `datetimestamp` datetime NOT NULL,
  `building_site_id` int(11) NOT NULL,
  PRIMARY KEY (`id`)
) ENGINE=InnoDB  DEFAULT CHARSET=utf8 AUTO_INCREMENT=29 ;

--
-- Dumping data for table `banner_count`
--

INSERT INTO `banner_count` (`id`, `refname`, `refurl`, `ipaddr`, `datetimestamp`, `building_site_id`) VALUES
(1, 'buildingsite', 'http://dev.sourcecode.co.th/findtheroom/web/app_dev.php/list?searchType=txtSearch', '58.8.13.115', '2012-09-26 18:33:39', 1),
(2, 'buildingsite', 'http://dev.sourcecode.co.th/findtheroom/web/app_dev.php/list?searchType=shortSearch&buildingType=1', '58.11.110.237', '2012-09-27 11:10:08', 1),
(3, 'buildingsite', 'http://dev.sourcecode.co.th/findtheroom/web/app_dev.php/list?searchType=shortSearch&buildingType=1', '58.11.110.237', '2012-09-27 11:45:39', 1),
(4, 'buildingsite', 'http://dev.sourcecode.co.th/findtheroom/web/app_dev.php/list?searchType=txtSearch', '180.183.13.121', '2012-09-28 09:19:02', 1),
(5, 'buildingsite', 'http://dev.sourcecode.co.th/findtheroom/web/app_dev.php/list?searchType=txtSearch', '180.183.13.121', '2012-09-28 09:25:02', 2),
(6, 'buildingsite', 'http://dev.sourcecode.co.th/findtheroom/web/app_dev.php/list?searchType=shortSearch&buildingType=1', '180.183.13.121', '2012-09-28 09:51:18', 1),
(7, 'buildingsite', 'http://dev.sourcecode.co.th/findtheroom/web/app_dev.php/list?searchType=shortSearch&buildingType=1', '180.183.13.121', '2012-09-28 09:56:06', 1),
(8, 'buildingsite', 'http://dev.sourcecode.co.th/findtheroom/web/app.php/list?searchType=shortSearch&buildingType=1', '180.183.13.121', '2012-09-28 11:39:29', 1),
(9, 'buildingsite', 'http://dev.sourcecode.co.th/findtheroom/web/app_dev.php/list?searchType=txtSearch', '180.183.13.121', '2012-09-28 13:52:11', 1),
(10, 'buildingsite', 'http://dev.sourcecode.co.th/findtheroom/web/app_dev.php/list?searchType=txtSearch', '180.183.13.121', '2012-09-28 13:59:52', 1),
(11, 'buildingsite', 'http://dev.sourcecode.co.th/findtheroom/web/list', '180.183.13.121', '2012-09-28 15:01:54', 4),
(12, 'buildingsite', 'http://dev.sourcecode.co.th/findtheroom/web/app_dev.php/list?searchType=txtSearch', '180.183.117.241', '2012-10-04 13:26:44', 1),
(13, 'buildingsite', 'http://dev.sourcecode.co.th/findtheroom/web/app_dev.php/list?searchType=txtSearch', '180.183.117.241', '2012-10-04 13:29:50', 1),
(14, 'buildingRecom', 'http://dev.sourcecode.co.th/findtheroom/web/app_dev.php/', '115.87.218.133', '2012-10-04 22:36:40', 0),
(15, 'buildingRecom', 'http://dev.sourcecode.co.th/findtheroom/web/app_dev.php/', '115.87.218.133', '2012-10-04 23:25:12', 0),
(16, 'buildingRecom', 'http://dev.sourcecode.co.th/findtheroom/web/app_dev.php/', '115.87.218.133', '2012-10-04 23:25:30', 0),
(17, 'buildingRecom', 'http://dev.sourcecode.co.th/findtheroom/web/app_dev.php/', '115.87.218.133', '2012-10-04 23:30:09', 2),
(18, 'buildingRecom', 'http://dev.sourcecode.co.th/findtheroom/web/app_dev.php/', '115.87.218.133', '2012-10-04 23:31:46', 4),
(19, 'buildingRecom', 'http://dev.sourcecode.co.th/findtheroom/web/app_dev.php/detail/4/%E0%B8%81%E0%B8%A3%E0%B8%B8%E0%B8%87%E0%B9%80%E0%B8%97%E0%B8%9E%E0%B8%A1%E0%B8%AB%E0%B8%B2%E0%B8%99%E0%B8%84%E0%B8%A3%20%20%20/%E0%B9%80%E0%B8%82%E0%B8%95%E0%B8%9E%E0%B8%A3%E0%B8%B0%E0%B8%99', '115.87.218.133', '2012-10-04 23:32:01', 9),
(20, 'buildingRecom', 'http://dev.sourcecode.co.th/findtheroom/web/app_dev.php/detail/9/%E0%B8%81%E0%B8%A3%E0%B8%B8%E0%B8%87%E0%B9%80%E0%B8%97%E0%B8%9E%E0%B8%A1%E0%B8%AB%E0%B8%B2%E0%B8%99%E0%B8%84%E0%B8%A3%20%20%20/%E0%B9%80%E0%B8%82%E0%B8%95%E0%B8%9E%E0%B8%A3%E0%B8%B0%E0%B8%99', '115.87.218.133', '2012-10-04 23:32:11', 5),
(21, 'buildingRecom', 'http://dev.sourcecode.co.th/findtheroom/web/app_dev.php/detail/5/%E0%B8%81%E0%B8%A3%E0%B8%B8%E0%B8%87%E0%B9%80%E0%B8%97%E0%B8%9E%E0%B8%A1%E0%B8%AB%E0%B8%B2%E0%B8%99%E0%B8%84%E0%B8%A3%20%20%20/%E0%B9%80%E0%B8%82%E0%B8%95%E0%B8%9E%E0%B8%A3%E0%B8%B0%E0%B8%99', '115.87.218.133', '2012-10-04 23:32:22', 5),
(22, 'buildingRecom', 'http://dev.sourcecode.co.th/findtheroom/web/app_dev.php/', '115.87.218.133', '2012-10-04 23:32:44', 9),
(23, 'buildingRecom', 'http://dev.sourcecode.co.th/findtheroom/web/app_dev.php/detail/9/%E0%B8%81%E0%B8%A3%E0%B8%B8%E0%B8%87%E0%B9%80%E0%B8%97%E0%B8%9E%E0%B8%A1%E0%B8%AB%E0%B8%B2%E0%B8%99%E0%B8%84%E0%B8%A3%20%20%20/%E0%B9%80%E0%B8%82%E0%B8%95%E0%B8%9E%E0%B8%A3%E0%B8%B0%E0%B8%99', '115.87.218.133', '2012-10-04 23:32:48', 2),
(24, 'buildingRecom', 'http://dev.sourcecode.co.th/findtheroom/web/app_dev.php/', '115.87.218.133', '2012-10-04 23:33:24', 1),
(25, 'buildingRecom', 'http://dev.sourcecode.co.th/findtheroom/web/app_dev.php/detail/1/%E0%B8%81%E0%B8%A3%E0%B8%B8%E0%B8%87%E0%B9%80%E0%B8%97%E0%B8%9E%E0%B8%A1%E0%B8%AB%E0%B8%B2%E0%B8%99%E0%B8%84%E0%B8%A3%20%20%20/%E0%B9%80%E0%B8%82%E0%B8%95%E0%B8%9E%E0%B8%A3%E0%B8%B0%E0%B8%99', '115.87.218.133', '2012-10-04 23:33:34', 4),
(26, 'buildingRecom', 'http://dev.sourcecode.co.th/findtheroom/web/app_dev.php/', '115.87.218.133', '2012-10-04 23:35:05', 2),
(27, 'buildingRecom', 'http://dev.sourcecode.co.th/findtheroom/web/app_dev.php/', '115.87.218.133', '2012-10-04 23:35:21', 4),
(28, 'buildingRecom', 'http://dev.sourcecode.co.th/findtheroom/web/app_dev.php/detail/4/%E0%B8%81%E0%B8%A3%E0%B8%B8%E0%B8%87%E0%B9%80%E0%B8%97%E0%B8%9E%E0%B8%A1%E0%B8%AB%E0%B8%B2%E0%B8%99%E0%B8%84%E0%B8%A3%20%20%20/%E0%B9%80%E0%B8%82%E0%B8%95%E0%B8%9E%E0%B8%A3%E0%B8%B0%E0%B8%99', '115.87.218.133', '2012-10-04 23:35:45', 4);

-- --------------------------------------------------------

--
-- Table structure for table `building_site`
--

CREATE TABLE IF NOT EXISTS `building_site` (
  `id` int(11) NOT NULL AUTO_INCREMENT,
  `building_name` varchar(255) NOT NULL,
  `building_address` longtext NOT NULL,
  `start_price` double NOT NULL,
  `end_price` double NOT NULL,
  `phone_number` varchar(127) NOT NULL,
  `publish` int(11) DEFAULT '2',
  `datetimestamp` datetime DEFAULT NULL,
  `lastupdate` datetime DEFAULT NULL,
  `userupdate` varchar(127) DEFAULT NULL,
  `latitude` varchar(127) DEFAULT NULL,
  `longitude` varchar(127) DEFAULT NULL,
  `recommend` tinyint(1) DEFAULT NULL,
  `building_type_id` int(11) NOT NULL,
  `zone_id` int(11) DEFAULT NULL,
  `pay_type_id` int(11) NOT NULL,
  `user_owner_id` int(11) NOT NULL,
  `deleted` tinyint(1) DEFAULT '0',
  `detail` longtext,
  `contact_name` varchar(127) NOT NULL,
  `contact_email` varchar(127) NOT NULL,
  `website` varchar(127) DEFAULT NULL,
  `month_stay` varchar(127) NOT NULL,
  `water_unit` double NOT NULL,
  `electricity_unit` double NOT NULL,
  `internet_price` double DEFAULT NULL,
  `googlemap_url` varchar(255) DEFAULT NULL,
  `addr_number` varchar(127) DEFAULT NULL,
  `addr_prefecture` varchar(127) DEFAULT NULL,
  `addr_province` varchar(127) DEFAULT NULL,
  `addr_zipcode` varchar(10) DEFAULT NULL,
  `nearly_place` varchar(255) DEFAULT NULL,
  `slug` varchar(255) NOT NULL,
  PRIMARY KEY (`id`)
) ENGINE=InnoDB  DEFAULT CHARSET=utf8 AUTO_INCREMENT=101 ;

--
-- Dumping data for table `building_site`
--

INSERT INTO `building_site` (`id`, `building_name`, `building_address`, `start_price`, `end_price`, `phone_number`, `publish`, `datetimestamp`, `lastupdate`, `userupdate`, `latitude`, `longitude`, `recommend`, `building_type_id`, `zone_id`, `pay_type_id`, `user_owner_id`, `deleted`, `detail`, `contact_name`, `contact_email`, `website`, `month_stay`, `water_unit`, `electricity_unit`, `internet_price`, `googlemap_url`, `addr_number`, `addr_prefecture`, `addr_province`, `addr_zipcode`, `nearly_place`, `slug`) VALUES
(1, 'พัฒนะ เพลส', '53/1529                          หมู่บ้านกฤษดานคร(แจ้งวัฒนะ 30)                          แจ้งวัฒนะ                          บางตลาด', 3900, 3900, '0862992200', 1, '2556-03-08 17:32:49', '2556-03-08 17:32:49', '2556-03-08 17:32:49', '13.899909612927373', '100.53596377372741', 0, 1, 0, 0, 0, 0, 'no_content', 'ณัฐพงษ์', 'sendtonatcornell@gmail.com', 'http://www.facebook.com/pattana.place', '3', 16, 7, 0, NULL, 'no_content', '58', '3', '1201', 'นนทบุรี', 'พัฒนะ-เพลส'),
(2, 'ไนซ์ แมนชั่น 3', '416/8                                                    ประชาราษฎร์บำเพ็ญ                          สามเสนนอก', 3800, 4500, '026916551-55', 1, '2013-03-08 17:32:51', '2013-03-08 17:32:51', '2013-03-08 17:32:51', '13.777119535358128', '100.58321356773376', 0, 1, 0, 0, 0, 0, 'no_content', 'โอเปอร์เรเตอร์', 'arunluck@niceasianaluminum.com', 'http://www.nicemansion.com', '1', 15, 5, 0, NULL, 'no_content', '17', '1', '1017', 'ห้วยขวาง', 'ไนซ์-แมนชั่น-3'),
(3, 'ไบรท์ ซิตี้ ทาวเวอร์', '21/4                          สุขุมวิท 11                          สุขุมวิท                          คลองเตยเหนือ', 2200, 31000, '02 651 0159', 1, '2013-03-08 17:32:55', '2013-03-08 17:32:55', '2013-03-08 17:32:55', '13.742886799110735', '100.5564022064209', 0, 4, 0, 0, 0, 0, 'no_content', 'พนักงานต้อนรับ', 'brightcity@hotmail.com', 'http://www.bctbkk.net', '0', 0, 0, 0, NULL, 'no_content', '39', '1', '1039', 'วัฒนา', 'ไบรท์-ซิตี้-ทาวเวอร์'),
(4, 'ฤทธิ์รัตน อพาร์ทเมนท์', '32                          รามคำแหง 30                          รามคำแหง                          หัวหมาก', 3200, 12200, '027329299-312', 1, '2013-03-08 17:32:59', '2013-03-08 17:32:59', '2013-03-08 17:32:59', '13.756267862085918', '100.6336498260498', 0, 1, 0, 0, 0, 0, 'no_content', 'พัชรี', 'ratana12@gmail.com', '', '0', 20, 6, 0, NULL, 'no_content', '6', '1', '1006', 'บางกะปิ', 'ฤทธิ์รัตน-อพาร์ทเมนท์'),
(5, 'ห้องพักใหม่สไตล์บาหลี2,900เฟอร์ฯครบใกล้ม.เกษตร เซ็นทรัลลาดพร้าว ตึกปตท ร่มรื่น ปลอดภัย', 'วิภาวดี 42                          วิภาวดี-รังสิต', 2700, 3600, '0869892329', 1, '2013-03-08 17:32:59', '2013-03-08 17:32:59', '2013-03-08 17:32:59', '13.840705115804969', '100.56550025939941', 0, 1, 0, 0, 0, 0, 'no_content', 'ธนินท์ธร', 'PSFPLACE@GMAIL.COM', 'http://http://www.hong-pak.com/m/phromsrifa', '6', 18, 8, 0, NULL, 'no_content', '30', '1', '1030', 'จตุจักร', 'ห้องพักใหม่สไตล์บาหลี2,900เฟอร์ฯครบใกล้ม.เกษตร-เซ็นทรัลลาดพร้าว-ตึกปตท-ร่มรื่น-ปลอดภัย'),
(6, 'บ้านฝ้ายคำ อพาร์ทเม้นท์', '534/1-5                          นาทอง 7                          รัชดาภิเษก', 3000, 4000, '02-246-5446', 1, '2013-03-08 17:33:00', '2013-03-08 17:33:00', '2013-03-08 17:33:00', '', '', 0, 1, 0, 0, 0, 0, 'no_content', 'ผู้ดูแลอพาร์ทเม้นท์', '-', '', '0', 16, 5, 0, NULL, 'no_content', '26', '1', '1026', 'ดินแดง', 'บ้านฝ้ายคำ-อพาร์ทเม้นท์'),
(7, 'พรประเสริฐ อพาร์ทเม้นท์', '2/3                          ลาซาล                          สุขุมวิท                          บางนา', 2000, 2000, '02-7445105-9', 1, '2013-03-08 17:33:01', '2013-03-08 17:33:01', '2013-03-08 17:33:01', '', '', 0, 1, 0, 0, 0, 0, 'no_content', 'ผู้ดูแลอพาร์ทเม้นท์', '-', '', '0', 18, 8, 0, NULL, 'no_content', '47', '1', '1047', 'บางนา', 'พรประเสริฐ-อพาร์ทเม้นท์'),
(8, 'หอพักสตรี พงษารัตน์', '1                          รามคำแหง 24                          เสรี 2                          หัวหมาก', 3200, 4000, '02-7190002-6', 1, '2013-03-08 17:33:02', '2013-03-08 17:33:02', '2013-03-08 17:33:02', '', '', 0, 3, 0, 0, 0, 0, 'no_content', 'นายมานพ พงษารัตน์,นายมหิธร พงษารัตน์', '-', '', '0', 17, 6, 0, NULL, 'no_content', '6', '1', '1006', 'บางกะปิ', 'หอพักสตรี-พงษารัตน์'),
(9, 'รีเจ้นท์ สุวรรณภูมิ', '30/1,32/1                          ลาดกระบัง 22                          ลาดกระบัง                          ลาดกระบัง', 6000, 8500, '(+66) 2326-7138-40', 1, '2013-03-08 17:33:02', '2013-03-08 17:33:02', '2013-03-08 17:33:02', '13.7196661318816', '100.73029518127441', 0, 4, 0, 0, 0, 0, 'no_content', 'พนักงานต้อนรับ', 'info@regentsuvarnabhumi.com', 'http://www.regentsuvarnabhumi.com', '0', 18, 7, 0, NULL, 'no_content', '11', '1', '1011', 'ลาดกระบัง', 'รีเจ้นท์-สุวรรณภูมิ'),
(10, 'ขวัญบุตร อพาร์ทเม้นต์', '1014/48-50                          ซ.จิตรวารี                          สุขุมวิท 71                          พระโขนง', 2600, 2800, '02-391-6401', 1, '2013-03-08 17:33:06', '2013-03-08 17:33:06', '2013-03-08 17:33:06', '13.735456018931202', '100.59893131256104', 0, 1, 0, 0, 0, 0, 'no_content', 'พนักงานต้อนรับ', '-', '', '0', 16, 5, 0, NULL, 'no_content', '33', '1', '1033', 'คลองเตย', 'ขวัญบุตร-อพาร์ทเม้นต์'),
(11, 'เอเวอร์กรีน แมนชั่น', '222                          เพชรบุรี 7                          เพชรบุรี                          ทุ่งพญาไท', 4500, 6000, '026129100', 1, '2013-03-08 17:33:07', '2013-03-08 17:33:07', '2013-03-08 17:33:07', '13.757101547864648', '100.53026676177979', 0, 1, 0, 0, 0, 0, 'no_content', 'คุณนะ (หรือเจ้าหน้าที่)', 'fary.evergreen@gmail.com', '', '4', 20, 6, 0, NULL, 'no_content', '37', '1', '1037', 'ราชเทวี', 'เอเวอร์กรีน-แมนชั่น'),
(12, 'ออร์คิด อพาร์ทเมนท์', '361/3                          จรัญฯ 31                          บางขุนศรี', 3500, 3500, '02-866-5723', 1, '2013-03-08 17:33:09', '2013-03-08 17:33:09', '2013-03-08 17:33:09', '13.754704693246506', '100.4682970046997', 0, 1, 0, 0, 0, 0, 'no_content', 'พนักงานต้อนรับ', '-', '', '4', 15, 8, 300, NULL, 'no_content', '20', '1', '1020', 'บางกอกน้อย', 'ออร์คิด-อพาร์ทเมนท์'),
(13, 'พรพิชชา อพาร์ทเม้นท์', 'รามอินทรา 24                          รามอินทรา                          บางเขน', 1500, 2000, '0-1925-2193', 1, '2013-03-08 17:33:10', '2013-03-08 17:33:10', '2013-03-08 17:33:10', '', '', 0, 1, 0, 0, 0, 0, 'no_content', 'ผู้ดูแลอพาร์ทเม้นท์', '-', '', '0', 0, 7, 0, NULL, 'no_content', '5', '1', '1005', 'บางเขน', 'พรพิชชา-อพาร์ทเม้นท์'),
(14, 'บี - เพลส', '66                          สุขุมวิท 62 แยก 5                                                    บางจาก', 3000, 3500, '084-661-1168', 1, '2013-03-08 17:33:11', '2013-03-08 17:33:11', '2013-03-08 17:33:11', '', '', 0, 1, 0, 0, 0, 0, 'no_content', 'เจ้าหน้าที่อาคาร', '-', '', '0', 17, 7, 0, NULL, 'no_content', '9', '1', '1009', 'พระโขนง', 'บี---เพลส'),
(15, 'ทองเจริญ แมนชั่น', '208                          ลาดพร้าว 122 (ซ. มหาดไทย)                          ลาดพร้าว                          วังทองหลาง', 4000, 6000, '02-542-2501', 1, '2013-03-08 17:33:12', '2013-03-08 17:33:12', '2013-03-08 17:33:12', '13.771107024754075', '100.62214851379395', 0, 4, 0, 0, 0, 0, 'no_content', 'ผู้ดูแลแมนชั่น', '-', '', '0', 18, 5, 200, NULL, 'no_content', '45', '1', '1045', 'วังทองหลาง', 'ทองเจริญ-แมนชั่น'),
(16, 'เอส.เอส. แมนชั่น', '32/19 หมู่9                          เพชรเกษม 54                          เพชรเกษม                          บางด้วน', 2200, 2800, '02-8051616', 1, '2013-03-08 17:33:13', '2013-03-08 17:33:13', '2013-03-08 17:33:13', '', '', 0, 4, 0, 0, 0, 0, 'no_content', 'คุณเอ๋', '-', '', '0', 17, 6, 0, NULL, 'no_content', '22', '1', '1022', 'ภาษีเจริญ', 'เอส.เอส.-แมนชั่น'),
(17, 'คงสิน อพาร์ทเมนท์', '131/18                          ราชปรารภ 14                          ราชปรารภ                          มักกะสัน', 5300, 12000, '02 642 4555 - 60 ต่อ', 1, '2013-03-08 17:33:13', '2013-03-08 17:33:13', '2013-03-08 17:33:13', '13.757768494349301', '100.54301261901855', 0, 1, 0, 0, 0, 0, 'no_content', 'คุณวันชัย โกเมศโสภา', 'kaoyuichai@yahoo.com', '', '0', 20, 5, 0, NULL, 'no_content', '37', '1', '1037', 'ราชเทวี', 'คงสิน-อพาร์ทเมนท์'),
(18, 'ยงเจริญคอมเพล็กซ์', '6172                                                                              สวนหลวง', 2700, 2700, '081-888-7638', 1, '2013-03-08 17:33:14', '2013-03-08 17:33:14', '2013-03-08 17:33:14', '', '', 0, 1, 0, 0, 0, 0, 'no_content', 'ผู้ดูแลอพาร์ทเม้นท์', '-', '', '0', 18, 0, 0, NULL, 'no_content', '32', '1', '1032', 'ประเวศ', 'ยงเจริญคอมเพล็กซ์'),
(19, 'สุวราอพาร์ทเม้นท์', '15                          อินทามระ 20                                                    ดินแดง', 3800, 3800, '086-1691991', 1, '2013-03-08 17:33:14', '2013-03-08 17:33:14', '2013-03-08 17:33:14', '13.78845639611994', '100.56276440620422', 0, 1, 0, 0, 0, 0, 'no_content', 'ผู้ดูแลอพาร์ทเม้นท์', '-', '', '0', 18, 8, 0, NULL, 'no_content', '26', '1', '1026', 'ดินแดง', 'สุวราอพาร์ทเม้นท์'),
(20, 'ยูซีอี เพลส', '546                          สุขุมวิท 81                          สุขุมวิท                          สวนหลวง', 4800, 6500, '080-594-2727', 1, '2013-03-08 17:33:15', '2013-03-08 17:33:15', '2013-03-08 17:33:15', '13.707867318098927', '100.60592651367188', 0, 1, 0, 0, 0, 0, 'no_content', 'กรรณิการ์', 'uceplace@yahoo.com', 'http://www.uceplace.com', '3', 17, 5, 300, NULL, 'no_content', '34', '1', '1034', 'สวนหลวง', 'ยูซีอี-เพลส'),
(21, 'City Park', 'รัชดาภิเษก 3                          รัชดาภิเษก                          ดินแดง', 4200, 9500, '089-678-1873', 1, '2013-03-08 17:33:20', '2013-03-08 17:33:20', '2013-03-08 17:33:20', '13.764917207582106', '100.56146621704101', 0, 1, 0, 0, 0, 0, 'no_content', 'City Park', 'apartmentbkk.com', '', '1', 0, 8, 0, NULL, 'no_content', '26', '1', '1026', 'ดินแดง', 'City-Park'),
(22, 'เอ็ม.เค.ที. แมนชั่น', '24/2 หมู่ 10                                                    จรัญสนิทวงศ์13                          บางแวก', 2600, 3500, '02-8651241-4', 1, '2013-03-08 17:33:21', '2013-03-08 17:33:21', '2013-03-08 17:33:21', '', '', 0, 4, 0, 0, 0, 0, 'no_content', 'ผู้ดูแลแมนชั่น', '-', '', '0', 18, 5, 0, NULL, 'no_content', '22', '1', '1022', 'ภาษีเจริญ', 'เอ็ม.เค.ที.-แมนชั่น'),
(23, 'หอพักสตรี อนุกูลโฮมส์', '2115/58-59                          รามคำแหง 43                          รามคำแหง                          หัวหมาก', 1700, 1900, '0-2319-6945', 1, '2013-03-08 17:33:22', '2013-03-08 17:33:22', '2013-03-08 17:33:22', '', '', 0, 3, 0, 0, 0, 0, 'no_content', 'นางรัตนา อมรหิรัญศิริ/นายอนุกูล อมรหิรัญศิริ', '-', '', '0', 15, 5, 0, NULL, 'no_content', '6', '1', '1006', 'บางกะปิ', 'หอพักสตรี-อนุกูลโฮมส์'),
(24, 'ซีเอส วิลล่า', '11/1                          สุขุมวิท 61                          สุขุมวิท                          คลองตันเหนือ', 25000, 45000, '02 391 4925', 1, '2013-03-08 17:33:22', '2013-03-08 17:33:22', '2013-03-08 17:33:22', '13.725252642469567', '100.58335304260254', 0, 4, 0, 0, 0, 0, 'no_content', 'พนักงานต้อนรับ', '-', '', '0', 0, 0, 0, NULL, 'no_content', '39', '1', '1039', 'วัฒนา', 'ซีเอส-วิลล่า'),
(25, 'สุรณี เพลส', '34/53                          เพชรเกษม 77/ 5                          เพชรเกษม                          หนองค้างพูล', 3500, 4000, '02-8088555', 1, '2013-03-08 17:33:27', '2013-03-08 17:33:27', '2013-03-08 17:33:27', '13.704469316557134', '100.35613775253296', 0, 1, 0, 0, 0, 0, 'no_content', 'สุรณี เพลส', 'suraneeplace@yahoo.co.th', '', '0', 18, 6, 0, NULL, 'no_content', '23', '1', '1023', 'หนองแขม', 'สุรณี-เพลส'),
(26, 'บ้านอรวิชญ์', '29/1                          อินทมระ 28                          สุทธิสาร                          สุทธิสาร', 4500, 4500, '0851188991', 1, '2013-03-08 17:33:29', '2013-03-08 17:33:29', '2013-03-08 17:33:29', '13.787747858445083', '100.56669116020202', 0, 1, 0, 0, 0, 0, 'no_content', 'อธิวิชญ์', 'Momoo-kung@hotmail.com', '', '0', 17, 7, 0, NULL, 'no_content', '17', '1', '1017', 'ห้วยขวาง', 'บ้านอรวิชญ์'),
(27, 'เซ็นทรัล แมนชั่น', '146                          ลาดพร้าว 122 (ซ. มหาดไทย)                          ลาดพร้าว                          วังทองหลาง', 3800, 3800, '02-934-2070', 1, '2013-03-08 17:33:30', '2013-03-08 17:33:30', '2013-03-08 17:33:30', '13.770815252540494', '100.62137603759766', 0, 4, 0, 0, 0, 0, 'no_content', 'ผู้ดูแลแมนชั่น', '-', '', '0', 17, 5, 0, NULL, 'no_content', '45', '1', '1045', 'วังทองหลาง', 'เซ็นทรัล-แมนชั่น'),
(28, 'หอพักสตรี ซ.รามคำแหง 57', '43                          รามคำแหง 57                          รามคำแหง                          หัวหมาก', 800, 800, '02 318 5770', 1, '2013-03-08 17:33:31', '2013-03-08 17:33:31', '2013-03-08 17:33:31', '', '', 0, 3, 0, 0, 0, 0, 'no_content', 'ผู้ดูแลหอ', '-', '', '0', 0, 5, 0, NULL, 'no_content', '6', '1', '1006', 'บางกะปิ', 'หอพักสตรี-ซ.รามคำแหง-57'),
(29, 'จิรวัฒน์ อพาร์ทเม้นท์', '442/2 หมู่ที่ 4                          ประชาอุทิศ 21                          ประชาอุทิศ                          ราษฏร์บูรณะ', 2550, 4000, '02-870-8299', 1, '2013-03-08 17:33:32', '2013-03-08 17:33:32', '2013-03-08 17:33:32', '13.662167384052152', '100.50417423248291', 0, 1, 0, 0, 0, 0, 'no_content', 'เก๋', 'n-gam-ta@hotmail.com', 'http://-', '6', 17, 7, 250, NULL, 'no_content', '24', '1', '1024', 'ราษฎร์บูรณะ', 'จิรวัฒน์-อพาร์ทเม้นท์'),
(30, 'ซีซั่นอพาร์ทเม้นท์', '61/15                          ระหว่างซอยเพชรเกษม 5,7                          เพชรเกษม                          วัดท่าพระ', 4000, 7000, '02-472-5252 กด 0', 1, '2013-03-08 17:33:35', '2013-03-08 17:33:35', '2013-03-08 17:33:35', '13.728629498538623', '100.47759890556335', 0, 1, 0, 0, 0, 0, 'no_content', 'ซีซั่นอพาร์ทเม้นท์', 'nicnamewhat@hotmail.com', 'http://www.seasonapartment.com', '3', 20, 7, 0, NULL, 'no_content', '16', '1', '1016', 'บางกอกใหญ่', 'ซีซั่นอพาร์ทเม้นท์'),
(31, 'บ้านพิพัฒน์อพาร์ทเม้นต์ ลาดพร้าว15', 'ลาดพร้าว 15                          ลาดพร้าว                          จอมพล', 6500, 11000, '086-479-1433', 1, '2013-03-08 17:33:36', '2013-03-08 17:33:36', '2013-03-08 17:33:36', '13.808534209216797', '100.57133674621582', 0, 1, 0, 0, 0, 0, 'no_content', 'บ้านพิพัฒน์', 'baanpipat15@gmail.com', 'http://www.baanpipat15.com', '4', 15, 7, 300, NULL, 'no_content', '30', '1', '1030', 'จตุจักร', 'บ้านพิพัฒน์อพาร์ทเม้นต์-ลาดพร้าว15'),
(32, 'ธนาภา อพาร์ทเม้นท์', '2638/1                          สังคมสงเคราะห์ 28                          โชคชัย 4 (ถ. ลาดพร้าว 71)                          ลาดพร้าว', 2700, 3200, '02-936-9166', 1, '2013-03-08 17:33:43', '2013-03-08 17:33:43', '2013-03-08 17:33:43', '13.799459293381327', '100.60372710227966', 0, 1, 0, 0, 0, 0, 'no_content', 'ผู้ดูแลอพาร์ทเม้นท์', 'psk2656@yahoo.com', '', '0', 19, 6, 400, NULL, 'no_content', '38', '1', '1038', 'ลาดพร้าว', 'ธนาภา-อพาร์ทเม้นท์'),
(33, 'เฮลท์ตี้โฮม', '102/1 ม.เมืองทอง 2/3                          พัฒนาการ 53                          พัฒนาการ                          สวนหลวง', 4000, 4000, '09-0432495', 1, '2013-03-08 17:33:58', '2013-03-08 17:33:58', '2013-03-08 17:33:58', '13.733715535663364', '100.64950704574585', 0, 1, 0, 0, 0, 0, 'no_content', 'ผู้ดูแลอพาร์ทเม้นท์', '-', '', '0', 18, 8, 0, NULL, 'no_content', '34', '1', '1034', 'สวนหลวง', 'เฮลท์ตี้โฮม'),
(34, 'ซีรีน เพลส', '7/4                          ลาดพร้าว 112                          ลาดพร้าว                          วังทองหลาง', 3500, 4000, '081-4925503', 1, '2013-03-08 17:33:59', '2013-03-08 17:33:59', '2013-03-08 17:33:59', '13.779193138322167', '100.61880111694336', 0, 1, 0, 0, 0, 0, 'no_content', 'ผู้ดูแลอพาร์ทเม้นท์', '-', '', '0', 17, 7, 0, NULL, 'no_content', '45', '1', '1045', 'วังทองหลาง', 'ซีรีน-เพลส'),
(35, 'ปาล แมนชั่น', 'สุขุมวิท 29                          สุขุมวิท                          คลองตันเหนือ', 32000, 45000, '02 258 4437', 1, '2013-03-08 17:34:01', '2013-03-08 17:34:01', '2013-03-08 17:34:01', '', '', 0, 4, 0, 0, 0, 0, 'no_content', 'พนักงานต้อนรับ', '-', '', '0', 0, 0, 0, NULL, 'no_content', '39', '1', '1039', 'วัฒนา', 'ปาล-แมนชั่น'),
(36, 'สมจิตรแมนชั่น', '60/6 หมู่ 2                                                    กาญจนาภิเษก                          บางกรวย', 2300, 3000, '0836039830', 1, '2013-03-08 17:34:01', '2013-03-08 17:34:01', '2013-03-08 17:34:01', '13.814451989303262', '100.41237831115723', 0, 4, 0, 0, 0, 0, 'no_content', 'มนพัทธ์', 'somjit_mansion@hotmail.com', 'http://http://somjitmansion.hong-pak.com', '0', 17, 7, 590, NULL, 'no_content', '0', '0', '00000', 'ไม่ระบุ', 'สมจิตรแมนชั่น'),
(37, 'ลัสแมน คอร์ท', '145                          อารีสัมพันธ์ 2                          พหลโยธิน 7                          สามเสนใน', 23000, 23000, '02 676 4670 - 3', 1, '2013-03-08 17:34:04', '2013-03-08 17:34:04', '2013-03-08 17:34:04', '13.779985062235987', '100.54266929626465', 0, 4, 0, 0, 0, 0, 'no_content', 'ผู้ดูแลคอร์ท', '-', '', '0', 0, 0, 0, NULL, 'no_content', '14', '1', '1014', 'พญาไท', 'ลัสแมน-คอร์ท'),
(38, 'แบงค๊อก กรีน อพาร์ทเม้นท์', '289                          นราธิวาสราชนครินทร์ 24                          สาทรใหม่                          ช่องนนทรีร', 45000, 89000, '02 672 0001', 1, '2013-03-08 17:34:05', '2013-03-08 17:34:05', '2013-03-08 17:34:05', '13.70071686511826', '100.53636074066162', 0, 4, 0, 0, 0, 0, 'no_content', 'พนักงานต้อนรับ', 'sales@bangkokgarden.com', 'http://www.bangkokgarden.com', '0', 20, 5, 0, NULL, 'no_content', '12', '1', '1012', 'ยานนาวา', 'แบงค๊อก-กรีน-อพาร์ทเม้นท์'),
(39, 'ท่านผู้หญิงสวีท อพาร์ทเม้นท์', '88                          ท่านผู้หญิงพหล                          งามวงศ์วาน                          ลาดยาว', 24000, 54000, '0 2941 2020', 1, '2013-03-08 17:34:18', '2013-03-08 17:34:18', '2013-03-08 17:34:18', '13.83895499950898', '100.56811809539795', 0, 4, 0, 0, 0, 0, 'no_content', 'พนักงานต้อนรับ', 'mail@ThanpuyingSuite.com', 'http://www.thanpuyingsuite.com', '0', 0, 0, 0, NULL, 'no_content', '30', '1', '1030', 'จตุจักร', 'ท่านผู้หญิงสวีท-อพาร์ทเม้นท์'),
(40, 'บรรลือสุข อพาร์ทเม้นต์', '16/448                          เสือใหญ่อุทิศ                          รัชดาภิเษก                          ลาดยาว', 2900, 3400, '081-825-2254', 1, '2013-03-08 17:34:20', '2013-03-08 17:34:20', '2013-03-08 17:34:20', '13.822140711464746', '100.57993054389954', 0, 1, 0, 0, 0, 0, 'no_content', 'โยธวีร์', 'yo2u_yo@hotmail.com', '', '0', 17, 7, 300, NULL, 'no_content', '30', '1', '1030', 'จตุจักร', 'บรรลือสุข-อพาร์ทเม้นต์'),
(41, 'ลือชา แฟลต', '127/2                          พหลโยธิน 1                          พหลโยธิน                          สามเสนใน', 3000, 3500, '02 271 3661 2', 1, '2013-03-08 17:34:22', '2013-03-08 17:34:22', '2013-03-08 17:34:22', '', '', 0, 1, 0, 0, 0, 0, 'no_content', 'ผู้ดูแลอพาร์ทเม้นท์', '-', '', '0', 15, 5, 0, NULL, 'no_content', '14', '1', '1014', 'พญาไท', 'ลือชา-แฟลต'),
(42, 'สลิล เพลส', '85/271 หมู่ 1                          เสรีไทย9 (แยก2-3)                          เสรีไทย                          คลองกุ่ม', 2600, 3200, '089-885-2586', 1, '2013-03-08 17:34:23', '2013-03-08 17:34:23', '2013-03-08 17:34:23', '13.776744409238201', '100.6552255153656', 0, 1, 0, 0, 0, 0, 'no_content', 'คุณนัท', 'salin_place@yahoo.co.th', '', '6', 18, 7, 0, NULL, 'no_content', '27', '1', '1027', 'บึงกุ่ม', 'สลิล-เพลส'),
(43, 'พี เรสซิเด้นท์ P Residence', '11/1-4                          อินทามระ 40                          อินทามระ                          ดินแดง', 5400, 6500, '0882437714', 1, '2013-03-08 17:34:25', '2013-03-08 17:34:25', '2013-03-08 17:34:25', '13.783309029380947', '100.5657243132373', 0, 1, 0, 0, 0, 0, 'no_content', 'ไก่', 'akksales@hotmail.com', '', '0', 17, 7, 0, NULL, 'no_content', '26', '1', '1026', 'ดินแดง', 'พี-เรสซิเด้นท์-P-Residence'),
(44, 'บี.พี. เพลส', '5                          พหลโยธิน                          พหลโยธิน                          ลาดยาว', 18000, 18000, '02 617 7080 - 3 กด 0', 1, '2013-03-08 17:34:29', '2013-03-08 17:34:29', '2013-03-08 17:34:29', '', '', 0, 4, 0, 0, 0, 0, 'no_content', 'พนักงานต้อนรับ', '-', '', '0', 30, 5, 0, NULL, 'no_content', '30', '1', '1030', 'จตุจักร', 'บี.พี.-เพลส'),
(45, 'ดี-เฮ้าส์ ลาดพร้าว', '33/2                          วัฒนานิเวศน์ 7                          สุทธสารวินิจฉัย                          สามเสนนอก', 4000, 8000, '022750061', 1, '2013-03-08 17:34:30', '2013-03-08 17:34:30', '2013-03-08 17:34:30', '', '', 0, 1, 0, 0, 0, 0, 'no_content', 'ปวิช', 'jubjib55@yahoo.com', '', '6', 18, 6, 350, NULL, 'no_content', '17', '1', '1017', 'ห้วยขวาง', 'ดี-เฮ้าส์-ลาดพร้าว'),
(46, 'ไดมอนเพลส', '96                          บางนาการ์เด้นท์                          บางนาตราด                          บางเสาธง', 4200, 5500, '081 6413589', 1, '2013-03-08 17:34:31', '2013-03-08 17:34:31', '2013-03-08 17:34:31', '', '', 0, 1, 0, 0, 0, 0, 'no_content', 'เมย์', 'pupa2552@hotmail.com', '', '0', 18, 6, 500, NULL, 'no_content', '52', '2', '1101', 'สมุทรปราการ', 'ไดมอนเพลส'),
(47, 'สุนิสา เพลส', '655/13                          ฉลองกรุง 1                          ลาดกระบัง                          ลาดกระบัง', 4000, 5000, '081-904 6492', 1, '2013-03-08 17:34:32', '2013-03-08 17:34:32', '2013-03-08 17:34:32', '13.725940524500552', '100.78423976898193', 0, 1, 0, 0, 0, 0, 'no_content', 'ปิยะวดี ตันสุทัศน์', 'jessjaa@gmail.com', '', '0', 17, 7, 0, NULL, 'no_content', '11', '1', '1011', 'ลาดกระบัง', 'สุนิสา-เพลส'),
(48, 'ซิตี้พลาซ่า', '59                          พิพัฒน์                          สีลม                          สีลม', 19000, 25000, '02-266-0270-8', 1, '2013-03-08 17:34:33', '2013-03-08 17:34:33', '2013-03-08 17:34:33', '13.725607006192', '100.5328631401062', 0, 4, 0, 0, 0, 0, 'no_content', 'พนักงานต้อนรับ', '-', '', '0', 0, 0, 0, NULL, 'no_content', '4', '1', '1004', 'บางรัก', 'ซิตี้พลาซ่า'),
(49, 'kpmansion', 'ราชปรารภ                          รัชฏภัณฑ์(หมอเหล็ง)                          55/1                          มักกะสัน', 4400, 5500, '026424004', 1, '2013-03-08 17:34:34', '2013-03-08 17:34:34', '2013-03-08 17:34:34', '13.757768494349301', '100.5457592010498', 0, 1, 0, 0, 0, 0, 'no_content', 'ดวงใจ', 'kpmansion@gmail.com', '', '4', 17, 6, 400, NULL, 'no_content', '37', '1', '1037', 'ราชเทวี', 'kpmansion'),
(50, 'รัตนภัทร์ เพลส', '91/26 หมู่ 4                          รามอินทรา 21                          รามอินทรา                          ท่าแร้ง', 3200, 3600, '02 – 900 - 4068 -9', 1, '2013-03-08 17:34:45', '2013-03-08 17:34:45', '2013-03-08 17:34:45', '13.872704918462574', '100.62382221221924', 0, 1, 0, 0, 0, 0, 'no_content', 'รัตนภัทร์ เพลส', 'rp.property@gmail.com', '', '0', 17, 6, 0, NULL, 'no_content', '5', '1', '1005', 'บางเขน', 'รัตนภัทร์-เพลส'),
(51, 'คุ้มหลวง เพลส', '4                          รามคำเเหง 99 (สุขาภิบาล 3)                          รามคำแหง                          หัวหมาก', 4000, 4500, '081 - 4477337', 1, '2013-03-08 17:34:47', '2013-03-08 17:34:47', '2013-03-08 17:34:47', '13.763958500707242', '100.6497323513031', 0, 1, 0, 0, 0, 0, 'no_content', 'ดอน', 'ninedon@hotmail.com', '', '0', 17, 7, 0, NULL, 'no_content', '6', '1', '1006', 'บางกะปิ', 'คุ้มหลวง-เพลส'),
(52, 'ลิเบอร์ตี้เพลซ อพาร์ทเม้นท์', '42                          สุขุมวิท 22                          สุขุมวิท                          คลองเตย', 5000, 24000, '02 258 0095 - 9', 1, '2013-03-08 17:34:49', '2013-03-08 17:34:49', '2013-03-08 17:34:49', '', '', 0, 1, 0, 0, 0, 0, 'no_content', 'ผู้ดูแลอพาร์ทเม้นท์', '-', '', '0', 0, 0, 0, NULL, 'no_content', '33', '1', '1033', 'คลองเตย', 'ลิเบอร์ตี้เพลซ-อพาร์ทเม้นท์'),
(53, 'ภราดาอพาร์ทเม้นท์', '25/34                          รามอินทรา19                          รามอินทรา19                          อนุสาวรีย์', 2500, 3200, '025521870', 1, '2556-03-08 17:37:13', '2556-03-08 17:37:13', '2556-03-08 17:37:13', '13.86390853716118', '100.61595797538757', 0, 1, 0, 0, 0, 0, 'no_content', 'เกรียงศักดิ์', 'potkemon@hotmail.com', '', '6', 18, 7, 500, NULL, 'no_content', '5', '1', '1005', 'บางเขน', 'ภราดาอพาร์ทเม้นท์'),
(54, 'สวนหลวงอพาร์ทเม้นท์', '32                          พัฒนาการ20แยก13                          พัฒนาการ                          สวนหลวง', 0, 0, '087-712-8654', 1, '2013-03-08 17:37:16', '2013-03-08 17:37:16', '2013-03-08 17:37:16', '13.730713953324466', '100.61036825180054', 0, 1, 0, 0, 0, 0, 'no_content', 'เจ้าหน้าที่อาคาร', '-', '', '0', 17, 7, 300, NULL, 'no_content', '34', '1', '1034', 'สวนหลวง', 'สวนหลวงอพาร์ทเม้นท์'),
(55, 'จิตรณรงค์ อพาร์ทเม้นท์', '50                          เพชรบุรี 5                          เพชรบุรี                          ราชเทวี', 4000, 4000, '02 612 0245', 1, '2013-03-08 17:37:23', '2013-03-08 17:37:23', '2013-03-08 17:37:23', '', '', 0, 1, 0, 0, 0, 0, 'no_content', 'ผู้ดูแลอพาร์ทเม้นท์', '-', '', '0', 0, 0, 0, NULL, 'no_content', '37', '1', '1037', 'ราชเทวี', 'จิตรณรงค์-อพาร์ทเม้นท์'),
(56, 'เดอะ รวิภา (วิภาวดี)', '92                          สัมมากร 2                          ประชานิเวศน์ 1                          ลาดยาว', 9900, 37900, '0 2954 2000', 1, '2013-03-08 17:37:23', '2013-03-08 17:37:23', '2013-03-08 17:37:23', '13.839975902282163', '100.55324792861938', 0, 4, 0, 0, 0, 0, 'no_content', 'พนักงานต้อนรับ', 'ravipha@cscoms.com', 'http://www.ravipha.com', '6', 0, 0, 0, NULL, 'no_content', '30', '1', '1030', 'จตุจักร', 'เดอะ-รวิภา-(วิภาวดี)'),
(57, 'จิตรประเสริฐ อพาร์ทเม้นต์', 'เพชรเกษม 54                          เพชรเกษม                          บางแค', 1700, 1700, '089-7927025', 1, '2013-03-08 17:37:25', '2013-03-08 17:37:25', '2013-03-08 17:37:25', '', '', 0, 1, 0, 0, 0, 0, 'no_content', 'คุณวิจิตร', 'may_mod@hotmail.com', '', '4', 17, 6, 0, NULL, 'no_content', '22', '1', '1022', 'ภาษีเจริญ', 'จิตรประเสริฐ-อพาร์ทเม้นต์'),
(58, 'โรงแรม อินเตอร์ เพลส', '118/92                          รามคำแหง 24                          รามคำแหง                          หัวหมาก', 16800, 36000, '02 319 0330', 1, '2013-03-08 17:37:26', '2013-03-08 17:37:26', '2013-03-08 17:37:26', '13.754767220200529', '100.62598943710327', 0, 4, 0, 0, 0, 0, 'no_content', 'พนักงานต้อนรับ', 'info@bangkokinterplace.com', 'http://www.bangkokinterplace.com', '0', 0, 0, 0, NULL, 'no_content', '6', '1', '1006', 'บางกะปิ', 'โรงแรม-อินเตอร์-เพลส'),
(59, 'หอพักสตรี พรรัตน์', '2041/1                                                    รามคำแหง                          หัวหมาก', 750, 1600, '0-2318-7079', 1, '2013-03-08 17:37:32', '2013-03-08 17:37:32', '2013-03-08 17:37:32', '', '', 0, 3, 0, 0, 0, 0, 'no_content', 'นางอรัญญา แกล้วทนงค์', '-', '', '0', 0, 0, 0, NULL, 'no_content', '6', '1', '1006', 'บางกะปิ', 'หอพักสตรี-พรรัตน์'),
(60, '99 สมาย แมนชั่น', '-                          ลาดพร้าว 124                          ลาดพร้าว-                          วังทองหลาง', 2700, 3100, '02-934-1388', 1, '2013-03-08 17:37:33', '2013-03-08 17:37:33', '2013-03-08 17:37:33', '13.774441538473479', '100.62508821487427', 0, 4, 0, 0, 0, 0, 'no_content', 'พนักงานต้อนรับ', '-', 'http://-', '6', 18, 6, 300, NULL, 'no_content', '45', '1', '1045', 'วังทองหลาง', '99-สมาย-แมนชั่น'),
(61, 'วีเอ็ม 2', '33                          พระรามเก้า 51                          เสรี 6ซอย 1                          สวนหลวง', 3500, 6500, '02-718-2536', 1, '2013-03-08 17:37:35', '2013-03-08 17:37:35', '2013-03-08 17:37:35', '13.745179558884631', '100.63287734985351', 0, 1, 0, 0, 0, 0, 'no_content', 'ผู้ดูแลอพาร์ทเม้นท์', '-', '', '0', 15, 7, 0, NULL, 'no_content', '34', '1', '1034', 'สวนหลวง', 'วีเอ็ม-2'),
(62, 'โฮม อพาร์ทเม้นท์', '10                          ประวิทย์และเพื่อน 1/1                          สุขุมวิท 103                          บางจาก', 2100, 2600, '081 918 8407', 1, '2013-03-08 17:37:35', '2013-03-08 17:37:35', '2013-03-08 17:37:35', '13.67890976765579', '100.63665390014648', 0, 1, 0, 0, 0, 0, 'no_content', 'คุณชุติกานต์', 'a_sorrasak@hotmail.com', '', '0', 18, 7, 0, NULL, 'no_content', '9', '1', '1009', 'พระโขนง', 'โฮม-อพาร์ทเม้นท์'),
(63, 'เลิศประสิทธิ์ เรสซิเดนซ์', '288                                                    กท-กรีฑา                          หัวหมาก', 2300, 3500, '02-379-4132-6 ต่อ 0', 1, '2013-03-08 17:37:37', '2013-03-08 17:37:37', '2013-03-08 17:37:37', '', '', 0, 1, 0, 0, 0, 0, 'no_content', 'เลิศประสิทธิ์ เรสซิเดนซ์', 'lertprasit@hotmail.com', '', '0', 0, 0, 0, NULL, 'no_content', '6', '1', '1006', 'บางกะปิ', 'เลิศประสิทธิ์-เรสซิเดนซ์'),
(64, 'The Serenade', '16                          97                          สุขุมวิท                          บางจาก', 7000, 8000, '02-730-0055', 1, '2013-03-08 17:37:37', '2013-03-08 17:37:37', '2013-03-08 17:37:37', '13.697443844665699', '100.60648441314697', 0, 0, 0, 0, 0, 0, 'no_content', 'ณัฐดนย์', 'info@theserenadebkk.com', 'http://www.theserenadebkk.com', '6', 18, 6, 0, NULL, 'no_content', '9', '1', '1009', 'พระโขนง', 'The-Serenade'),
(65, 'สุพัตร์ แมนชั่น', 'ประชาสงเคราะห์18                          ประชาสงเคราะห์                          ดินแดง', 3000, 4000, '0-1811-2092', 1, '2013-03-08 17:37:39', '2013-03-08 17:37:39', '2013-03-08 17:37:39', '13.773045216642567', '100.56106925010681', 0, 4, 0, 0, 0, 0, 'no_content', 'ผู้ดูแลแมนชั่น', '-', '', '0', 0, 0, 0, NULL, 'no_content', '26', '1', '1026', 'ดินแดง', 'สุพัตร์-แมนชั่น'),
(66, 'ราชาวดี แมนชั่น', '322                          ธรรมสโรช                          พญาไท                          เพชรบุรี', 5500, 6500, '02 215 9925', 1, '2013-03-08 17:37:40', '2013-03-08 17:37:40', '2013-03-08 17:37:40', '', '', 0, 4, 0, 0, 0, 0, 'no_content', 'ผู้ดูแลแมนชั่น', '-', '', '6', 18, 6, 500, NULL, 'no_content', '37', '1', '1037', 'ราชเทวี', 'ราชาวดี-แมนชั่น'),
(67, 'หอพักสตรี เดียร์', '2097/23-24                          หมู่บ้านวิกรม์                          รามคำแหง                          หัวหมาก', 800, 1200, '0-2314-5720 (หอ)', 1, '2013-03-08 17:37:41', '2013-03-08 17:37:41', '2013-03-08 17:37:41', '', '', 0, 3, 0, 0, 0, 0, 'no_content', 'นายศักดิ์ศิษฎ์ กีรตินันทกุล', '-', '', '0', 0, 5, 0, NULL, 'no_content', '6', '1', '1006', 'บางกะปิ', 'หอพักสตรี-เดียร์'),
(68, 'ชุมสิน เพลส อพาร์ทเม้นท์', '204(90/24)                          เพชรเกษม28                          เพชรเกษม                          คูหาสวรรค์', 2500, 2800, '02-467-1270-1', 1, '2013-03-08 17:37:41', '2013-03-08 17:37:41', '2013-03-08 17:37:41', '13.729901018161884', '100.45984268188476', 0, 1, 0, 0, 0, 0, 'no_content', 'คุณจิรทีปต์  มุ่งหมาย', '-', '', '0', 16, 6, 0, NULL, 'no_content', '22', '1', '1022', 'ภาษีเจริญ', 'ชุมสิน-เพลส-อพาร์ทเม้นท์'),
(69, 'แสงทองคอร์ท', '211/6                          พุทธโอสถ                          นเรศ                          บางรัก', 5000, 10000, '02-2349970-5', 1, '2013-03-08 17:37:43', '2013-03-08 17:37:43', '2013-03-08 17:37:43', '', '', 0, 4, 0, 0, 0, 0, 'no_content', 'แสงทองคอร์ท', '-', '', '0', 0, 0, 0, NULL, 'no_content', '4', '1', '1004', 'บางรัก', 'แสงทองคอร์ท'),
(70, 'เดอะ ทริปเปิ้ล', '33/3                          รามอินทรา 83                          รามอินทรา                          รามอินทรา', 3500, 3900, '0815577179', 1, '2013-03-08 17:37:43', '2013-03-08 17:37:43', '2013-03-08 17:37:43', '', '', 0, 1, 0, 0, 0, 0, 'no_content', 'สุ', 'yumyumny2004@yahoo.com', '', '6', 17, 7, 400, NULL, 'no_content', '43', '1', '1043', 'คันนายาว', 'เดอะ-ทริปเปิ้ล'),
(71, 'อยู่สบายอพาร์ทเมนท์', '117                          สุขุมวิท 97- 97/1                          สุขุมวิท                          บางจาก', 5000, 5200, '02-7303000', 1, '2013-03-08 17:37:48', '2013-03-08 17:37:48', '2013-03-08 17:37:48', '13.697068591001176', '100.60571193695068', 0, 1, 0, 0, 0, 0, 'no_content', 'คุณตั้ม คุณสุคนธ์', 'tummpb@gmail.com,usabuy.apt@gmail.com', '', '3', 20, 7, 0, NULL, 'no_content', '9', '1', '1009', 'พระโขนง', 'อยู่สบายอพาร์ทเมนท์'),
(72, 'ทอมสัน เรสซิเดนซ์', '42                          4                          บางนา-ตราด                          บางนา', 28000, 97500, '02-744-5108', 1, '2013-03-08 17:37:51', '2013-03-08 17:37:51', '2013-03-08 17:37:51', '13.670507449905905', '100.61506748199463', 0, 4, 0, 0, 0, 0, 'no_content', 'พนักงานต้อนรับ', 'sale@thomsonresidence.com', 'http://www.thomsonresidence.com', '0', 0, 0, 0, NULL, 'no_content', '47', '1', '1047', 'บางนา', 'ทอมสัน-เรสซิเดนซ์'),
(73, 'เดอะนิน เพลส', '320-322                          ศิริถาวร (รามฯ 24 แยก 24)                          พระราม9 (41)                          สวนหลวง', 4800, 6300, '02-719-0099', 1, '2013-03-08 17:37:54', '2013-03-08 17:37:54', '2013-03-08 17:37:54', '13.742699208681595', '100.62611818313599', 0, 1, 0, 0, 0, 0, 'no_content', 'มาลี นิลภิรมย์', 'theninplace@gmail.com', '', '0', 17, 7, 600, NULL, 'no_content', '34', '1', '1034', 'สวนหลวง', 'เดอะนิน-เพลส'),
(74, 'เกศสยาม อพาร์ทเม้นท์', 'รัชดาภิเษก 32                          รัชดาภิเษก                          ลาดยาว', 3200, 3500, '02-541-7272 ต่อ 111', 1, '2013-03-08 17:37:59', '2013-03-08 17:37:59', '2013-03-08 17:37:59', '', '', 0, 1, 0, 0, 0, 0, 'no_content', 'จิราวรรณ และ ฐานิดา', 'than-001@hotmail.com ,gracesiam@hotmail.', '', '0', 18, 7, 0, NULL, 'no_content', '30', '1', '1030', 'จตุจักร', 'เกศสยาม-อพาร์ทเม้นท์'),
(75, 'บ้านพิพัฒน์', '16                          ลาดพร้าว 15                          ลาดพร้าว                          จอมพล', 7000, 15000, '029555630', 1, '2013-03-08 17:38:00', '2013-03-08 17:38:00', '2013-03-08 17:38:00', '13.808377927776796', '100.57152986526489', 0, 4, 0, 0, 0, 0, 'no_content', 'พนักงานต้อนรับ', 'max.2529@hotmail.com', '', '0', 19, 7, 500, NULL, 'no_content', '30', '1', '1030', 'จตุจักร', 'บ้านพิพัฒน์'),
(76, 'ถาวรเพลส', '864                                                    พระรามเก้า(ตัดใหม่)                          สวนหลวง', 4300, 11000, '02-319-8500 กด 0', 1, '2013-03-08 17:38:08', '2013-03-08 17:38:08', '2013-03-08 17:38:08', '13.741594506441035', '100.61315774917602', 0, 1, 0, 0, 0, 0, 'no_content', 'ดารุณี', 'yamusoon@hotmail.com', 'http://www.thawornplace.com', '6', 17, 6, 450, NULL, 'no_content', '34', '1', '1034', 'สวนหลวง', 'ถาวรเพลส'),
(77, 'หอพักสตรี สุวคนธ์', '12                          เปี่ยมสมบัติ                          คลองตัน- หัวหมาก                          หัวหมาก', 1500, 1500, '02-318-0524', 1, '2013-03-08 17:38:13', '2013-03-08 17:38:13', '2013-03-08 17:38:13', '', '', 0, 3, 0, 0, 0, 0, 'no_content', 'ผู้ดูแลหอ', '-', '', '0', 0, 7, 0, NULL, 'no_content', '6', '1', '1006', 'บางกะปิ', 'หอพักสตรี-สุวคนธ์'),
(78, 'BCJ Residence', '15                          ซ.งามวงศ์วาน 47 แยก 18                          (ซ.ซินเขต 2/16 ) งามวงศ์วาน', 4500, 4800, '02-954-8040-2', 1, '2013-03-08 17:38:14', '2013-03-08 17:38:14', '2013-03-08 17:38:14', '13.863757501060066', '100.55738389492035', 0, 1, 0, 0, 0, 0, 'no_content', 'จารุพรรณ บุญจันทร์', 'poppy-hero@Hotmail.com', 'http://www.bcjresidence.com', '6', 16, 6, 300, NULL, 'no_content', '41', '1', '1041', 'หลักสี', 'BCJ-Residence'),
(79, 'ประชาชื่น เรสซิเด้นท์', '1297 - 1298                                                    ประชาชื่น                          ประชาชื่น', 4500, 4500, '02 587 6688', 1, '2013-03-08 17:38:24', '2013-03-08 17:38:24', '2013-03-08 17:38:24', '', '', 0, 1, 0, 0, 0, 0, 'no_content', 'ผู้ดูแลอพาร์ทเม้นท์', '-', 'http://www.prachachuenresidence.com', '0', 17, 6, 0, NULL, 'no_content', '0', '0', '00000', 'ไม่ระบุ', 'ประชาชื่น-เรสซิเด้นท์'),
(80, 'บุญทิพย์อพาร์ทเม้นท์', '478                          ซอย วิภาวดี 42                          วิภาวดี-รังสิต                          ลาดยาว', 3200, 3700, '02-5794835', 1, '2013-03-08 17:38:25', '2013-03-08 17:38:25', '2013-03-08 17:38:25', '13.840871792860566', '100.56258201599121', 0, 1, 0, 0, 0, 0, 'no_content', 'ผู้ดูแลอพาร์ทเม้นท์', 'boonthipapartment@yahoo.com', '', '0', 17, 7, 0, NULL, 'no_content', '30', '1', '1030', 'จตุจักร', 'บุญทิพย์อพาร์ทเม้นท์'),
(81, 'โกลเด้น เฮ้าส์', '205                          แสงอุทัย                          สุขุมวิท 50                          พระโขนง', 6000, 15000, '02-3324890-1 กด 0 หร', 1, '2013-03-08 17:38:25', '2013-03-08 17:38:25', '2013-03-08 17:38:25', '13.70384391214529', '100.59693574905396', 0, 1, 0, 0, 0, 0, 'no_content', 'พนักงานต้อนรับ', 'goldenhouse06@yahoo.com', 'http://http://goldenhouse06.tripod.com', '0', 20, 7, 0, NULL, 'no_content', '33', '1', '1033', 'คลองเตย', 'โกลเด้น-เฮ้าส์'),
(82, 'หอพักสตรี ตุ๊กตา', '11/6                          รามคำแหง 53                          รามคำแหง                          หัวหมาก', 2400, 2400, '02-318-5794', 1, '2013-03-08 17:38:27', '2013-03-08 17:38:27', '2013-03-08 17:38:27', '', '', 0, 3, 0, 0, 0, 0, 'no_content', 'ผู้ดูแลหอ', '-', '', '0', 0, 0, 0, NULL, 'no_content', '6', '1', '1006', 'บางกะปิ', 'หอพักสตรี-ตุ๊กตา'),
(83, 'ฟลอรัล ชายน์', '56                          ลาดกระบัง 42                          ลาดกระบัง                          ลาดกระบัง', 5500, 11000, '085-9206093', 1, '2013-03-08 17:38:27', '2013-03-08 17:38:27', '2013-03-08 17:38:27', '13.717956799831256', '100.76479911804199', 0, 4, 0, 0, 0, 0, 'no_content', 'ปอ  คุณโจ้', 'ladypatth@hotmail.com ,floral_shire@yaho', 'http://www.floralshireresort.com', '0', 0, 0, 0, NULL, 'no_content', '11', '1', '1011', 'ลาดกระบัง', 'ฟลอรัล-ชายน์'),
(84, 'หอพักสตรี นุภาดา', '118/73-75                          รามคำแหง 24                          รามคำแหง                          หัวหมาก', 1800, 1800, '0-2517-1819', 1, '2013-03-08 17:38:32', '2013-03-08 17:38:32', '2013-03-08 17:38:32', '', '', 0, 3, 0, 0, 0, 0, 'no_content', 'นางสาวลัดดา กฤษณวิภาคพร', '-', '', '0', 0, 0, 0, NULL, 'no_content', '6', '1', '1006', 'บางกะปิ', 'หอพักสตรี-นุภาดา');
INSERT INTO `building_site` (`id`, `building_name`, `building_address`, `start_price`, `end_price`, `phone_number`, `publish`, `datetimestamp`, `lastupdate`, `userupdate`, `latitude`, `longitude`, `recommend`, `building_type_id`, `zone_id`, `pay_type_id`, `user_owner_id`, `deleted`, `detail`, `contact_name`, `contact_email`, `website`, `month_stay`, `water_unit`, `electricity_unit`, `internet_price`, `googlemap_url`, `addr_number`, `addr_prefecture`, `addr_province`, `addr_zipcode`, `nearly_place`, `slug`) VALUES
(85, 'ขวัญพฤกษ์ แมนชั่น', '962                          อุดมสุข 50                          สุขุมวิท 103                          บางนา', 2700, 3500, '0 2748 8560 – 1', 1, '2013-03-08 17:38:33', '2013-03-08 17:38:33', '2013-03-08 17:38:33', '13.677200139208463', '100.63358545303345', 0, 4, 0, 0, 0, 0, 'no_content', 'พนักงานต้อนรับ', '-', 'http://kwanpleuk.blogspot.com', '3', 17, 6, 0, NULL, 'no_content', '47', '1', '1047', 'บางนา', 'ขวัญพฤกษ์-แมนชั่น'),
(86, 'ยูเนี่ยน อพาร์ทเม้นท์', '70/29                          เพชรบุรี 7                          เพชรบุรี                          พญาไท', 5000, 14000, '02 216 4521', 1, '2013-03-08 17:38:44', '2013-03-08 17:38:44', '2013-03-08 17:38:44', '', '', 0, 1, 0, 0, 0, 0, 'no_content', 'ผู้ดูแลอพาร์ทเม้นท์', '-', '', '0', 0, 0, 0, NULL, 'no_content', '37', '1', '1037', 'ราชเทวี', 'ยูเนี่ยน-อพาร์ทเม้นท์'),
(87, 'บ้านร่มเย็นมีสุข เรสซิเดนส์ใหม่สไตล์รีสอร์ท', '459                          ซ.วงศ์สว่าง 17/1                          วงศ์สว่าง                          วงศ์สว่าง', 5000, 7500, '089-5845558', 1, '2013-03-08 17:38:45', '2013-03-08 17:38:45', '2013-03-08 17:38:45', '13.823411722388971', '100.52202701568603', 0, 1, 0, 0, 0, 0, 'no_content', 'ณภัทร', 'naphat_krusata@yahoo.co.th', 'http://http://www.banromyenmeesuk.com', '0', 17, 7, 0, NULL, 'no_content', '29', '1', '1029', 'บางซื่อ', 'บ้านร่มเย็นมีสุข-เรสซิเดนส์ใหม่สไตล์รีสอร์ท'),
(88, 'จรูญชาติแมนชั่น', '105                          อ่อนนุช 17 แยก 1                          สุขุมวิืท 77                          สวนหลวง', 3000, 3500, '08-1196-4138', 1, '2013-03-08 17:38:46', '2013-03-08 17:38:46', '2013-03-08 17:38:46', '13.712119962427979', '100.61060428619385', 0, 4, 0, 0, 0, 0, 'no_content', 'คุณเสรี', 'charoonchat@gmail.com', '', '0', 17, 7, 0, NULL, 'no_content', '34', '1', '1034', 'สวนหลวง', 'จรูญชาติแมนชั่น'),
(89, 'มาย เฮ้าส์ (ซอยประชาอุทิศ 54)', '51/1                          ประชาอุทิศ 54                          ประชาอุทิศ                          บางมด', 2800, 3200, '081-8469135', 1, '2013-03-08 17:38:47', '2013-03-08 17:38:47', '2013-03-08 17:38:47', '', '', 0, 1, 0, 0, 0, 0, 'no_content', 'เล็ก', 'somponghome@yahoo.com', 'http://http://sites.google.com/site/myhousesoi5', '0', 20, 7, 300, NULL, 'no_content', '0', '0', '00000', 'ทุ่งครู', 'มาย-เฮ้าส์-(ซอยประชาอุทิศ-54)'),
(90, 'ไทรริน อพาร์ทเม้นต์', '945/47                          อุดมสุข 27                          สุขุมวิท 103                          บางนา', 2900, 4500, '0-2749-5231-2', 1, '2013-03-08 17:38:48', '2013-03-08 17:38:48', '2013-03-08 17:38:48', '13.681349094066334', '100.62257766723633', 0, 1, 0, 0, 0, 0, 'no_content', 'ไทรริน อพาร์ทเมนต์', 'sairinapt@gmail.com', '', '0', 18, 6, 0, NULL, 'no_content', '47', '1', '1047', 'บางนา', 'ไทรริน-อพาร์ทเม้นต์'),
(91, 'ออลอินเพลส อพาร์ทเมนท์', '247/4-5                          ลาดพร้าว122                          ลาดพร้าว                          วังทองหลาง', 3800, 4300, '02-934-1222ต่อ0,100', 1, '2013-03-08 17:38:50', '2013-03-08 17:38:50', '2013-03-08 17:38:50', '13.769710683004723', '100.62294244766235', 0, 1, 0, 0, 0, 0, 'no_content', 'หมี', 'alitalia_mee@hotmail.com', '', '6', 18, 7, 0, NULL, 'no_content', '45', '1', '1045', 'วังทองหลาง', 'ออลอินเพลส-อพาร์ทเมนท์'),
(92, 'ธนพงษ์แมนชั่น', '111/1                          รัชดาภิเษก 32                          รัชดาภิเษก                          จันทรเกษม', 2600, 3600, '084-0445160', 1, '2013-03-08 17:38:52', '2013-03-08 17:38:52', '2013-03-08 17:38:52', '13.818213035509583', '100.58502548898105', 0, 1, 0, 0, 0, 0, 'no_content', 'เจี๊ยบ', 'jeaby_teety@hotmail.com', '', '6', 20, 7, 0, NULL, 'no_content', '30', '1', '1030', 'จตุจักร', 'ธนพงษ์แมนชั่น'),
(93, 'พรปิยะ อพาร์ทเม้นท์', '11/1                          อร่ามศรี                          พญาไท                          ทุ่งพญาไท', 4000, 4600, '02 215 6007', 1, '2013-03-08 17:38:55', '2013-03-08 17:38:55', '2013-03-08 17:38:55', '', '', 0, 1, 0, 0, 0, 0, 'no_content', 'ผู้ดูแลอพาร์ทเม้นท์', '-', '', '0', 20, 6, 0, NULL, 'no_content', '14', '1', '1014', 'พญาไท', 'พรปิยะ-อพาร์ทเม้นท์'),
(94, 'รุ่งเรื่องแมนชั่น', '15/5                          ลาดพร้าว106 แยก1                          ลาดพร้าว                          พลับพลา', 2800, 3000, '0898915801', 1, '2013-03-08 17:38:57', '2013-03-08 17:38:57', '2013-03-08 17:38:57', '13.79807354036948', '100.59562683105469', 0, 4, 0, 0, 0, 0, 'no_content', 'สมพร', 'adul2501@hotmail.com', '', '6', 18, 6, 200, NULL, 'no_content', '45', '1', '1045', 'วังทองหลาง', 'รุ่งเรื่องแมนชั่น'),
(95, 'กาญจนา อพาร์ทเม้นต์', '2451/4                                                    เพชรบุรีตัดใหม่                          บางกะปิ', 3500, 3500, '02-718-2263', 1, '2013-03-08 17:39:00', '2013-03-08 17:39:00', '2013-03-08 17:39:00', '', '', 0, 1, 0, 0, 0, 0, 'no_content', 'พนักงานต้อนรับ', '-', '', '0', 17, 6, 0, NULL, 'no_content', '17', '1', '1017', 'ห้วยขวาง', 'กาญจนา-อพาร์ทเม้นต์'),
(96, 'ไทยศิลป์ อพาร์ตเมนต์', '486                          สมเด็จพระเจ้าตากสิน 4                          สมเด็จพระเจ้าตากสิน                          บางยี่เรือ', 3200, 5500, '028904904-18', 1, '2013-03-08 17:39:00', '2013-03-08 17:39:00', '2013-03-08 17:39:00', '13.721542213703443', '100.48885345458984', 0, 1, 0, 0, 0, 0, 'no_content', 'พนักงานต้อนรับ', '-', '', '0', 18, 5, 500, NULL, 'no_content', '15', '1', '1015', 'ธนบุรี', 'ไทยศิลป์-อพาร์ตเมนต์'),
(97, 'พ่วงทรัพย์ แมนชั่น', '42                          พ่วงทรัพย์                          เลียบคลองประปา                          บางซื่อ', 3500, 9600, '0-2556-1688', 1, '2013-03-08 17:39:01', '2013-03-08 17:39:01', '2013-03-08 17:39:01', '13.810524183725075', '100.5360496044159', 0, 1, 0, 0, 0, 0, 'no_content', 'พนักงานต้อนรับ', '-', '', '0', 17, 6, 0, NULL, 'no_content', '29', '1', '1029', 'บางซื่อ', 'พ่วงทรัพย์-แมนชั่น'),
(98, 'เมเปิ้ล เฮ้าส์ เอ็กคิวทีฟ อพาร์ทเม้นท์', '417                          นราธิวาสราชนครินทร์ 10                          นราธิวาสราชนครินทร์                          ทุ่งวัดดอน', 16000, 65000, '02 676 2050 - 60', 1, '2013-03-08 17:39:03', '2013-03-08 17:39:03', '2013-03-08 17:39:03', '13.712557730266647', '100.5287218093872', 0, 4, 0, 0, 0, 0, 'no_content', 'พนักงานต้อนรับ', '-', 'http://www.maplehouseapartment.com', '0', 17, 5, 0, NULL, 'no_content', '28', '1', '1028', 'สาทร', 'เมเปิ้ล-เฮ้าส์-เอ็กคิวทีฟ-อพาร์ทเม้นท์'),
(99, 'สตาร์', '74/17                          ปรีดีพนมยงค์14                          สุขุมวิท71                          พระโขนงเหนือ', 2500, 3200, '027512556', 1, '2013-03-08 17:39:07', '2013-03-08 17:39:07', '2013-03-08 17:39:07', '13.718665548777523', '100.60098552712589', 0, 0, 0, 0, 0, 0, 'no_content', 'ส้ม', 'yoonchalad@gmail.com', '', '0', 20, 7, 200, NULL, 'no_content', '39', '1', '1039', 'วัฒนา', 'สตาร์'),
(100, 'กันต์กนก อพาร์ทเม้นต์', '39/10                          ลาซาล                          สุขุมวิท                          บางนา', 2100, 2300, '02-749-1408-9', 1, '2013-03-08 17:39:10', '2013-03-08 17:39:10', '2013-03-08 17:39:10', '', '', 0, 1, 0, 0, 0, 0, 'no_content', 'พนักงานต้อนรับ', '-', '', '0', 16, 6, 0, NULL, 'no_content', '47', '1', '1047', 'บางนา', 'กันต์กนก-อพาร์ทเม้นต์');

-- --------------------------------------------------------

--
-- Table structure for table `building_type`
--

CREATE TABLE IF NOT EXISTS `building_type` (
  `id` int(11) NOT NULL AUTO_INCREMENT,
  `type_name` varchar(255) NOT NULL,
  `deleted` tinyint(1) DEFAULT '0',
  PRIMARY KEY (`id`)
) ENGINE=InnoDB  DEFAULT CHARSET=utf8 AUTO_INCREMENT=4 ;

--
-- Dumping data for table `building_type`
--

INSERT INTO `building_type` (`id`, `type_name`, `deleted`) VALUES
(1, 'อพาร์ทเม้นต์', 0),
(2, 'หอพักชาย', 0),
(3, 'หอพักหญิง', 0);

-- --------------------------------------------------------

--
-- Table structure for table `facility2site`
--

CREATE TABLE IF NOT EXISTS `facility2site` (
  `id` int(11) NOT NULL AUTO_INCREMENT,
  `building_site_id` int(11) NOT NULL,
  `facilitylist_id` int(11) NOT NULL,
  `deleted` tinyint(1) DEFAULT '0',
  PRIMARY KEY (`id`)
) ENGINE=InnoDB  DEFAULT CHARSET=utf8 AUTO_INCREMENT=3001 ;

--
-- Dumping data for table `facility2site`
--

INSERT INTO `facility2site` (`id`, `building_site_id`, `facilitylist_id`, `deleted`) VALUES
(1, 1, 1, 0),
(2, 1, 2, 1),
(3, 1, 3, 1),
(4, 1, 4, 0),
(5, 1, 5, 1),
(6, 1, 6, 1),
(7, 1, 7, 0),
(8, 1, 8, 1),
(9, 1, 9, 0),
(10, 1, 10, 1),
(11, 1, 11, 1),
(12, 1, 12, 0),
(13, 1, 13, 0),
(14, 1, 14, 0),
(15, 1, 15, 1),
(16, 1, 16, 1),
(17, 1, 17, 1),
(18, 1, 18, 1),
(19, 1, 19, 1),
(20, 1, 20, 0),
(21, 1, 21, 0),
(22, 1, 22, 1),
(23, 1, 23, 0),
(24, 1, 24, 1),
(25, 1, 25, 0),
(26, 1, 26, 1),
(27, 1, 27, 0),
(28, 1, 28, 1),
(29, 1, 29, 1),
(30, 1, 30, 0),
(31, 2, 1, 0),
(32, 2, 2, 1),
(33, 2, 3, 1),
(34, 2, 4, 0),
(35, 2, 5, 1),
(36, 2, 6, 1),
(37, 2, 7, 1),
(38, 2, 8, 1),
(39, 2, 9, 1),
(40, 2, 10, 1),
(41, 2, 11, 1),
(42, 2, 12, 1),
(43, 2, 13, 0),
(44, 2, 14, 1),
(45, 2, 15, 1),
(46, 2, 16, 1),
(47, 2, 17, 0),
(48, 2, 18, 1),
(49, 2, 19, 1),
(50, 2, 20, 0),
(51, 2, 21, 0),
(52, 2, 22, 0),
(53, 2, 23, 0),
(54, 2, 24, 1),
(55, 2, 25, 1),
(56, 2, 26, 1),
(57, 2, 27, 1),
(58, 2, 28, 0),
(59, 2, 29, 0),
(60, 2, 30, 0),
(61, 3, 1, 1),
(62, 3, 2, 0),
(63, 3, 3, 1),
(64, 3, 4, 0),
(65, 3, 5, 1),
(66, 3, 6, 1),
(67, 3, 7, 1),
(68, 3, 8, 1),
(69, 3, 9, 1),
(70, 3, 10, 1),
(71, 3, 11, 1),
(72, 3, 12, 0),
(73, 3, 13, 0),
(74, 3, 14, 0),
(75, 3, 15, 1),
(76, 3, 16, 1),
(77, 3, 17, 1),
(78, 3, 18, 0),
(79, 3, 19, 1),
(80, 3, 20, 0),
(81, 3, 21, 0),
(82, 3, 22, 0),
(83, 3, 23, 0),
(84, 3, 24, 0),
(85, 3, 25, 0),
(86, 3, 26, 0),
(87, 3, 27, 0),
(88, 3, 28, 0),
(89, 3, 29, 0),
(90, 3, 30, 0),
(91, 4, 1, 1),
(92, 4, 2, 0),
(93, 4, 3, 1),
(94, 4, 4, 0),
(95, 4, 5, 1),
(96, 4, 6, 1),
(97, 4, 7, 1),
(98, 4, 8, 1),
(99, 4, 9, 0),
(100, 4, 10, 1),
(101, 4, 11, 1),
(102, 4, 12, 0),
(103, 4, 13, 0),
(104, 4, 14, 0),
(105, 4, 15, 1),
(106, 4, 16, 1),
(107, 4, 17, 0),
(108, 4, 18, 0),
(109, 4, 19, 0),
(110, 4, 20, 0),
(111, 4, 21, 0),
(112, 4, 22, 0),
(113, 4, 23, 0),
(114, 4, 24, 0),
(115, 4, 25, 0),
(116, 4, 26, 1),
(117, 4, 27, 0),
(118, 4, 28, 1),
(119, 4, 29, 1),
(120, 4, 30, 0),
(121, 5, 1, 0),
(122, 5, 2, 1),
(123, 5, 3, 1),
(124, 5, 4, 1),
(125, 5, 5, 1),
(126, 5, 6, 0),
(127, 5, 7, 0),
(128, 5, 8, 1),
(129, 5, 9, 0),
(130, 5, 10, 1),
(131, 5, 11, 0),
(132, 5, 12, 0),
(133, 5, 13, 0),
(134, 5, 14, 0),
(135, 5, 15, 1),
(136, 5, 16, 1),
(137, 5, 17, 1),
(138, 5, 18, 0),
(139, 5, 19, 1),
(140, 5, 20, 0),
(141, 5, 21, 0),
(142, 5, 22, 1),
(143, 5, 23, 0),
(144, 5, 24, 1),
(145, 5, 25, 1),
(146, 5, 26, 1),
(147, 5, 27, 1),
(148, 5, 28, 1),
(149, 5, 29, 1),
(150, 5, 30, 0),
(151, 6, 1, 0),
(152, 6, 2, 0),
(153, 6, 3, 0),
(154, 6, 4, 0),
(155, 6, 5, 0),
(156, 6, 6, 0),
(157, 6, 7, 0),
(158, 6, 8, 0),
(159, 6, 9, 0),
(160, 6, 10, 0),
(161, 6, 11, 0),
(162, 6, 12, 0),
(163, 6, 13, 0),
(164, 6, 14, 0),
(165, 6, 15, 0),
(166, 6, 16, 1),
(167, 6, 17, 1),
(168, 6, 18, 0),
(169, 6, 19, 0),
(170, 6, 20, 0),
(171, 6, 21, 0),
(172, 6, 22, 0),
(173, 6, 23, 0),
(174, 6, 24, 0),
(175, 6, 25, 1),
(176, 6, 26, 0),
(177, 6, 27, 0),
(178, 6, 28, 1),
(179, 6, 29, 1),
(180, 6, 30, 0),
(181, 7, 1, 0),
(182, 7, 2, 0),
(183, 7, 3, 0),
(184, 7, 4, 0),
(185, 7, 5, 0),
(186, 7, 6, 0),
(187, 7, 7, 0),
(188, 7, 8, 0),
(189, 7, 9, 0),
(190, 7, 10, 0),
(191, 7, 11, 0),
(192, 7, 12, 0),
(193, 7, 13, 0),
(194, 7, 14, 0),
(195, 7, 15, 0),
(196, 7, 16, 1),
(197, 7, 17, 1),
(198, 7, 18, 0),
(199, 7, 19, 0),
(200, 7, 20, 0),
(201, 7, 21, 0),
(202, 7, 22, 0),
(203, 7, 23, 0),
(204, 7, 24, 0),
(205, 7, 25, 0),
(206, 7, 26, 0),
(207, 7, 27, 0),
(208, 7, 28, 0),
(209, 7, 29, 0),
(210, 7, 30, 0),
(211, 8, 1, 1),
(212, 8, 2, 0),
(213, 8, 3, 1),
(214, 8, 4, 0),
(215, 8, 5, 1),
(216, 8, 6, 0),
(217, 8, 7, 0),
(218, 8, 8, 1),
(219, 8, 9, 0),
(220, 8, 10, 1),
(221, 8, 11, 1),
(222, 8, 12, 0),
(223, 8, 13, 0),
(224, 8, 14, 0),
(225, 8, 15, 1),
(226, 8, 16, 1),
(227, 8, 17, 1),
(228, 8, 18, 0),
(229, 8, 19, 1),
(230, 8, 20, 0),
(231, 8, 21, 0),
(232, 8, 22, 0),
(233, 8, 23, 0),
(234, 8, 24, 1),
(235, 8, 25, 0),
(236, 8, 26, 0),
(237, 8, 27, 0),
(238, 8, 28, 1),
(239, 8, 29, 1),
(240, 8, 30, 0),
(241, 9, 1, 0),
(242, 9, 2, 0),
(243, 9, 3, 0),
(244, 9, 4, 0),
(245, 9, 5, 0),
(246, 9, 6, 0),
(247, 9, 7, 0),
(248, 9, 8, 0),
(249, 9, 9, 0),
(250, 9, 10, 0),
(251, 9, 11, 0),
(252, 9, 12, 0),
(253, 9, 13, 0),
(254, 9, 14, 1),
(255, 9, 15, 1),
(256, 9, 16, 1),
(257, 9, 17, 1),
(258, 9, 18, 0),
(259, 9, 19, 1),
(260, 9, 20, 0),
(261, 9, 21, 0),
(262, 9, 22, 0),
(263, 9, 23, 0),
(264, 9, 24, 1),
(265, 9, 25, 0),
(266, 9, 26, 1),
(267, 9, 27, 0),
(268, 9, 28, 0),
(269, 9, 29, 0),
(270, 9, 30, 1),
(271, 10, 1, 0),
(272, 10, 2, 0),
(273, 10, 3, 0),
(274, 10, 4, 1),
(275, 10, 5, 1),
(276, 10, 6, 0),
(277, 10, 7, 0),
(278, 10, 8, 0),
(279, 10, 9, 0),
(280, 10, 10, 0),
(281, 10, 11, 0),
(282, 10, 12, 0),
(283, 10, 13, 0),
(284, 10, 14, 0),
(285, 10, 15, 1),
(286, 10, 16, 0),
(287, 10, 17, 1),
(288, 10, 18, 0),
(289, 10, 19, 1),
(290, 10, 20, 0),
(291, 10, 21, 0),
(292, 10, 22, 0),
(293, 10, 23, 0),
(294, 10, 24, 0),
(295, 10, 25, 0),
(296, 10, 26, 0),
(297, 10, 27, 0),
(298, 10, 28, 0),
(299, 10, 29, 0),
(300, 10, 30, 0),
(301, 11, 1, 0),
(302, 11, 2, 1),
(303, 11, 3, 1),
(304, 11, 4, 0),
(305, 11, 5, 1),
(306, 11, 6, 1),
(307, 11, 7, 0),
(308, 11, 8, 1),
(309, 11, 9, 0),
(310, 11, 10, 1),
(311, 11, 11, 1),
(312, 11, 12, 0),
(313, 11, 13, 0),
(314, 11, 14, 1),
(315, 11, 15, 1),
(316, 11, 16, 1),
(317, 11, 17, 1),
(318, 11, 18, 0),
(319, 11, 19, 1),
(320, 11, 20, 0),
(321, 11, 21, 0),
(322, 11, 22, 0),
(323, 11, 23, 0),
(324, 11, 24, 0),
(325, 11, 25, 0),
(326, 11, 26, 0),
(327, 11, 27, 0),
(328, 11, 28, 0),
(329, 11, 29, 0),
(330, 11, 30, 0),
(331, 12, 1, 0),
(332, 12, 2, 0),
(333, 12, 3, 0),
(334, 12, 4, 0),
(335, 12, 5, 0),
(336, 12, 6, 0),
(337, 12, 7, 0),
(338, 12, 8, 0),
(339, 12, 9, 0),
(340, 12, 10, 0),
(341, 12, 11, 0),
(342, 12, 12, 0),
(343, 12, 13, 0),
(344, 12, 14, 0),
(345, 12, 15, 1),
(346, 12, 16, 1),
(347, 12, 17, 1),
(348, 12, 18, 0),
(349, 12, 19, 1),
(350, 12, 20, 0),
(351, 12, 21, 0),
(352, 12, 22, 0),
(353, 12, 23, 0),
(354, 12, 24, 1),
(355, 12, 25, 0),
(356, 12, 26, 1),
(357, 12, 27, 0),
(358, 12, 28, 1),
(359, 12, 29, 1),
(360, 12, 30, 0),
(361, 13, 1, 0),
(362, 13, 2, 0),
(363, 13, 3, 0),
(364, 13, 4, 0),
(365, 13, 5, 0),
(366, 13, 6, 0),
(367, 13, 7, 0),
(368, 13, 8, 0),
(369, 13, 9, 0),
(370, 13, 10, 0),
(371, 13, 11, 0),
(372, 13, 12, 0),
(373, 13, 13, 0),
(374, 13, 14, 0),
(375, 13, 15, 0),
(376, 13, 16, 1),
(377, 13, 17, 1),
(378, 13, 18, 0),
(379, 13, 19, 0),
(380, 13, 20, 0),
(381, 13, 21, 0),
(382, 13, 22, 0),
(383, 13, 23, 0),
(384, 13, 24, 0),
(385, 13, 25, 0),
(386, 13, 26, 0),
(387, 13, 27, 0),
(388, 13, 28, 1),
(389, 13, 29, 0),
(390, 13, 30, 0),
(391, 14, 1, 0),
(392, 14, 2, 0),
(393, 14, 3, 0),
(394, 14, 4, 0),
(395, 14, 5, 0),
(396, 14, 6, 0),
(397, 14, 7, 0),
(398, 14, 8, 0),
(399, 14, 9, 0),
(400, 14, 10, 0),
(401, 14, 11, 0),
(402, 14, 12, 0),
(403, 14, 13, 0),
(404, 14, 14, 0),
(405, 14, 15, 0),
(406, 14, 16, 0),
(407, 14, 17, 0),
(408, 14, 18, 0),
(409, 14, 19, 0),
(410, 14, 20, 0),
(411, 14, 21, 0),
(412, 14, 22, 0),
(413, 14, 23, 0),
(414, 14, 24, 0),
(415, 14, 25, 0),
(416, 14, 26, 0),
(417, 14, 27, 0),
(418, 14, 28, 0),
(419, 14, 29, 0),
(420, 14, 30, 0),
(421, 15, 1, 1),
(422, 15, 2, 0),
(423, 15, 3, 1),
(424, 15, 4, 1),
(425, 15, 5, 1),
(426, 15, 6, 0),
(427, 15, 7, 1),
(428, 15, 8, 1),
(429, 15, 9, 0),
(430, 15, 10, 1),
(431, 15, 11, 1),
(432, 15, 12, 0),
(433, 15, 13, 0),
(434, 15, 14, 1),
(435, 15, 15, 1),
(436, 15, 16, 1),
(437, 15, 17, 1),
(438, 15, 18, 0),
(439, 15, 19, 0),
(440, 15, 20, 1),
(441, 15, 21, 0),
(442, 15, 22, 0),
(443, 15, 23, 0),
(444, 15, 24, 1),
(445, 15, 25, 1),
(446, 15, 26, 1),
(447, 15, 27, 0),
(448, 15, 28, 1),
(449, 15, 29, 1),
(450, 15, 30, 0),
(451, 16, 1, 1),
(452, 16, 2, 0),
(453, 16, 3, 1),
(454, 16, 4, 1),
(455, 16, 5, 1),
(456, 16, 6, 0),
(457, 16, 7, 0),
(458, 16, 8, 1),
(459, 16, 9, 0),
(460, 16, 10, 1),
(461, 16, 11, 1),
(462, 16, 12, 0),
(463, 16, 13, 0),
(464, 16, 14, 0),
(465, 16, 15, 1),
(466, 16, 16, 1),
(467, 16, 17, 1),
(468, 16, 18, 0),
(469, 16, 19, 0),
(470, 16, 20, 0),
(471, 16, 21, 0),
(472, 16, 22, 0),
(473, 16, 23, 0),
(474, 16, 24, 1),
(475, 16, 25, 1),
(476, 16, 26, 1),
(477, 16, 27, 0),
(478, 16, 28, 0),
(479, 16, 29, 1),
(480, 16, 30, 0),
(481, 17, 1, 0),
(482, 17, 2, 1),
(483, 17, 3, 1),
(484, 17, 4, 0),
(485, 17, 5, 1),
(486, 17, 6, 1),
(487, 17, 7, 0),
(488, 17, 8, 1),
(489, 17, 9, 0),
(490, 17, 10, 1),
(491, 17, 11, 1),
(492, 17, 12, 0),
(493, 17, 13, 0),
(494, 17, 14, 0),
(495, 17, 15, 1),
(496, 17, 16, 1),
(497, 17, 17, 1),
(498, 17, 18, 0),
(499, 17, 19, 1),
(500, 17, 20, 0),
(501, 17, 21, 0),
(502, 17, 22, 0),
(503, 17, 23, 0),
(504, 17, 24, 1),
(505, 17, 25, 1),
(506, 17, 26, 0),
(507, 17, 27, 0),
(508, 17, 28, 0),
(509, 17, 29, 0),
(510, 17, 30, 0),
(511, 18, 1, 0),
(512, 18, 2, 0),
(513, 18, 3, 0),
(514, 18, 4, 0),
(515, 18, 5, 0),
(516, 18, 6, 0),
(517, 18, 7, 0),
(518, 18, 8, 0),
(519, 18, 9, 0),
(520, 18, 10, 0),
(521, 18, 11, 0),
(522, 18, 12, 0),
(523, 18, 13, 0),
(524, 18, 14, 0),
(525, 18, 15, 1),
(526, 18, 16, 0),
(527, 18, 17, 0),
(528, 18, 18, 0),
(529, 18, 19, 0),
(530, 18, 20, 0),
(531, 18, 21, 0),
(532, 18, 22, 0),
(533, 18, 23, 0),
(534, 18, 24, 1),
(535, 18, 25, 0),
(536, 18, 26, 1),
(537, 18, 27, 0),
(538, 18, 28, 1),
(539, 18, 29, 1),
(540, 18, 30, 0),
(541, 19, 1, 1),
(542, 19, 2, 0),
(543, 19, 3, 0),
(544, 19, 4, 0),
(545, 19, 5, 0),
(546, 19, 6, 0),
(547, 19, 7, 0),
(548, 19, 8, 0),
(549, 19, 9, 0),
(550, 19, 10, 0),
(551, 19, 11, 0),
(552, 19, 12, 0),
(553, 19, 13, 0),
(554, 19, 14, 0),
(555, 19, 15, 0),
(556, 19, 16, 0),
(557, 19, 17, 0),
(558, 19, 18, 0),
(559, 19, 19, 0),
(560, 19, 20, 0),
(561, 19, 21, 0),
(562, 19, 22, 0),
(563, 19, 23, 0),
(564, 19, 24, 0),
(565, 19, 25, 0),
(566, 19, 26, 0),
(567, 19, 27, 0),
(568, 19, 28, 0),
(569, 19, 29, 0),
(570, 19, 30, 0),
(571, 20, 1, 1),
(572, 20, 2, 1),
(573, 20, 3, 1),
(574, 20, 4, 0),
(575, 20, 5, 1),
(576, 20, 6, 1),
(577, 20, 7, 0),
(578, 20, 8, 1),
(579, 20, 9, 0),
(580, 20, 10, 1),
(581, 20, 11, 1),
(582, 20, 12, 0),
(583, 20, 13, 0),
(584, 20, 14, 1),
(585, 20, 15, 1),
(586, 20, 16, 1),
(587, 20, 17, 1),
(588, 20, 18, 1),
(589, 20, 19, 1),
(590, 20, 20, 0),
(591, 20, 21, 0),
(592, 20, 22, 1),
(593, 20, 23, 0),
(594, 20, 24, 1),
(595, 20, 25, 0),
(596, 20, 26, 1),
(597, 20, 27, 1),
(598, 20, 28, 1),
(599, 20, 29, 1),
(600, 20, 30, 0),
(601, 21, 1, 0),
(602, 21, 2, 0),
(603, 21, 3, 0),
(604, 21, 4, 0),
(605, 21, 5, 0),
(606, 21, 6, 0),
(607, 21, 7, 0),
(608, 21, 8, 0),
(609, 21, 9, 0),
(610, 21, 10, 0),
(611, 21, 11, 0),
(612, 21, 12, 0),
(613, 21, 13, 0),
(614, 21, 14, 0),
(615, 21, 15, 0),
(616, 21, 16, 0),
(617, 21, 17, 0),
(618, 21, 18, 0),
(619, 21, 19, 0),
(620, 21, 20, 0),
(621, 21, 21, 0),
(622, 21, 22, 0),
(623, 21, 23, 0),
(624, 21, 24, 0),
(625, 21, 25, 0),
(626, 21, 26, 0),
(627, 21, 27, 0),
(628, 21, 28, 0),
(629, 21, 29, 0),
(630, 21, 30, 0),
(631, 22, 1, 0),
(632, 22, 2, 1),
(633, 22, 3, 1),
(634, 22, 4, 0),
(635, 22, 5, 1),
(636, 22, 6, 1),
(637, 22, 7, 1),
(638, 22, 8, 1),
(639, 22, 9, 0),
(640, 22, 10, 1),
(641, 22, 11, 1),
(642, 22, 12, 0),
(643, 22, 13, 0),
(644, 22, 14, 0),
(645, 22, 15, 1),
(646, 22, 16, 1),
(647, 22, 17, 1),
(648, 22, 18, 0),
(649, 22, 19, 1),
(650, 22, 20, 1),
(651, 22, 21, 0),
(652, 22, 22, 0),
(653, 22, 23, 0),
(654, 22, 24, 0),
(655, 22, 25, 0),
(656, 22, 26, 0),
(657, 22, 27, 0),
(658, 22, 28, 0),
(659, 22, 29, 0),
(660, 22, 30, 0),
(661, 23, 1, 0),
(662, 23, 2, 0),
(663, 23, 3, 0),
(664, 23, 4, 1),
(665, 23, 5, 1),
(666, 23, 6, 0),
(667, 23, 7, 0),
(668, 23, 8, 1),
(669, 23, 9, 0),
(670, 23, 10, 1),
(671, 23, 11, 0),
(672, 23, 12, 0),
(673, 23, 13, 0),
(674, 23, 14, 0),
(675, 23, 15, 0),
(676, 23, 16, 0),
(677, 23, 17, 0),
(678, 23, 18, 0),
(679, 23, 19, 0),
(680, 23, 20, 0),
(681, 23, 21, 0),
(682, 23, 22, 0),
(683, 23, 23, 0),
(684, 23, 24, 0),
(685, 23, 25, 0),
(686, 23, 26, 0),
(687, 23, 27, 0),
(688, 23, 28, 0),
(689, 23, 29, 0),
(690, 23, 30, 0),
(691, 24, 1, 0),
(692, 24, 2, 0),
(693, 24, 3, 1),
(694, 24, 4, 0),
(695, 24, 5, 1),
(696, 24, 6, 1),
(697, 24, 7, 1),
(698, 24, 8, 1),
(699, 24, 9, 1),
(700, 24, 10, 1),
(701, 24, 11, 1),
(702, 24, 12, 0),
(703, 24, 13, 0),
(704, 24, 14, 1),
(705, 24, 15, 1),
(706, 24, 16, 1),
(707, 24, 17, 1),
(708, 24, 18, 0),
(709, 24, 19, 1),
(710, 24, 20, 1),
(711, 24, 21, 0),
(712, 24, 22, 1),
(713, 24, 23, 0),
(714, 24, 24, 0),
(715, 24, 25, 0),
(716, 24, 26, 0),
(717, 24, 27, 0),
(718, 24, 28, 0),
(719, 24, 29, 0),
(720, 24, 30, 0),
(721, 25, 1, 0),
(722, 25, 2, 0),
(723, 25, 3, 0),
(724, 25, 4, 0),
(725, 25, 5, 0),
(726, 25, 6, 0),
(727, 25, 7, 0),
(728, 25, 8, 0),
(729, 25, 9, 0),
(730, 25, 10, 0),
(731, 25, 11, 0),
(732, 25, 12, 0),
(733, 25, 13, 0),
(734, 25, 14, 1),
(735, 25, 15, 1),
(736, 25, 16, 1),
(737, 25, 17, 1),
(738, 25, 18, 0),
(739, 25, 19, 1),
(740, 25, 20, 0),
(741, 25, 21, 0),
(742, 25, 22, 0),
(743, 25, 23, 0),
(744, 25, 24, 0),
(745, 25, 25, 0),
(746, 25, 26, 0),
(747, 25, 27, 0),
(748, 25, 28, 0),
(749, 25, 29, 0),
(750, 25, 30, 0),
(751, 26, 1, 0),
(752, 26, 2, 0),
(753, 26, 3, 0),
(754, 26, 4, 0),
(755, 26, 5, 0),
(756, 26, 6, 0),
(757, 26, 7, 0),
(758, 26, 8, 0),
(759, 26, 9, 0),
(760, 26, 10, 0),
(761, 26, 11, 0),
(762, 26, 12, 0),
(763, 26, 13, 0),
(764, 26, 14, 1),
(765, 26, 15, 0),
(766, 26, 16, 1),
(767, 26, 17, 1),
(768, 26, 18, 0),
(769, 26, 19, 1),
(770, 26, 20, 0),
(771, 26, 21, 0),
(772, 26, 22, 0),
(773, 26, 23, 0),
(774, 26, 24, 0),
(775, 26, 25, 0),
(776, 26, 26, 0),
(777, 26, 27, 0),
(778, 26, 28, 0),
(779, 26, 29, 0),
(780, 26, 30, 0),
(781, 27, 1, 0),
(782, 27, 2, 0),
(783, 27, 3, 1),
(784, 27, 4, 0),
(785, 27, 5, 1),
(786, 27, 6, 1),
(787, 27, 7, 0),
(788, 27, 8, 1),
(789, 27, 9, 0),
(790, 27, 10, 1),
(791, 27, 11, 1),
(792, 27, 12, 0),
(793, 27, 13, 0),
(794, 27, 14, 0),
(795, 27, 15, 1),
(796, 27, 16, 1),
(797, 27, 17, 1),
(798, 27, 18, 0),
(799, 27, 19, 1),
(800, 27, 20, 0),
(801, 27, 21, 0),
(802, 27, 22, 0),
(803, 27, 23, 0),
(804, 27, 24, 1),
(805, 27, 25, 1),
(806, 27, 26, 1),
(807, 27, 27, 0),
(808, 27, 28, 1),
(809, 27, 29, 1),
(810, 27, 30, 0),
(811, 28, 1, 0),
(812, 28, 2, 0),
(813, 28, 3, 0),
(814, 28, 4, 1),
(815, 28, 5, 0),
(816, 28, 6, 0),
(817, 28, 7, 0),
(818, 28, 8, 1),
(819, 28, 9, 0),
(820, 28, 10, 0),
(821, 28, 11, 0),
(822, 28, 12, 0),
(823, 28, 13, 0),
(824, 28, 14, 0),
(825, 28, 15, 0),
(826, 28, 16, 0),
(827, 28, 17, 0),
(828, 28, 18, 0),
(829, 28, 19, 0),
(830, 28, 20, 0),
(831, 28, 21, 0),
(832, 28, 22, 0),
(833, 28, 23, 0),
(834, 28, 24, 0),
(835, 28, 25, 0),
(836, 28, 26, 0),
(837, 28, 27, 0),
(838, 28, 28, 0),
(839, 28, 29, 0),
(840, 28, 30, 0),
(841, 29, 1, 0),
(842, 29, 2, 0),
(843, 29, 3, 0),
(844, 29, 4, 0),
(845, 29, 5, 0),
(846, 29, 6, 0),
(847, 29, 7, 0),
(848, 29, 8, 0),
(849, 29, 9, 0),
(850, 29, 10, 0),
(851, 29, 11, 0),
(852, 29, 12, 0),
(853, 29, 13, 0),
(854, 29, 14, 0),
(855, 29, 15, 1),
(856, 29, 16, 1),
(857, 29, 17, 1),
(858, 29, 18, 0),
(859, 29, 19, 1),
(860, 29, 20, 0),
(861, 29, 21, 0),
(862, 29, 22, 0),
(863, 29, 23, 0),
(864, 29, 24, 0),
(865, 29, 25, 0),
(866, 29, 26, 1),
(867, 29, 27, 0),
(868, 29, 28, 1),
(869, 29, 29, 1),
(870, 29, 30, 0),
(871, 30, 1, 1),
(872, 30, 2, 1),
(873, 30, 3, 1),
(874, 30, 4, 0),
(875, 30, 5, 1),
(876, 30, 6, 1),
(877, 30, 7, 1),
(878, 30, 8, 1),
(879, 30, 9, 0),
(880, 30, 10, 0),
(881, 30, 11, 1),
(882, 30, 12, 0),
(883, 30, 13, 0),
(884, 30, 14, 1),
(885, 30, 15, 1),
(886, 30, 16, 1),
(887, 30, 17, 1),
(888, 30, 18, 1),
(889, 30, 19, 1),
(890, 30, 20, 0),
(891, 30, 21, 0),
(892, 30, 22, 1),
(893, 30, 23, 0),
(894, 30, 24, 1),
(895, 30, 25, 1),
(896, 30, 26, 1),
(897, 30, 27, 0),
(898, 30, 28, 1),
(899, 30, 29, 1),
(900, 30, 30, 1),
(901, 31, 1, 1),
(902, 31, 2, 1),
(903, 31, 3, 1),
(904, 31, 4, 1),
(905, 31, 5, 1),
(906, 31, 6, 1),
(907, 31, 7, 1),
(908, 31, 8, 1),
(909, 31, 9, 1),
(910, 31, 10, 1),
(911, 31, 11, 1),
(912, 31, 12, 0),
(913, 31, 13, 0),
(914, 31, 14, 1),
(915, 31, 15, 1),
(916, 31, 16, 1),
(917, 31, 17, 1),
(918, 31, 18, 1),
(919, 31, 19, 1),
(920, 31, 20, 0),
(921, 31, 21, 1),
(922, 31, 22, 1),
(923, 31, 23, 1),
(924, 31, 24, 1),
(925, 31, 25, 0),
(926, 31, 26, 0),
(927, 31, 27, 0),
(928, 31, 28, 1),
(929, 31, 29, 1),
(930, 31, 30, 0),
(931, 32, 1, 0),
(932, 32, 2, 1),
(933, 32, 3, 1),
(934, 32, 4, 1),
(935, 32, 5, 1),
(936, 32, 6, 0),
(937, 32, 7, 1),
(938, 32, 8, 1),
(939, 32, 9, 0),
(940, 32, 10, 1),
(941, 32, 11, 1),
(942, 32, 12, 0),
(943, 32, 13, 0),
(944, 32, 14, 0),
(945, 32, 15, 1),
(946, 32, 16, 1),
(947, 32, 17, 1),
(948, 32, 18, 0),
(949, 32, 19, 1),
(950, 32, 20, 0),
(951, 32, 21, 0),
(952, 32, 22, 1),
(953, 32, 23, 0),
(954, 32, 24, 1),
(955, 32, 25, 0),
(956, 32, 26, 1),
(957, 32, 27, 0),
(958, 32, 28, 1),
(959, 32, 29, 1),
(960, 32, 30, 0),
(961, 33, 1, 0),
(962, 33, 2, 1),
(963, 33, 3, 1),
(964, 33, 4, 0),
(965, 33, 5, 1),
(966, 33, 6, 1),
(967, 33, 7, 0),
(968, 33, 8, 1),
(969, 33, 9, 0),
(970, 33, 10, 1),
(971, 33, 11, 1),
(972, 33, 12, 0),
(973, 33, 13, 0),
(974, 33, 14, 0),
(975, 33, 15, 1),
(976, 33, 16, 1),
(977, 33, 17, 1),
(978, 33, 18, 0),
(979, 33, 19, 0),
(980, 33, 20, 0),
(981, 33, 21, 0),
(982, 33, 22, 0),
(983, 33, 23, 0),
(984, 33, 24, 0),
(985, 33, 25, 0),
(986, 33, 26, 0),
(987, 33, 27, 0),
(988, 33, 28, 1),
(989, 33, 29, 1),
(990, 33, 30, 0),
(991, 34, 1, 0),
(992, 34, 2, 1),
(993, 34, 3, 1),
(994, 34, 4, 0),
(995, 34, 5, 1),
(996, 34, 6, 0),
(997, 34, 7, 0),
(998, 34, 8, 1),
(999, 34, 9, 0),
(1000, 34, 10, 1),
(1001, 34, 11, 1),
(1002, 34, 12, 0),
(1003, 34, 13, 0),
(1004, 34, 14, 0),
(1005, 34, 15, 1),
(1006, 34, 16, 1),
(1007, 34, 17, 1),
(1008, 34, 18, 0),
(1009, 34, 19, 1),
(1010, 34, 20, 0),
(1011, 34, 21, 0),
(1012, 34, 22, 0),
(1013, 34, 23, 0),
(1014, 34, 24, 0),
(1015, 34, 25, 0),
(1016, 34, 26, 0),
(1017, 34, 27, 0),
(1018, 34, 28, 0),
(1019, 34, 29, 0),
(1020, 34, 30, 0),
(1021, 35, 1, 0),
(1022, 35, 2, 0),
(1023, 35, 3, 1),
(1024, 35, 4, 0),
(1025, 35, 5, 1),
(1026, 35, 6, 1),
(1027, 35, 7, 1),
(1028, 35, 8, 1),
(1029, 35, 9, 0),
(1030, 35, 10, 1),
(1031, 35, 11, 1),
(1032, 35, 12, 0),
(1033, 35, 13, 0),
(1034, 35, 14, 0),
(1035, 35, 15, 1),
(1036, 35, 16, 0),
(1037, 35, 17, 1),
(1038, 35, 18, 0),
(1039, 35, 19, 1),
(1040, 35, 20, 0),
(1041, 35, 21, 0),
(1042, 35, 22, 0),
(1043, 35, 23, 0),
(1044, 35, 24, 0),
(1045, 35, 25, 0),
(1046, 35, 26, 0),
(1047, 35, 27, 0),
(1048, 35, 28, 0),
(1049, 35, 29, 0),
(1050, 35, 30, 0),
(1051, 36, 1, 0),
(1052, 36, 2, 0),
(1053, 36, 3, 1),
(1054, 36, 4, 1),
(1055, 36, 5, 1),
(1056, 36, 6, 0),
(1057, 36, 7, 1),
(1058, 36, 8, 1),
(1059, 36, 9, 0),
(1060, 36, 10, 1),
(1061, 36, 11, 1),
(1062, 36, 12, 0),
(1063, 36, 13, 0),
(1064, 36, 14, 0),
(1065, 36, 15, 1),
(1066, 36, 16, 1),
(1067, 36, 17, 1),
(1068, 36, 18, 1),
(1069, 36, 19, 1),
(1070, 36, 20, 0),
(1071, 36, 21, 0),
(1072, 36, 22, 0),
(1073, 36, 23, 0),
(1074, 36, 24, 1),
(1075, 36, 25, 1),
(1076, 36, 26, 1),
(1077, 36, 27, 0),
(1078, 36, 28, 1),
(1079, 36, 29, 1),
(1080, 36, 30, 0),
(1081, 37, 1, 0),
(1082, 37, 2, 0),
(1083, 37, 3, 1),
(1084, 37, 4, 0),
(1085, 37, 5, 1),
(1086, 37, 6, 0),
(1087, 37, 7, 1),
(1088, 37, 8, 1),
(1089, 37, 9, 0),
(1090, 37, 10, 1),
(1091, 37, 11, 1),
(1092, 37, 12, 0),
(1093, 37, 13, 0),
(1094, 37, 14, 0),
(1095, 37, 15, 1),
(1096, 37, 16, 0),
(1097, 37, 17, 1),
(1098, 37, 18, 0),
(1099, 37, 19, 1),
(1100, 37, 20, 1),
(1101, 37, 21, 0),
(1102, 37, 22, 0),
(1103, 37, 23, 0),
(1104, 37, 24, 0),
(1105, 37, 25, 0),
(1106, 37, 26, 0),
(1107, 37, 27, 0),
(1108, 37, 28, 0),
(1109, 37, 29, 0),
(1110, 37, 30, 0),
(1111, 38, 1, 0),
(1112, 38, 2, 1),
(1113, 38, 3, 1),
(1114, 38, 4, 0),
(1115, 38, 5, 1),
(1116, 38, 6, 1),
(1117, 38, 7, 1),
(1118, 38, 8, 1),
(1119, 38, 9, 1),
(1120, 38, 10, 1),
(1121, 38, 11, 1),
(1122, 38, 12, 0),
(1123, 38, 13, 0),
(1124, 38, 14, 1),
(1125, 38, 15, 1),
(1126, 38, 16, 1),
(1127, 38, 17, 1),
(1128, 38, 18, 1),
(1129, 38, 19, 1),
(1130, 38, 20, 1),
(1131, 38, 21, 1),
(1132, 38, 22, 1),
(1133, 38, 23, 1),
(1134, 38, 24, 1),
(1135, 38, 25, 1),
(1136, 38, 26, 1),
(1137, 38, 27, 0),
(1138, 38, 28, 0),
(1139, 38, 29, 0),
(1140, 38, 30, 1),
(1141, 39, 1, 0),
(1142, 39, 2, 1),
(1143, 39, 3, 1),
(1144, 39, 4, 0),
(1145, 39, 5, 1),
(1146, 39, 6, 1),
(1147, 39, 7, 1),
(1148, 39, 8, 1),
(1149, 39, 9, 1),
(1150, 39, 10, 1),
(1151, 39, 11, 1),
(1152, 39, 12, 0),
(1153, 39, 13, 0),
(1154, 39, 14, 1),
(1155, 39, 15, 1),
(1156, 39, 16, 1),
(1157, 39, 17, 1),
(1158, 39, 18, 0),
(1159, 39, 19, 1),
(1160, 39, 20, 1),
(1161, 39, 21, 1),
(1162, 39, 22, 0),
(1163, 39, 23, 0),
(1164, 39, 24, 1),
(1165, 39, 25, 0),
(1166, 39, 26, 0),
(1167, 39, 27, 0),
(1168, 39, 28, 0),
(1169, 39, 29, 0),
(1170, 39, 30, 0),
(1171, 40, 1, 1),
(1172, 40, 2, 0),
(1173, 40, 3, 1),
(1174, 40, 4, 1),
(1175, 40, 5, 1),
(1176, 40, 6, 0),
(1177, 40, 7, 0),
(1178, 40, 8, 1),
(1179, 40, 9, 0),
(1180, 40, 10, 1),
(1181, 40, 11, 0),
(1182, 40, 12, 0),
(1183, 40, 13, 0),
(1184, 40, 14, 0),
(1185, 40, 15, 0),
(1186, 40, 16, 1),
(1187, 40, 17, 1),
(1188, 40, 18, 0),
(1189, 40, 19, 0),
(1190, 40, 20, 0),
(1191, 40, 21, 0),
(1192, 40, 22, 0),
(1193, 40, 23, 0),
(1194, 40, 24, 0),
(1195, 40, 25, 0),
(1196, 40, 26, 1),
(1197, 40, 27, 0),
(1198, 40, 28, 1),
(1199, 40, 29, 1),
(1200, 40, 30, 0),
(1201, 41, 1, 0),
(1202, 41, 2, 0),
(1203, 41, 3, 0),
(1204, 41, 4, 0),
(1205, 41, 5, 1),
(1206, 41, 6, 0),
(1207, 41, 7, 0),
(1208, 41, 8, 0),
(1209, 41, 9, 0),
(1210, 41, 10, 1),
(1211, 41, 11, 0),
(1212, 41, 12, 0),
(1213, 41, 13, 0),
(1214, 41, 14, 0),
(1215, 41, 15, 1),
(1216, 41, 16, 0),
(1217, 41, 17, 1),
(1218, 41, 18, 0),
(1219, 41, 19, 1),
(1220, 41, 20, 0),
(1221, 41, 21, 0),
(1222, 41, 22, 0),
(1223, 41, 23, 0),
(1224, 41, 24, 0),
(1225, 41, 25, 0),
(1226, 41, 26, 0),
(1227, 41, 27, 0),
(1228, 41, 28, 0),
(1229, 41, 29, 0),
(1230, 41, 30, 0),
(1231, 42, 1, 0),
(1232, 42, 2, 1),
(1233, 42, 3, 1),
(1234, 42, 4, 1),
(1235, 42, 5, 1),
(1236, 42, 6, 0),
(1237, 42, 7, 0),
(1238, 42, 8, 1),
(1239, 42, 9, 0),
(1240, 42, 10, 1),
(1241, 42, 11, 1),
(1242, 42, 12, 0),
(1243, 42, 13, 0),
(1244, 42, 14, 0),
(1245, 42, 15, 0),
(1246, 42, 16, 1),
(1247, 42, 17, 1),
(1248, 42, 18, 1),
(1249, 42, 19, 1),
(1250, 42, 20, 0),
(1251, 42, 21, 0),
(1252, 42, 22, 0),
(1253, 42, 23, 0),
(1254, 42, 24, 0),
(1255, 42, 25, 0),
(1256, 42, 26, 1),
(1257, 42, 27, 0),
(1258, 42, 28, 1),
(1259, 42, 29, 1),
(1260, 42, 30, 0),
(1261, 43, 1, 0),
(1262, 43, 2, 1),
(1263, 43, 3, 1),
(1264, 43, 4, 0),
(1265, 43, 5, 1),
(1266, 43, 6, 1),
(1267, 43, 7, 1),
(1268, 43, 8, 1),
(1269, 43, 9, 0),
(1270, 43, 10, 1),
(1271, 43, 11, 1),
(1272, 43, 12, 0),
(1273, 43, 13, 0),
(1274, 43, 14, 1),
(1275, 43, 15, 1),
(1276, 43, 16, 1),
(1277, 43, 17, 1),
(1278, 43, 18, 1),
(1279, 43, 19, 1),
(1280, 43, 20, 0),
(1281, 43, 21, 0),
(1282, 43, 22, 0),
(1283, 43, 23, 0),
(1284, 43, 24, 1),
(1285, 43, 25, 1),
(1286, 43, 26, 1),
(1287, 43, 27, 0),
(1288, 43, 28, 1),
(1289, 43, 29, 1),
(1290, 43, 30, 0),
(1291, 44, 1, 0),
(1292, 44, 2, 0),
(1293, 44, 3, 1),
(1294, 44, 4, 0),
(1295, 44, 5, 1),
(1296, 44, 6, 0),
(1297, 44, 7, 1),
(1298, 44, 8, 1),
(1299, 44, 9, 0),
(1300, 44, 10, 1),
(1301, 44, 11, 1),
(1302, 44, 12, 0),
(1303, 44, 13, 0),
(1304, 44, 14, 0),
(1305, 44, 15, 1),
(1306, 44, 16, 0),
(1307, 44, 17, 1),
(1308, 44, 18, 0),
(1309, 44, 19, 1),
(1310, 44, 20, 0),
(1311, 44, 21, 1),
(1312, 44, 22, 0),
(1313, 44, 23, 0),
(1314, 44, 24, 1),
(1315, 44, 25, 0),
(1316, 44, 26, 0),
(1317, 44, 27, 0),
(1318, 44, 28, 0),
(1319, 44, 29, 0),
(1320, 44, 30, 0),
(1321, 45, 1, 0),
(1322, 45, 2, 1),
(1323, 45, 3, 1),
(1324, 45, 4, 0),
(1325, 45, 5, 1),
(1326, 45, 6, 1),
(1327, 45, 7, 1),
(1328, 45, 8, 1),
(1329, 45, 9, 0),
(1330, 45, 10, 1),
(1331, 45, 11, 1),
(1332, 45, 12, 0),
(1333, 45, 13, 0),
(1334, 45, 14, 1),
(1335, 45, 15, 1),
(1336, 45, 16, 1),
(1337, 45, 17, 1),
(1338, 45, 18, 1),
(1339, 45, 19, 1),
(1340, 45, 20, 1),
(1341, 45, 21, 0),
(1342, 45, 22, 1),
(1343, 45, 23, 0),
(1344, 45, 24, 1),
(1345, 45, 25, 1),
(1346, 45, 26, 1),
(1347, 45, 27, 0),
(1348, 45, 28, 1),
(1349, 45, 29, 1),
(1350, 45, 30, 0),
(1351, 46, 1, 1),
(1352, 46, 2, 1),
(1353, 46, 3, 1),
(1354, 46, 4, 0),
(1355, 46, 5, 1),
(1356, 46, 6, 1),
(1357, 46, 7, 1),
(1358, 46, 8, 1),
(1359, 46, 9, 0),
(1360, 46, 10, 1),
(1361, 46, 11, 1),
(1362, 46, 12, 0),
(1363, 46, 13, 0),
(1364, 46, 14, 1),
(1365, 46, 15, 1),
(1366, 46, 16, 1),
(1367, 46, 17, 1),
(1368, 46, 18, 1),
(1369, 46, 19, 1),
(1370, 46, 20, 0),
(1371, 46, 21, 0),
(1372, 46, 22, 0),
(1373, 46, 23, 0),
(1374, 46, 24, 1),
(1375, 46, 25, 1),
(1376, 46, 26, 1),
(1377, 46, 27, 1),
(1378, 46, 28, 1),
(1379, 46, 29, 1),
(1380, 46, 30, 0),
(1381, 47, 1, 0),
(1382, 47, 2, 0),
(1383, 47, 3, 1),
(1384, 47, 4, 0),
(1385, 47, 5, 1),
(1386, 47, 6, 0),
(1387, 47, 7, 0),
(1388, 47, 8, 1),
(1389, 47, 9, 0),
(1390, 47, 10, 0),
(1391, 47, 11, 1),
(1392, 47, 12, 0),
(1393, 47, 13, 0),
(1394, 47, 14, 0),
(1395, 47, 15, 0),
(1396, 47, 16, 0),
(1397, 47, 17, 0),
(1398, 47, 18, 0),
(1399, 47, 19, 0),
(1400, 47, 20, 0),
(1401, 47, 21, 0),
(1402, 47, 22, 0),
(1403, 47, 23, 0),
(1404, 47, 24, 0),
(1405, 47, 25, 0),
(1406, 47, 26, 0),
(1407, 47, 27, 0),
(1408, 47, 28, 0),
(1409, 47, 29, 0),
(1410, 47, 30, 0),
(1411, 48, 1, 0),
(1412, 48, 2, 0),
(1413, 48, 3, 1),
(1414, 48, 4, 0),
(1415, 48, 5, 1),
(1416, 48, 6, 1),
(1417, 48, 7, 1),
(1418, 48, 8, 1),
(1419, 48, 9, 0),
(1420, 48, 10, 1),
(1421, 48, 11, 1),
(1422, 48, 12, 0),
(1423, 48, 13, 0),
(1424, 48, 14, 1),
(1425, 48, 15, 1),
(1426, 48, 16, 0),
(1427, 48, 17, 1),
(1428, 48, 18, 0),
(1429, 48, 19, 1),
(1430, 48, 20, 0),
(1431, 48, 21, 0),
(1432, 48, 22, 0),
(1433, 48, 23, 0),
(1434, 48, 24, 0),
(1435, 48, 25, 0),
(1436, 48, 26, 0),
(1437, 48, 27, 0),
(1438, 48, 28, 0),
(1439, 48, 29, 0),
(1440, 48, 30, 0),
(1441, 49, 1, 0),
(1442, 49, 2, 1),
(1443, 49, 3, 1),
(1444, 49, 4, 0),
(1445, 49, 5, 1),
(1446, 49, 6, 1),
(1447, 49, 7, 0),
(1448, 49, 8, 1),
(1449, 49, 9, 0),
(1450, 49, 10, 0),
(1451, 49, 11, 1),
(1452, 49, 12, 0),
(1453, 49, 13, 0),
(1454, 49, 14, 1),
(1455, 49, 15, 1),
(1456, 49, 16, 1),
(1457, 49, 17, 1),
(1458, 49, 18, 1),
(1459, 49, 19, 1),
(1460, 49, 20, 0),
(1461, 49, 21, 0),
(1462, 49, 22, 0),
(1463, 49, 23, 0),
(1464, 49, 24, 1),
(1465, 49, 25, 1),
(1466, 49, 26, 0),
(1467, 49, 27, 0),
(1468, 49, 28, 0),
(1469, 49, 29, 1),
(1470, 49, 30, 0),
(1471, 50, 1, 0),
(1472, 50, 2, 1),
(1473, 50, 3, 1),
(1474, 50, 4, 0),
(1475, 50, 5, 1),
(1476, 50, 6, 1),
(1477, 50, 7, 0),
(1478, 50, 8, 1),
(1479, 50, 9, 0),
(1480, 50, 10, 1),
(1481, 50, 11, 1),
(1482, 50, 12, 0),
(1483, 50, 13, 0),
(1484, 50, 14, 1),
(1485, 50, 15, 1),
(1486, 50, 16, 1),
(1487, 50, 17, 1),
(1488, 50, 18, 0),
(1489, 50, 19, 1),
(1490, 50, 20, 0),
(1491, 50, 21, 0),
(1492, 50, 22, 0),
(1493, 50, 23, 0),
(1494, 50, 24, 1),
(1495, 50, 25, 0),
(1496, 50, 26, 1),
(1497, 50, 27, 0),
(1498, 50, 28, 1),
(1499, 50, 29, 1),
(1500, 50, 30, 0),
(1501, 51, 1, 0),
(1502, 51, 2, 1),
(1503, 51, 3, 1),
(1504, 51, 4, 0),
(1505, 51, 5, 1),
(1506, 51, 6, 1),
(1507, 51, 7, 0),
(1508, 51, 8, 1),
(1509, 51, 9, 0),
(1510, 51, 10, 1),
(1511, 51, 11, 1),
(1512, 51, 12, 0),
(1513, 51, 13, 0),
(1514, 51, 14, 1),
(1515, 51, 15, 1),
(1516, 51, 16, 1),
(1517, 51, 17, 1),
(1518, 51, 18, 0),
(1519, 51, 19, 1),
(1520, 51, 20, 0),
(1521, 51, 21, 0),
(1522, 51, 22, 0),
(1523, 51, 23, 0),
(1524, 51, 24, 1),
(1525, 51, 25, 1),
(1526, 51, 26, 0),
(1527, 51, 27, 0),
(1528, 51, 28, 1),
(1529, 51, 29, 1),
(1530, 51, 30, 0),
(1531, 52, 1, 0),
(1532, 52, 2, 0),
(1533, 52, 3, 1),
(1534, 52, 4, 0),
(1535, 52, 5, 1),
(1536, 52, 6, 1),
(1537, 52, 7, 1),
(1538, 52, 8, 1),
(1539, 52, 9, 1),
(1540, 52, 10, 1),
(1541, 52, 11, 1),
(1542, 52, 12, 0),
(1543, 52, 13, 0),
(1544, 52, 14, 0),
(1545, 52, 15, 1),
(1546, 52, 16, 0),
(1547, 52, 17, 1),
(1548, 52, 18, 0),
(1549, 52, 19, 1),
(1550, 52, 20, 0),
(1551, 52, 21, 0),
(1552, 52, 22, 0),
(1553, 52, 23, 0),
(1554, 52, 24, 0),
(1555, 52, 25, 0),
(1556, 52, 26, 0),
(1557, 52, 27, 0),
(1558, 52, 28, 0),
(1559, 52, 29, 0),
(1560, 52, 30, 0),
(1561, 53, 1, 1),
(1562, 53, 2, 0),
(1563, 53, 3, 1),
(1564, 53, 4, 1),
(1565, 53, 5, 1),
(1566, 53, 6, 0),
(1567, 53, 7, 0),
(1568, 53, 8, 1),
(1569, 53, 9, 0),
(1570, 53, 10, 1),
(1571, 53, 11, 1),
(1572, 53, 12, 0),
(1573, 53, 13, 0),
(1574, 53, 14, 0),
(1575, 53, 15, 1),
(1576, 53, 16, 0),
(1577, 53, 17, 1),
(1578, 53, 18, 0),
(1579, 53, 19, 1),
(1580, 53, 20, 0),
(1581, 53, 21, 0),
(1582, 53, 22, 1),
(1583, 53, 23, 0),
(1584, 53, 24, 0),
(1585, 53, 25, 0),
(1586, 53, 26, 1),
(1587, 53, 27, 0),
(1588, 53, 28, 1),
(1589, 53, 29, 1),
(1590, 53, 30, 0),
(1591, 54, 1, 0),
(1592, 54, 2, 0),
(1593, 54, 3, 0),
(1594, 54, 4, 0),
(1595, 54, 5, 0),
(1596, 54, 6, 0),
(1597, 54, 7, 0),
(1598, 54, 8, 0),
(1599, 54, 9, 0),
(1600, 54, 10, 0),
(1601, 54, 11, 0),
(1602, 54, 12, 0),
(1603, 54, 13, 0),
(1604, 54, 14, 0),
(1605, 54, 15, 0),
(1606, 54, 16, 1),
(1607, 54, 17, 1),
(1608, 54, 18, 0),
(1609, 54, 19, 0),
(1610, 54, 20, 0),
(1611, 54, 21, 0),
(1612, 54, 22, 0),
(1613, 54, 23, 0),
(1614, 54, 24, 0),
(1615, 54, 25, 0),
(1616, 54, 26, 0),
(1617, 54, 27, 0),
(1618, 54, 28, 0),
(1619, 54, 29, 0),
(1620, 54, 30, 0),
(1621, 55, 1, 0),
(1622, 55, 2, 0),
(1623, 55, 3, 1),
(1624, 55, 4, 1),
(1625, 55, 5, 1),
(1626, 55, 6, 0),
(1627, 55, 7, 0),
(1628, 55, 8, 1),
(1629, 55, 9, 0),
(1630, 55, 10, 1),
(1631, 55, 11, 0),
(1632, 55, 12, 0),
(1633, 55, 13, 0),
(1634, 55, 14, 0),
(1635, 55, 15, 1),
(1636, 55, 16, 1),
(1637, 55, 17, 1),
(1638, 55, 18, 0),
(1639, 55, 19, 1),
(1640, 55, 20, 0),
(1641, 55, 21, 0),
(1642, 55, 22, 0),
(1643, 55, 23, 0),
(1644, 55, 24, 0),
(1645, 55, 25, 0),
(1646, 55, 26, 0),
(1647, 55, 27, 0),
(1648, 55, 28, 0),
(1649, 55, 29, 0),
(1650, 55, 30, 0),
(1651, 56, 1, 0),
(1652, 56, 2, 1),
(1653, 56, 3, 1),
(1654, 56, 4, 0),
(1655, 56, 5, 1),
(1656, 56, 6, 1),
(1657, 56, 7, 1),
(1658, 56, 8, 1),
(1659, 56, 9, 1),
(1660, 56, 10, 1),
(1661, 56, 11, 1),
(1662, 56, 12, 0),
(1663, 56, 13, 0),
(1664, 56, 14, 1),
(1665, 56, 15, 1),
(1666, 56, 16, 1),
(1667, 56, 17, 1),
(1668, 56, 18, 1),
(1669, 56, 19, 1),
(1670, 56, 20, 1),
(1671, 56, 21, 1),
(1672, 56, 22, 0),
(1673, 56, 23, 0),
(1674, 56, 24, 0),
(1675, 56, 25, 0),
(1676, 56, 26, 0),
(1677, 56, 27, 0),
(1678, 56, 28, 0),
(1679, 56, 29, 0),
(1680, 56, 30, 0),
(1681, 57, 1, 0),
(1682, 57, 2, 0),
(1683, 57, 3, 0),
(1684, 57, 4, 1),
(1685, 57, 5, 1),
(1686, 57, 6, 0),
(1687, 57, 7, 0),
(1688, 57, 8, 1),
(1689, 57, 9, 0),
(1690, 57, 10, 1),
(1691, 57, 11, 0),
(1692, 57, 12, 0),
(1693, 57, 13, 0),
(1694, 57, 14, 0),
(1695, 57, 15, 1),
(1696, 57, 16, 1),
(1697, 57, 17, 0),
(1698, 57, 18, 0),
(1699, 57, 19, 0),
(1700, 57, 20, 0),
(1701, 57, 21, 0),
(1702, 57, 22, 0),
(1703, 57, 23, 0),
(1704, 57, 24, 1),
(1705, 57, 25, 0),
(1706, 57, 26, 0),
(1707, 57, 27, 0),
(1708, 57, 28, 1),
(1709, 57, 29, 1),
(1710, 57, 30, 0),
(1711, 58, 1, 0),
(1712, 58, 2, 1),
(1713, 58, 3, 1),
(1714, 58, 4, 0),
(1715, 58, 5, 1),
(1716, 58, 6, 1),
(1717, 58, 7, 1),
(1718, 58, 8, 1),
(1719, 58, 9, 0),
(1720, 58, 10, 1),
(1721, 58, 11, 1),
(1722, 58, 12, 0),
(1723, 58, 13, 0),
(1724, 58, 14, 1),
(1725, 58, 15, 1),
(1726, 58, 16, 1),
(1727, 58, 17, 1),
(1728, 58, 18, 0),
(1729, 58, 19, 1),
(1730, 58, 20, 1),
(1731, 58, 21, 0),
(1732, 58, 22, 0),
(1733, 58, 23, 0),
(1734, 58, 24, 1),
(1735, 58, 25, 0),
(1736, 58, 26, 0),
(1737, 58, 27, 0),
(1738, 58, 28, 0),
(1739, 58, 29, 0),
(1740, 58, 30, 0),
(1741, 59, 1, 0),
(1742, 59, 2, 0),
(1743, 59, 3, 0),
(1744, 59, 4, 0),
(1745, 59, 5, 0),
(1746, 59, 6, 0),
(1747, 59, 7, 0),
(1748, 59, 8, 0),
(1749, 59, 9, 0),
(1750, 59, 10, 0),
(1751, 59, 11, 0),
(1752, 59, 12, 0),
(1753, 59, 13, 0),
(1754, 59, 14, 0),
(1755, 59, 15, 0),
(1756, 59, 16, 0),
(1757, 59, 17, 0),
(1758, 59, 18, 0),
(1759, 59, 19, 0),
(1760, 59, 20, 0),
(1761, 59, 21, 0),
(1762, 59, 22, 0),
(1763, 59, 23, 0),
(1764, 59, 24, 0),
(1765, 59, 25, 0),
(1766, 59, 26, 0),
(1767, 59, 27, 0),
(1768, 59, 28, 0),
(1769, 59, 29, 0),
(1770, 59, 30, 0),
(1771, 60, 1, 0),
(1772, 60, 2, 0),
(1773, 60, 3, 0),
(1774, 60, 4, 0),
(1775, 60, 5, 0),
(1776, 60, 6, 0),
(1777, 60, 7, 0),
(1778, 60, 8, 0),
(1779, 60, 9, 0),
(1780, 60, 10, 0),
(1781, 60, 11, 0),
(1782, 60, 12, 0),
(1783, 60, 13, 0),
(1784, 60, 14, 0),
(1785, 60, 15, 1),
(1786, 60, 16, 1),
(1787, 60, 17, 1),
(1788, 60, 18, 0),
(1789, 60, 19, 1),
(1790, 60, 20, 0),
(1791, 60, 21, 0),
(1792, 60, 22, 1),
(1793, 60, 23, 0),
(1794, 60, 24, 0),
(1795, 60, 25, 0),
(1796, 60, 26, 1),
(1797, 60, 27, 0),
(1798, 60, 28, 1),
(1799, 60, 29, 1),
(1800, 60, 30, 0),
(1801, 61, 1, 0),
(1802, 61, 2, 1),
(1803, 61, 3, 1),
(1804, 61, 4, 0),
(1805, 61, 5, 1),
(1806, 61, 6, 0),
(1807, 61, 7, 0),
(1808, 61, 8, 1),
(1809, 61, 9, 0),
(1810, 61, 10, 1),
(1811, 61, 11, 1),
(1812, 61, 12, 0),
(1813, 61, 13, 0),
(1814, 61, 14, 1),
(1815, 61, 15, 1),
(1816, 61, 16, 1),
(1817, 61, 17, 1),
(1818, 61, 18, 0),
(1819, 61, 19, 1),
(1820, 61, 20, 0),
(1821, 61, 21, 0),
(1822, 61, 22, 0),
(1823, 61, 23, 0),
(1824, 61, 24, 1),
(1825, 61, 25, 0),
(1826, 61, 26, 0),
(1827, 61, 27, 0),
(1828, 61, 28, 1),
(1829, 61, 29, 1),
(1830, 61, 30, 0),
(1831, 62, 1, 0),
(1832, 62, 2, 0),
(1833, 62, 3, 1),
(1834, 62, 4, 0),
(1835, 62, 5, 1),
(1836, 62, 6, 0),
(1837, 62, 7, 1),
(1838, 62, 8, 1),
(1839, 62, 9, 0),
(1840, 62, 10, 1),
(1841, 62, 11, 1),
(1842, 62, 12, 0),
(1843, 62, 13, 0),
(1844, 62, 14, 0),
(1845, 62, 15, 1),
(1846, 62, 16, 1),
(1847, 62, 17, 1),
(1848, 62, 18, 0),
(1849, 62, 19, 1),
(1850, 62, 20, 0),
(1851, 62, 21, 0),
(1852, 62, 22, 0),
(1853, 62, 23, 0),
(1854, 62, 24, 0),
(1855, 62, 25, 0),
(1856, 62, 26, 0),
(1857, 62, 27, 0),
(1858, 62, 28, 1),
(1859, 62, 29, 1),
(1860, 62, 30, 0),
(1861, 63, 1, 0),
(1862, 63, 2, 0),
(1863, 63, 3, 1),
(1864, 63, 4, 1),
(1865, 63, 5, 1),
(1866, 63, 6, 0),
(1867, 63, 7, 0),
(1868, 63, 8, 1),
(1869, 63, 9, 0),
(1870, 63, 10, 1),
(1871, 63, 11, 0),
(1872, 63, 12, 0),
(1873, 63, 13, 0),
(1874, 63, 14, 0),
(1875, 63, 15, 1),
(1876, 63, 16, 1),
(1877, 63, 17, 0),
(1878, 63, 18, 0),
(1879, 63, 19, 0),
(1880, 63, 20, 0),
(1881, 63, 21, 0),
(1882, 63, 22, 0),
(1883, 63, 23, 0),
(1884, 63, 24, 1),
(1885, 63, 25, 0),
(1886, 63, 26, 1),
(1887, 63, 27, 0),
(1888, 63, 28, 0),
(1889, 63, 29, 0),
(1890, 63, 30, 0),
(1891, 64, 1, 0),
(1892, 64, 2, 0),
(1893, 64, 3, 0),
(1894, 64, 4, 0),
(1895, 64, 5, 0),
(1896, 64, 6, 0),
(1897, 64, 7, 0),
(1898, 64, 8, 0),
(1899, 64, 9, 0),
(1900, 64, 10, 0),
(1901, 64, 11, 0),
(1902, 64, 12, 0),
(1903, 64, 13, 0),
(1904, 64, 14, 0),
(1905, 64, 15, 1),
(1906, 64, 16, 1),
(1907, 64, 17, 1),
(1908, 64, 18, 0),
(1909, 64, 19, 1),
(1910, 64, 20, 0),
(1911, 64, 21, 0),
(1912, 64, 22, 1),
(1913, 64, 23, 0),
(1914, 64, 24, 0),
(1915, 64, 25, 0),
(1916, 64, 26, 0),
(1917, 64, 27, 0),
(1918, 64, 28, 1),
(1919, 64, 29, 1),
(1920, 64, 30, 0),
(1921, 65, 1, 0),
(1922, 65, 2, 0),
(1923, 65, 3, 1),
(1924, 65, 4, 0),
(1925, 65, 5, 1),
(1926, 65, 6, 0),
(1927, 65, 7, 0),
(1928, 65, 8, 1),
(1929, 65, 9, 0),
(1930, 65, 10, 1),
(1931, 65, 11, 0),
(1932, 65, 12, 0),
(1933, 65, 13, 0),
(1934, 65, 14, 0),
(1935, 65, 15, 1),
(1936, 65, 16, 0),
(1937, 65, 17, 1),
(1938, 65, 18, 0),
(1939, 65, 19, 1),
(1940, 65, 20, 0),
(1941, 65, 21, 0),
(1942, 65, 22, 0),
(1943, 65, 23, 0),
(1944, 65, 24, 0),
(1945, 65, 25, 0),
(1946, 65, 26, 0),
(1947, 65, 27, 0),
(1948, 65, 28, 0),
(1949, 65, 29, 0),
(1950, 65, 30, 0),
(1951, 66, 1, 0),
(1952, 66, 2, 1),
(1953, 66, 3, 1),
(1954, 66, 4, 1),
(1955, 66, 5, 0),
(1956, 66, 6, 0),
(1957, 66, 7, 1),
(1958, 66, 8, 1),
(1959, 66, 9, 0),
(1960, 66, 10, 1),
(1961, 66, 11, 1),
(1962, 66, 12, 0),
(1963, 66, 13, 0),
(1964, 66, 14, 1),
(1965, 66, 15, 1),
(1966, 66, 16, 1),
(1967, 66, 17, 1),
(1968, 66, 18, 0),
(1969, 66, 19, 1),
(1970, 66, 20, 0),
(1971, 66, 21, 0),
(1972, 66, 22, 0),
(1973, 66, 23, 0),
(1974, 66, 24, 1),
(1975, 66, 25, 0),
(1976, 66, 26, 0),
(1977, 66, 27, 0),
(1978, 66, 28, 0),
(1979, 66, 29, 0),
(1980, 66, 30, 0),
(1981, 67, 1, 0),
(1982, 67, 2, 0),
(1983, 67, 3, 0),
(1984, 67, 4, 0),
(1985, 67, 5, 0),
(1986, 67, 6, 0),
(1987, 67, 7, 0),
(1988, 67, 8, 0),
(1989, 67, 9, 0),
(1990, 67, 10, 0),
(1991, 67, 11, 0),
(1992, 67, 12, 0),
(1993, 67, 13, 0),
(1994, 67, 14, 0),
(1995, 67, 15, 0),
(1996, 67, 16, 0),
(1997, 67, 17, 0),
(1998, 67, 18, 0),
(1999, 67, 19, 0),
(2000, 67, 20, 0),
(2001, 67, 21, 0),
(2002, 67, 22, 0),
(2003, 67, 23, 0),
(2004, 67, 24, 0),
(2005, 67, 25, 0),
(2006, 67, 26, 0),
(2007, 67, 27, 0),
(2008, 67, 28, 0),
(2009, 67, 29, 0),
(2010, 67, 30, 0),
(2011, 68, 1, 0),
(2012, 68, 2, 0),
(2013, 68, 3, 1),
(2014, 68, 4, 1),
(2015, 68, 5, 1),
(2016, 68, 6, 0),
(2017, 68, 7, 1),
(2018, 68, 8, 1),
(2019, 68, 9, 0),
(2020, 68, 10, 1),
(2021, 68, 11, 1),
(2022, 68, 12, 0),
(2023, 68, 13, 0),
(2024, 68, 14, 0),
(2025, 68, 15, 0),
(2026, 68, 16, 1),
(2027, 68, 17, 1),
(2028, 68, 18, 0),
(2029, 68, 19, 0),
(2030, 68, 20, 0),
(2031, 68, 21, 0),
(2032, 68, 22, 0),
(2033, 68, 23, 0),
(2034, 68, 24, 0),
(2035, 68, 25, 0),
(2036, 68, 26, 1),
(2037, 68, 27, 0),
(2038, 68, 28, 1),
(2039, 68, 29, 0),
(2040, 68, 30, 0),
(2041, 69, 1, 0),
(2042, 69, 2, 0),
(2043, 69, 3, 1),
(2044, 69, 4, 0),
(2045, 69, 5, 1),
(2046, 69, 6, 0),
(2047, 69, 7, 0),
(2048, 69, 8, 1),
(2049, 69, 9, 0),
(2050, 69, 10, 1),
(2051, 69, 11, 1),
(2052, 69, 12, 0),
(2053, 69, 13, 0),
(2054, 69, 14, 0),
(2055, 69, 15, 1),
(2056, 69, 16, 0),
(2057, 69, 17, 1),
(2058, 69, 18, 0),
(2059, 69, 19, 1),
(2060, 69, 20, 0),
(2061, 69, 21, 0),
(2062, 69, 22, 0),
(2063, 69, 23, 0),
(2064, 69, 24, 1),
(2065, 69, 25, 0),
(2066, 69, 26, 0),
(2067, 69, 27, 0),
(2068, 69, 28, 0),
(2069, 69, 29, 0),
(2070, 69, 30, 0),
(2071, 70, 1, 0),
(2072, 70, 2, 1),
(2073, 70, 3, 1),
(2074, 70, 4, 0),
(2075, 70, 5, 1),
(2076, 70, 6, 1),
(2077, 70, 7, 0),
(2078, 70, 8, 1),
(2079, 70, 9, 0),
(2080, 70, 10, 1),
(2081, 70, 11, 1),
(2082, 70, 12, 0),
(2083, 70, 13, 0),
(2084, 70, 14, 0),
(2085, 70, 15, 1),
(2086, 70, 16, 1),
(2087, 70, 17, 1),
(2088, 70, 18, 1),
(2089, 70, 19, 1),
(2090, 70, 20, 0),
(2091, 70, 21, 0),
(2092, 70, 22, 0),
(2093, 70, 23, 0),
(2094, 70, 24, 0),
(2095, 70, 25, 0),
(2096, 70, 26, 0),
(2097, 70, 27, 0),
(2098, 70, 28, 1),
(2099, 70, 29, 1),
(2100, 70, 30, 0),
(2101, 71, 1, 1),
(2102, 71, 2, 0),
(2103, 71, 3, 1),
(2104, 71, 4, 0),
(2105, 71, 5, 1),
(2106, 71, 6, 1),
(2107, 71, 7, 1),
(2108, 71, 8, 1),
(2109, 71, 9, 0),
(2110, 71, 10, 1),
(2111, 71, 11, 1),
(2112, 71, 12, 0),
(2113, 71, 13, 0),
(2114, 71, 14, 1),
(2115, 71, 15, 1),
(2116, 71, 16, 1),
(2117, 71, 17, 1),
(2118, 71, 18, 0),
(2119, 71, 19, 1),
(2120, 71, 20, 0),
(2121, 71, 21, 1),
(2122, 71, 22, 0),
(2123, 71, 23, 0),
(2124, 71, 24, 0),
(2125, 71, 25, 0),
(2126, 71, 26, 0),
(2127, 71, 27, 0),
(2128, 71, 28, 0),
(2129, 71, 29, 1),
(2130, 71, 30, 0),
(2131, 72, 1, 0),
(2132, 72, 2, 1),
(2133, 72, 3, 1),
(2134, 72, 4, 0),
(2135, 72, 5, 1),
(2136, 72, 6, 1),
(2137, 72, 7, 1),
(2138, 72, 8, 1),
(2139, 72, 9, 1),
(2140, 72, 10, 1),
(2141, 72, 11, 1),
(2142, 72, 12, 0),
(2143, 72, 13, 0),
(2144, 72, 14, 1),
(2145, 72, 15, 1),
(2146, 72, 16, 1),
(2147, 72, 17, 1),
(2148, 72, 18, 1),
(2149, 72, 19, 1),
(2150, 72, 20, 1),
(2151, 72, 21, 1),
(2152, 72, 22, 0),
(2153, 72, 23, 0),
(2154, 72, 24, 1),
(2155, 72, 25, 0),
(2156, 72, 26, 0),
(2157, 72, 27, 0),
(2158, 72, 28, 0),
(2159, 72, 29, 0),
(2160, 72, 30, 0),
(2161, 73, 1, 0),
(2162, 73, 2, 0),
(2163, 73, 3, 0),
(2164, 73, 4, 0),
(2165, 73, 5, 0),
(2166, 73, 6, 0),
(2167, 73, 7, 0),
(2168, 73, 8, 0),
(2169, 73, 9, 0),
(2170, 73, 10, 0),
(2171, 73, 11, 0),
(2172, 73, 12, 0),
(2173, 73, 13, 0),
(2174, 73, 14, 1),
(2175, 73, 15, 1),
(2176, 73, 16, 1),
(2177, 73, 17, 1),
(2178, 73, 18, 0),
(2179, 73, 19, 1),
(2180, 73, 20, 0),
(2181, 73, 21, 0),
(2182, 73, 22, 0),
(2183, 73, 23, 0),
(2184, 73, 24, 0),
(2185, 73, 25, 0),
(2186, 73, 26, 0),
(2187, 73, 27, 0),
(2188, 73, 28, 0),
(2189, 73, 29, 0),
(2190, 73, 30, 0),
(2191, 74, 1, 0),
(2192, 74, 2, 1),
(2193, 74, 3, 1),
(2194, 74, 4, 0),
(2195, 74, 5, 1),
(2196, 74, 6, 1),
(2197, 74, 7, 0),
(2198, 74, 8, 1),
(2199, 74, 9, 0),
(2200, 74, 10, 1),
(2201, 74, 11, 1),
(2202, 74, 12, 0),
(2203, 74, 13, 0),
(2204, 74, 14, 0),
(2205, 74, 15, 1),
(2206, 74, 16, 1),
(2207, 74, 17, 1),
(2208, 74, 18, 0),
(2209, 74, 19, 1),
(2210, 74, 20, 0),
(2211, 74, 21, 0),
(2212, 74, 22, 0),
(2213, 74, 23, 0),
(2214, 74, 24, 1),
(2215, 74, 25, 1),
(2216, 74, 26, 0),
(2217, 74, 27, 0),
(2218, 74, 28, 0),
(2219, 74, 29, 0),
(2220, 74, 30, 0),
(2221, 75, 1, 0),
(2222, 75, 2, 1),
(2223, 75, 3, 1),
(2224, 75, 4, 0),
(2225, 75, 5, 1),
(2226, 75, 6, 0),
(2227, 75, 7, 1),
(2228, 75, 8, 1),
(2229, 75, 9, 1),
(2230, 75, 10, 1),
(2231, 75, 11, 1),
(2232, 75, 12, 0),
(2233, 75, 13, 0),
(2234, 75, 14, 1),
(2235, 75, 15, 1),
(2236, 75, 16, 1),
(2237, 75, 17, 1),
(2238, 75, 18, 0),
(2239, 75, 19, 1),
(2240, 75, 20, 0),
(2241, 75, 21, 0),
(2242, 75, 22, 1),
(2243, 75, 23, 0),
(2244, 75, 24, 0),
(2245, 75, 25, 0),
(2246, 75, 26, 0),
(2247, 75, 27, 0),
(2248, 75, 28, 0),
(2249, 75, 29, 0),
(2250, 75, 30, 0),
(2251, 76, 1, 0),
(2252, 76, 2, 1),
(2253, 76, 3, 1),
(2254, 76, 4, 0),
(2255, 76, 5, 1),
(2256, 76, 6, 1),
(2257, 76, 7, 1),
(2258, 76, 8, 1),
(2259, 76, 9, 1),
(2260, 76, 10, 1),
(2261, 76, 11, 1),
(2262, 76, 12, 0),
(2263, 76, 13, 0),
(2264, 76, 14, 1),
(2265, 76, 15, 1),
(2266, 76, 16, 1),
(2267, 76, 17, 1),
(2268, 76, 18, 1),
(2269, 76, 19, 1),
(2270, 76, 20, 0),
(2271, 76, 21, 0),
(2272, 76, 22, 1),
(2273, 76, 23, 0),
(2274, 76, 24, 1),
(2275, 76, 25, 0),
(2276, 76, 26, 1),
(2277, 76, 27, 0),
(2278, 76, 28, 1),
(2279, 76, 29, 1),
(2280, 76, 30, 0),
(2281, 77, 1, 0),
(2282, 77, 2, 0),
(2283, 77, 3, 0),
(2284, 77, 4, 0),
(2285, 77, 5, 1),
(2286, 77, 6, 0),
(2287, 77, 7, 0),
(2288, 77, 8, 1),
(2289, 77, 9, 0),
(2290, 77, 10, 0),
(2291, 77, 11, 0),
(2292, 77, 12, 0),
(2293, 77, 13, 0),
(2294, 77, 14, 0),
(2295, 77, 15, 0),
(2296, 77, 16, 0),
(2297, 77, 17, 0),
(2298, 77, 18, 0),
(2299, 77, 19, 0),
(2300, 77, 20, 0),
(2301, 77, 21, 0),
(2302, 77, 22, 0),
(2303, 77, 23, 0),
(2304, 77, 24, 0),
(2305, 77, 25, 0),
(2306, 77, 26, 0),
(2307, 77, 27, 0),
(2308, 77, 28, 0),
(2309, 77, 29, 0),
(2310, 77, 30, 0),
(2311, 78, 1, 1),
(2312, 78, 2, 0),
(2313, 78, 3, 1),
(2314, 78, 4, 0),
(2315, 78, 5, 1),
(2316, 78, 6, 1),
(2317, 78, 7, 1),
(2318, 78, 8, 1),
(2319, 78, 9, 0),
(2320, 78, 10, 0),
(2321, 78, 11, 1),
(2322, 78, 12, 0),
(2323, 78, 13, 0),
(2324, 78, 14, 1),
(2325, 78, 15, 1),
(2326, 78, 16, 1),
(2327, 78, 17, 1),
(2328, 78, 18, 1),
(2329, 78, 19, 1),
(2330, 78, 20, 0),
(2331, 78, 21, 1),
(2332, 78, 22, 1),
(2333, 78, 23, 0),
(2334, 78, 24, 0),
(2335, 78, 25, 0),
(2336, 78, 26, 0),
(2337, 78, 27, 0),
(2338, 78, 28, 1),
(2339, 78, 29, 1),
(2340, 78, 30, 0),
(2341, 79, 1, 0),
(2342, 79, 2, 0),
(2343, 79, 3, 0),
(2344, 79, 4, 0),
(2345, 79, 5, 0),
(2346, 79, 6, 0),
(2347, 79, 7, 0),
(2348, 79, 8, 0),
(2349, 79, 9, 0),
(2350, 79, 10, 0),
(2351, 79, 11, 0),
(2352, 79, 12, 0),
(2353, 79, 13, 0),
(2354, 79, 14, 1),
(2355, 79, 15, 1),
(2356, 79, 16, 1),
(2357, 79, 17, 1),
(2358, 79, 18, 0),
(2359, 79, 19, 1),
(2360, 79, 20, 0),
(2361, 79, 21, 0),
(2362, 79, 22, 0),
(2363, 79, 23, 0),
(2364, 79, 24, 0),
(2365, 79, 25, 0),
(2366, 79, 26, 0),
(2367, 79, 27, 0),
(2368, 79, 28, 0),
(2369, 79, 29, 0),
(2370, 79, 30, 0),
(2371, 80, 1, 0),
(2372, 80, 2, 1),
(2373, 80, 3, 1),
(2374, 80, 4, 1),
(2375, 80, 5, 1),
(2376, 80, 6, 0),
(2377, 80, 7, 0),
(2378, 80, 8, 1),
(2379, 80, 9, 0),
(2380, 80, 10, 1),
(2381, 80, 11, 1),
(2382, 80, 12, 0),
(2383, 80, 13, 0),
(2384, 80, 14, 0),
(2385, 80, 15, 1),
(2386, 80, 16, 1),
(2387, 80, 17, 1),
(2388, 80, 18, 0),
(2389, 80, 19, 0),
(2390, 80, 20, 0),
(2391, 80, 21, 0),
(2392, 80, 22, 0),
(2393, 80, 23, 0),
(2394, 80, 24, 0),
(2395, 80, 25, 0),
(2396, 80, 26, 1),
(2397, 80, 27, 0),
(2398, 80, 28, 1),
(2399, 80, 29, 1),
(2400, 80, 30, 0),
(2401, 81, 1, 0),
(2402, 81, 2, 1),
(2403, 81, 3, 1),
(2404, 81, 4, 0),
(2405, 81, 5, 1),
(2406, 81, 6, 1),
(2407, 81, 7, 0),
(2408, 81, 8, 1),
(2409, 81, 9, 0),
(2410, 81, 10, 1),
(2411, 81, 11, 1),
(2412, 81, 12, 0),
(2413, 81, 13, 0),
(2414, 81, 14, 1),
(2415, 81, 15, 0),
(2416, 81, 16, 1),
(2417, 81, 17, 1),
(2418, 81, 18, 0),
(2419, 81, 19, 1),
(2420, 81, 20, 0),
(2421, 81, 21, 0),
(2422, 81, 22, 0),
(2423, 81, 23, 0),
(2424, 81, 24, 1),
(2425, 81, 25, 0),
(2426, 81, 26, 1),
(2427, 81, 27, 0),
(2428, 81, 28, 1),
(2429, 81, 29, 1),
(2430, 81, 30, 0),
(2431, 82, 1, 0),
(2432, 82, 2, 0),
(2433, 82, 3, 0),
(2434, 82, 4, 1),
(2435, 82, 5, 1),
(2436, 82, 6, 0),
(2437, 82, 7, 0),
(2438, 82, 8, 1),
(2439, 82, 9, 0),
(2440, 82, 10, 1),
(2441, 82, 11, 0),
(2442, 82, 12, 0),
(2443, 82, 13, 0),
(2444, 82, 14, 0),
(2445, 82, 15, 0),
(2446, 82, 16, 0),
(2447, 82, 17, 0),
(2448, 82, 18, 0),
(2449, 82, 19, 0),
(2450, 82, 20, 0),
(2451, 82, 21, 0),
(2452, 82, 22, 0),
(2453, 82, 23, 0),
(2454, 82, 24, 0),
(2455, 82, 25, 0),
(2456, 82, 26, 0),
(2457, 82, 27, 0),
(2458, 82, 28, 0),
(2459, 82, 29, 0),
(2460, 82, 30, 0),
(2461, 83, 1, 0),
(2462, 83, 2, 1),
(2463, 83, 3, 1),
(2464, 83, 4, 0),
(2465, 83, 5, 1),
(2466, 83, 6, 1),
(2467, 83, 7, 1),
(2468, 83, 8, 1),
(2469, 83, 9, 0),
(2470, 83, 10, 1),
(2471, 83, 11, 1),
(2472, 83, 12, 0),
(2473, 83, 13, 0),
(2474, 83, 14, 0),
(2475, 83, 15, 0),
(2476, 83, 16, 1),
(2477, 83, 17, 1),
(2478, 83, 18, 0),
(2479, 83, 19, 0),
(2480, 83, 20, 0),
(2481, 83, 21, 0),
(2482, 83, 22, 0),
(2483, 83, 23, 0),
(2484, 83, 24, 0),
(2485, 83, 25, 0),
(2486, 83, 26, 0),
(2487, 83, 27, 0),
(2488, 83, 28, 0),
(2489, 83, 29, 0),
(2490, 83, 30, 0),
(2491, 84, 1, 0),
(2492, 84, 2, 0),
(2493, 84, 3, 0),
(2494, 84, 4, 0),
(2495, 84, 5, 0),
(2496, 84, 6, 0),
(2497, 84, 7, 0),
(2498, 84, 8, 0),
(2499, 84, 9, 0),
(2500, 84, 10, 0),
(2501, 84, 11, 0),
(2502, 84, 12, 0),
(2503, 84, 13, 0),
(2504, 84, 14, 0),
(2505, 84, 15, 0),
(2506, 84, 16, 0),
(2507, 84, 17, 0),
(2508, 84, 18, 0),
(2509, 84, 19, 0),
(2510, 84, 20, 0),
(2511, 84, 21, 0),
(2512, 84, 22, 0),
(2513, 84, 23, 0),
(2514, 84, 24, 0),
(2515, 84, 25, 0),
(2516, 84, 26, 0),
(2517, 84, 27, 0),
(2518, 84, 28, 0),
(2519, 84, 29, 0),
(2520, 84, 30, 0),
(2521, 85, 1, 0),
(2522, 85, 2, 0),
(2523, 85, 3, 1),
(2524, 85, 4, 0),
(2525, 85, 5, 1),
(2526, 85, 6, 1),
(2527, 85, 7, 0),
(2528, 85, 8, 1),
(2529, 85, 9, 0),
(2530, 85, 10, 1),
(2531, 85, 11, 1),
(2532, 85, 12, 0),
(2533, 85, 13, 0),
(2534, 85, 14, 0),
(2535, 85, 15, 1),
(2536, 85, 16, 1),
(2537, 85, 17, 1),
(2538, 85, 18, 0),
(2539, 85, 19, 1),
(2540, 85, 20, 0),
(2541, 85, 21, 0),
(2542, 85, 22, 0),
(2543, 85, 23, 0),
(2544, 85, 24, 1),
(2545, 85, 25, 0),
(2546, 85, 26, 1),
(2547, 85, 27, 0),
(2548, 85, 28, 0),
(2549, 85, 29, 1),
(2550, 85, 30, 0),
(2551, 86, 1, 0),
(2552, 86, 2, 0),
(2553, 86, 3, 1),
(2554, 86, 4, 0),
(2555, 86, 5, 1),
(2556, 86, 6, 1),
(2557, 86, 7, 1),
(2558, 86, 8, 1),
(2559, 86, 9, 0),
(2560, 86, 10, 1),
(2561, 86, 11, 1),
(2562, 86, 12, 0),
(2563, 86, 13, 0),
(2564, 86, 14, 0),
(2565, 86, 15, 1),
(2566, 86, 16, 0),
(2567, 86, 17, 1),
(2568, 86, 18, 0),
(2569, 86, 19, 1),
(2570, 86, 20, 0),
(2571, 86, 21, 0),
(2572, 86, 22, 0),
(2573, 86, 23, 0),
(2574, 86, 24, 0),
(2575, 86, 25, 0),
(2576, 86, 26, 0),
(2577, 86, 27, 0),
(2578, 86, 28, 0),
(2579, 86, 29, 0),
(2580, 86, 30, 0),
(2581, 87, 1, 0),
(2582, 87, 2, 1),
(2583, 87, 3, 1),
(2584, 87, 4, 0),
(2585, 87, 5, 1),
(2586, 87, 6, 1),
(2587, 87, 7, 0),
(2588, 87, 8, 1),
(2589, 87, 9, 0),
(2590, 87, 10, 1),
(2591, 87, 11, 1),
(2592, 87, 12, 0),
(2593, 87, 13, 0),
(2594, 87, 14, 0),
(2595, 87, 15, 1),
(2596, 87, 16, 1),
(2597, 87, 17, 1),
(2598, 87, 18, 1),
(2599, 87, 19, 1),
(2600, 87, 20, 0),
(2601, 87, 21, 0),
(2602, 87, 22, 1),
(2603, 87, 23, 0),
(2604, 87, 24, 0),
(2605, 87, 25, 0),
(2606, 87, 26, 0),
(2607, 87, 27, 0),
(2608, 87, 28, 1),
(2609, 87, 29, 1),
(2610, 87, 30, 0),
(2611, 88, 1, 0),
(2612, 88, 2, 0),
(2613, 88, 3, 1),
(2614, 88, 4, 1),
(2615, 88, 5, 1),
(2616, 88, 6, 0),
(2617, 88, 7, 0),
(2618, 88, 8, 1),
(2619, 88, 9, 0),
(2620, 88, 10, 1),
(2621, 88, 11, 1),
(2622, 88, 12, 0),
(2623, 88, 13, 0),
(2624, 88, 14, 0),
(2625, 88, 15, 1),
(2626, 88, 16, 1),
(2627, 88, 17, 1),
(2628, 88, 18, 0),
(2629, 88, 19, 1),
(2630, 88, 20, 0),
(2631, 88, 21, 0),
(2632, 88, 22, 0),
(2633, 88, 23, 0),
(2634, 88, 24, 0),
(2635, 88, 25, 0),
(2636, 88, 26, 1),
(2637, 88, 27, 1),
(2638, 88, 28, 1),
(2639, 88, 29, 0),
(2640, 88, 30, 0),
(2641, 89, 1, 0),
(2642, 89, 2, 1),
(2643, 89, 3, 1),
(2644, 89, 4, 1),
(2645, 89, 5, 1),
(2646, 89, 6, 0),
(2647, 89, 7, 0),
(2648, 89, 8, 1),
(2649, 89, 9, 0),
(2650, 89, 10, 1),
(2651, 89, 11, 0),
(2652, 89, 12, 0),
(2653, 89, 13, 0),
(2654, 89, 14, 0),
(2655, 89, 15, 0),
(2656, 89, 16, 1),
(2657, 89, 17, 1),
(2658, 89, 18, 0),
(2659, 89, 19, 1),
(2660, 89, 20, 0),
(2661, 89, 21, 0),
(2662, 89, 22, 0),
(2663, 89, 23, 0),
(2664, 89, 24, 0),
(2665, 89, 25, 1),
(2666, 89, 26, 0),
(2667, 89, 27, 0),
(2668, 89, 28, 1),
(2669, 89, 29, 1),
(2670, 89, 30, 0),
(2671, 90, 1, 0),
(2672, 90, 2, 0),
(2673, 90, 3, 0),
(2674, 90, 4, 0),
(2675, 90, 5, 0),
(2676, 90, 6, 0),
(2677, 90, 7, 0),
(2678, 90, 8, 0),
(2679, 90, 9, 0),
(2680, 90, 10, 0),
(2681, 90, 11, 0),
(2682, 90, 12, 0),
(2683, 90, 13, 0),
(2684, 90, 14, 0),
(2685, 90, 15, 1),
(2686, 90, 16, 1),
(2687, 90, 17, 0),
(2688, 90, 18, 0),
(2689, 90, 19, 0),
(2690, 90, 20, 0),
(2691, 90, 21, 0),
(2692, 90, 22, 1),
(2693, 90, 23, 0),
(2694, 90, 24, 1),
(2695, 90, 25, 0),
(2696, 90, 26, 1),
(2697, 90, 27, 0),
(2698, 90, 28, 1),
(2699, 90, 29, 0),
(2700, 90, 30, 0),
(2701, 91, 1, 0),
(2702, 91, 2, 0),
(2703, 91, 3, 0),
(2704, 91, 4, 0),
(2705, 91, 5, 0),
(2706, 91, 6, 0),
(2707, 91, 7, 0),
(2708, 91, 8, 0),
(2709, 91, 9, 0),
(2710, 91, 10, 0),
(2711, 91, 11, 0),
(2712, 91, 12, 0),
(2713, 91, 13, 0),
(2714, 91, 14, 1),
(2715, 91, 15, 1),
(2716, 91, 16, 1),
(2717, 91, 17, 1),
(2718, 91, 18, 0),
(2719, 91, 19, 1),
(2720, 91, 20, 0),
(2721, 91, 21, 0),
(2722, 91, 22, 0),
(2723, 91, 23, 0),
(2724, 91, 24, 0),
(2725, 91, 25, 0),
(2726, 91, 26, 1),
(2727, 91, 27, 0),
(2728, 91, 28, 1),
(2729, 91, 29, 1),
(2730, 91, 30, 0),
(2731, 92, 1, 0),
(2732, 92, 2, 1),
(2733, 92, 3, 1),
(2734, 92, 4, 0),
(2735, 92, 5, 1),
(2736, 92, 6, 0),
(2737, 92, 7, 0),
(2738, 92, 8, 1),
(2739, 92, 9, 0),
(2740, 92, 10, 1),
(2741, 92, 11, 1),
(2742, 92, 12, 0),
(2743, 92, 13, 0),
(2744, 92, 14, 1),
(2745, 92, 15, 1),
(2746, 92, 16, 1),
(2747, 92, 17, 1),
(2748, 92, 18, 0),
(2749, 92, 19, 1),
(2750, 92, 20, 0),
(2751, 92, 21, 0),
(2752, 92, 22, 0),
(2753, 92, 23, 0),
(2754, 92, 24, 0),
(2755, 92, 25, 0),
(2756, 92, 26, 0),
(2757, 92, 27, 0),
(2758, 92, 28, 1),
(2759, 92, 29, 1),
(2760, 92, 30, 0),
(2761, 93, 1, 0),
(2762, 93, 2, 0),
(2763, 93, 3, 0),
(2764, 93, 4, 0),
(2765, 93, 5, 0),
(2766, 93, 6, 0),
(2767, 93, 7, 0),
(2768, 93, 8, 0),
(2769, 93, 9, 0),
(2770, 93, 10, 0),
(2771, 93, 11, 0),
(2772, 93, 12, 0),
(2773, 93, 13, 0),
(2774, 93, 14, 0),
(2775, 93, 15, 1),
(2776, 93, 16, 0),
(2777, 93, 17, 1),
(2778, 93, 18, 0),
(2779, 93, 19, 1),
(2780, 93, 20, 0),
(2781, 93, 21, 0),
(2782, 93, 22, 0),
(2783, 93, 23, 0),
(2784, 93, 24, 0),
(2785, 93, 25, 0),
(2786, 93, 26, 0),
(2787, 93, 27, 0),
(2788, 93, 28, 0),
(2789, 93, 29, 0),
(2790, 93, 30, 0),
(2791, 94, 1, 0),
(2792, 94, 2, 1),
(2793, 94, 3, 1),
(2794, 94, 4, 0),
(2795, 94, 5, 1),
(2796, 94, 6, 1),
(2797, 94, 7, 0),
(2798, 94, 8, 1),
(2799, 94, 9, 0),
(2800, 94, 10, 1),
(2801, 94, 11, 1),
(2802, 94, 12, 0),
(2803, 94, 13, 0),
(2804, 94, 14, 0),
(2805, 94, 15, 1),
(2806, 94, 16, 1),
(2807, 94, 17, 1),
(2808, 94, 18, 1),
(2809, 94, 19, 1),
(2810, 94, 20, 0),
(2811, 94, 21, 0),
(2812, 94, 22, 0),
(2813, 94, 23, 0),
(2814, 94, 24, 1),
(2815, 94, 25, 1),
(2816, 94, 26, 1),
(2817, 94, 27, 0),
(2818, 94, 28, 1),
(2819, 94, 29, 1),
(2820, 94, 30, 0),
(2821, 95, 1, 0),
(2822, 95, 2, 0),
(2823, 95, 3, 1),
(2824, 95, 4, 0),
(2825, 95, 5, 1),
(2826, 95, 6, 0),
(2827, 95, 7, 0),
(2828, 95, 8, 1),
(2829, 95, 9, 0),
(2830, 95, 10, 1),
(2831, 95, 11, 1),
(2832, 95, 12, 0),
(2833, 95, 13, 0),
(2834, 95, 14, 0),
(2835, 95, 15, 0),
(2836, 95, 16, 1),
(2837, 95, 17, 1),
(2838, 95, 18, 0),
(2839, 95, 19, 0),
(2840, 95, 20, 0),
(2841, 95, 21, 0),
(2842, 95, 22, 0),
(2843, 95, 23, 0),
(2844, 95, 24, 0),
(2845, 95, 25, 0),
(2846, 95, 26, 0),
(2847, 95, 27, 0),
(2848, 95, 28, 0),
(2849, 95, 29, 0),
(2850, 95, 30, 0),
(2851, 96, 1, 0),
(2852, 96, 2, 1),
(2853, 96, 3, 1),
(2854, 96, 4, 0),
(2855, 96, 5, 1),
(2856, 96, 6, 1),
(2857, 96, 7, 1),
(2858, 96, 8, 1),
(2859, 96, 9, 0),
(2860, 96, 10, 1),
(2861, 96, 11, 1),
(2862, 96, 12, 0),
(2863, 96, 13, 0),
(2864, 96, 14, 0),
(2865, 96, 15, 1),
(2866, 96, 16, 1),
(2867, 96, 17, 1),
(2868, 96, 18, 0),
(2869, 96, 19, 1),
(2870, 96, 20, 0),
(2871, 96, 21, 0),
(2872, 96, 22, 0),
(2873, 96, 23, 0),
(2874, 96, 24, 1),
(2875, 96, 25, 1),
(2876, 96, 26, 1),
(2877, 96, 27, 1),
(2878, 96, 28, 0),
(2879, 96, 29, 0),
(2880, 96, 30, 0),
(2881, 97, 1, 0),
(2882, 97, 2, 1),
(2883, 97, 3, 1),
(2884, 97, 4, 0),
(2885, 97, 5, 1),
(2886, 97, 6, 0),
(2887, 97, 7, 1),
(2888, 97, 8, 1),
(2889, 97, 9, 0),
(2890, 97, 10, 1),
(2891, 97, 11, 1),
(2892, 97, 12, 0),
(2893, 97, 13, 0),
(2894, 97, 14, 1),
(2895, 97, 15, 0),
(2896, 97, 16, 1),
(2897, 97, 17, 1),
(2898, 97, 18, 0),
(2899, 97, 19, 1),
(2900, 97, 20, 0),
(2901, 97, 21, 0),
(2902, 97, 22, 0),
(2903, 97, 23, 0),
(2904, 97, 24, 1),
(2905, 97, 25, 1),
(2906, 97, 26, 1),
(2907, 97, 27, 0),
(2908, 97, 28, 0),
(2909, 97, 29, 0),
(2910, 97, 30, 0),
(2911, 98, 1, 0),
(2912, 98, 2, 1),
(2913, 98, 3, 1),
(2914, 98, 4, 0),
(2915, 98, 5, 1),
(2916, 98, 6, 1),
(2917, 98, 7, 0),
(2918, 98, 8, 1),
(2919, 98, 9, 1),
(2920, 98, 10, 1),
(2921, 98, 11, 1),
(2922, 98, 12, 0),
(2923, 98, 13, 0),
(2924, 98, 14, 1),
(2925, 98, 15, 1),
(2926, 98, 16, 1),
(2927, 98, 17, 1),
(2928, 98, 18, 0),
(2929, 98, 19, 1),
(2930, 98, 20, 1),
(2931, 98, 21, 1),
(2932, 98, 22, 1),
(2933, 98, 23, 0),
(2934, 98, 24, 1),
(2935, 98, 25, 0),
(2936, 98, 26, 0),
(2937, 98, 27, 0),
(2938, 98, 28, 0),
(2939, 98, 29, 0),
(2940, 98, 30, 0),
(2941, 99, 1, 0),
(2942, 99, 2, 0),
(2943, 99, 3, 0),
(2944, 99, 4, 0),
(2945, 99, 5, 0),
(2946, 99, 6, 0),
(2947, 99, 7, 0),
(2948, 99, 8, 0),
(2949, 99, 9, 0),
(2950, 99, 10, 0),
(2951, 99, 11, 0),
(2952, 99, 12, 0),
(2953, 99, 13, 0),
(2954, 99, 14, 0),
(2955, 99, 15, 0),
(2956, 99, 16, 0),
(2957, 99, 17, 1),
(2958, 99, 18, 0),
(2959, 99, 19, 0),
(2960, 99, 20, 0),
(2961, 99, 21, 0),
(2962, 99, 22, 0),
(2963, 99, 23, 0),
(2964, 99, 24, 0),
(2965, 99, 25, 0),
(2966, 99, 26, 0),
(2967, 99, 27, 0),
(2968, 99, 28, 1),
(2969, 99, 29, 0),
(2970, 99, 30, 0),
(2971, 100, 1, 0),
(2972, 100, 2, 0),
(2973, 100, 3, 1),
(2974, 100, 4, 1),
(2975, 100, 5, 1),
(2976, 100, 6, 0),
(2977, 100, 7, 0),
(2978, 100, 8, 1),
(2979, 100, 9, 0),
(2980, 100, 10, 1),
(2981, 100, 11, 1),
(2982, 100, 12, 0),
(2983, 100, 13, 0),
(2984, 100, 14, 0),
(2985, 100, 15, 0),
(2986, 100, 16, 1),
(2987, 100, 17, 1),
(2988, 100, 18, 0),
(2989, 100, 19, 0),
(2990, 100, 20, 0),
(2991, 100, 21, 0),
(2992, 100, 22, 0),
(2993, 100, 23, 0),
(2994, 100, 24, 0),
(2995, 100, 25, 0),
(2996, 100, 26, 0),
(2997, 100, 27, 0),
(2998, 100, 28, 0),
(2999, 100, 29, 0),
(3000, 100, 30, 0);

-- --------------------------------------------------------

--
-- Table structure for table `facilitylist`
--

CREATE TABLE IF NOT EXISTS `facilitylist` (
  `id` int(11) NOT NULL AUTO_INCREMENT,
  `facility_name` varchar(255) NOT NULL,
  `facility_type` varchar(255) NOT NULL,
  `display` tinyint(1) DEFAULT '0',
  `deleted` tinyint(1) DEFAULT '0',
  PRIMARY KEY (`id`)
) ENGINE=InnoDB  DEFAULT CHARSET=utf8 AUTO_INCREMENT=49 ;

--
-- Dumping data for table `facilitylist`
--

INSERT INTO `facilitylist` (`id`, `facility_name`, `facility_type`, `display`, `deleted`) VALUES
(1, 'อินเตอร์เน็ต', 'inroom', 1, 0),
(2, 'อินเตอร์เน็ตไร้สาย', 'inroom', 1, 0),
(3, 'เครื่องปรับอากาศ', 'inroom', 1, 0),
(4, 'พัดลม', 'inroom', 1, 0),
(5, 'ห้องน้ำส่วนตัว', 'inroom', 1, 0),
(6, 'เครื่องทำน้ำอุ่น', 'inroom', 1, 0),
(7, 'โทรศัพท์สายตรง', 'inroom', 1, 0),
(8, 'เฟอร์นิเจอร์', 'inroom', 1, 0),
(9, 'ห้องครัว', 'inroom', 1, 0),
(10, 'ระเบียง', 'inroom', 1, 0),
(11, 'เคเบิ้ลทีวี/ดาวเทียม', 'inroom', 1, 0),
(12, 'อนุญาตให้เลี้ยงสัตว์', 'inroom', 1, 0),
(13, 'ลิฟท์', 'outroom', 1, 0),
(14, 'ยามรักษาความปลอดภัย', 'outroom', 1, 0),
(15, 'ที่จอดรถ', 'outroom', 1, 0),
(16, 'คีย์การ์ด', 'outroom', 1, 0),
(17, 'กล้องวงจรปิด', 'outroom', 1, 0),
(18, 'ไฟฉุกเฉิน', 'outroom', 1, 0),
(19, 'สระว่ายน้ำ', 'outroom', 1, 0),
(20, 'ฟิตเนส', 'outroom', 1, 0),
(21, 'สวนสารธาณะ', 'outroom', 1, 0),
(22, 'ลานกีฬา', 'outroom', 1, 0),
(23, 'บริการซัก อบ รีด', 'outroom', 1, 0),
(24, 'ร้านเสริมสวย', 'outroom', 1, 0),
(25, 'มินิมาร์ท', 'outroom', 1, 0),
(26, 'บริการคอมพิวเตอร์', 'outroom', 1, 0),
(27, 'ตู้ซักผ้าหยอดเหรียญ', 'outroom', 1, 0),
(28, 'ตู้น้ำหยอดเหรียญ', 'outroom', 1, 0),
(29, 'สปริงเกิ้ล', 'outroom', 1, 0),
(30, 'ร้านอาหาร', 'outroom', 1, 0),
(47, 'ทำความสะอาดห้อง(ฟรี)', 'outroom', 1, 0),
(48, 'ทำความสะอาดห้อง(ไม่ฟรี)', 'outroom', 1, 0);

-- --------------------------------------------------------

--
-- Table structure for table `ftr_log`
--

CREATE TABLE IF NOT EXISTS `ftr_log` (
  `id` int(11) NOT NULL AUTO_INCREMENT,
  `tablename` varchar(255) NOT NULL,
  `username` varchar(255) NOT NULL,
  `user_type` varchar(255) NOT NULL,
  `datetimestamp` datetime NOT NULL,
  `pk_id` int(11) NOT NULL,
  PRIMARY KEY (`id`)
) ENGINE=InnoDB DEFAULT CHARSET=utf8 AUTO_INCREMENT=1 ;

--
-- Dumping data for table `ftr_log`
--


-- --------------------------------------------------------

--
-- Table structure for table `ftr_logdetail`
--

CREATE TABLE IF NOT EXISTS `ftr_logdetail` (
  `id` int(11) NOT NULL AUTO_INCREMENT,
  `ftr_log_id` int(11) NOT NULL,
  `action` varchar(255) NOT NULL,
  `fieldname` varchar(255) NOT NULL,
  `fieldvalue` longtext NOT NULL,
  PRIMARY KEY (`id`)
) ENGINE=InnoDB DEFAULT CHARSET=utf8 AUTO_INCREMENT=1 ;

--
-- Dumping data for table `ftr_logdetail`
--


-- --------------------------------------------------------

--
-- Table structure for table `image`
--

CREATE TABLE IF NOT EXISTS `image` (
  `id` int(11) NOT NULL AUTO_INCREMENT,
  `building_site_id` int(11) DEFAULT NULL,
  `roomtype2site_id` int(11) DEFAULT NULL,
  `photo_name` varchar(127) NOT NULL,
  `photo_type` varchar(127) NOT NULL,
  `deleted` tinyint(1) DEFAULT '0',
  `description` varchar(255) NOT NULL,
  `sequence` int(11) DEFAULT '0',
  PRIMARY KEY (`id`)
) ENGINE=InnoDB  DEFAULT CHARSET=utf8 AUTO_INCREMENT=357 ;

--
-- Dumping data for table `image`
--

INSERT INTO `image` (`id`, `building_site_id`, `roomtype2site_id`, `photo_name`, `photo_type`, `deleted`, `description`, `sequence`) VALUES
(1, 1, 1, '1-20130308173249.jpg', 'head', 0, 'no_content', 0),
(2, 1, 1, '2-20130308173249.jpg', 'gallery', 0, 'no_content', 0),
(3, 1, 1, '3-20130308173249.jpg', 'gallery', 0, 'no_content', 1),
(4, 1, 1, '4-20130308173249.jpg', 'gallery', 0, 'no_content', 2),
(5, 1, 1, '5-20130308173250.jpg', 'gallery', 0, 'no_content', 3),
(6, 1, 1, '5-20130308173250.jpg', 'room', 0, 'no_content', 0),
(7, 2, 2, '1-20130308173251.jpg', 'head', 0, 'no_content', 0),
(8, 2, 2, '2-20130308173252.jpg', 'gallery', 0, 'no_content', 0),
(9, 2, 2, '3-20130308173252.jpg', 'gallery', 0, 'no_content', 1),
(10, 2, 2, '4-20130308173252.jpg', 'gallery', 0, 'no_content', 2),
(11, 2, 2, '5-20130308173252.jpg', 'gallery', 0, 'no_content', 3),
(12, 2, 2, '6-20130308173253.jpg', 'gallery', 0, 'no_content', 4),
(13, 2, 2, '7-20130308173253.jpg', 'gallery', 0, 'no_content', 5),
(14, 2, 2, '8-20130308173253.jpg', 'gallery', 0, 'no_content', 6),
(15, 2, 2, '9-20130308173253.jpg', 'gallery', 0, 'no_content', 7),
(16, 2, 2, '10-20130308173254.jpg', 'gallery', 0, 'no_content', 8),
(17, 3, 5, '1-20130308173255.jpg', 'head', 0, 'no_content', 0),
(18, 3, 5, '2-20130308173256.jpg', 'gallery', 0, 'no_content', 0),
(19, 3, 5, '3-20130308173256.jpg', 'gallery', 0, 'no_content', 1),
(20, 3, 5, '4-20130308173256.jpg', 'gallery', 0, 'no_content', 2),
(21, 3, 5, '5-20130308173256.jpg', 'gallery', 0, 'no_content', 3),
(22, 3, 5, '6-20130308173257.jpg', 'gallery', 0, 'no_content', 4),
(23, 3, 5, '7-20130308173257.jpg', 'gallery', 0, 'no_content', 5),
(24, 3, 5, '8-20130308173257.jpg', 'gallery', 0, 'no_content', 6),
(25, 3, 5, '9-20130308173258.jpg', 'gallery', 0, 'no_content', 7),
(26, 3, 5, '10-20130308173258.jpg', 'gallery', 0, 'no_content', 8),
(27, 4, 0, '1-20130308173259.jpg', 'head', 0, 'no_content', 0),
(28, 5, 9, '1-20130308173300.jpg', 'head', 0, 'no_content', 0),
(29, 9, 14, '1-20130308173302.jpg', 'head', 0, 'no_content', 0),
(30, 9, 14, '2-20130308173303.jpg', 'gallery', 0, 'no_content', 0),
(31, 9, 14, '3-20130308173303.jpg', 'gallery', 0, 'no_content', 1),
(32, 9, 14, '4-20130308173303.jpg', 'gallery', 0, 'no_content', 2),
(33, 9, 14, '5-20130308173304.jpg', 'gallery', 0, 'no_content', 3),
(34, 9, 14, '6-20130308173304.jpg', 'gallery', 0, 'no_content', 4),
(35, 9, 14, '7-20130308173304.jpg', 'gallery', 0, 'no_content', 5),
(36, 9, 14, '8-20130308173305.jpg', 'gallery', 0, 'no_content', 6),
(37, 9, 14, '9-20130308173305.jpg', 'gallery', 0, 'no_content', 7),
(38, 9, 14, '10-20130308173305.jpg', 'gallery', 0, 'no_content', 8),
(39, 11, 20, '1-20130308173307.jpg', 'head', 0, 'no_content', 0),
(40, 11, 20, '2-20130308173307.jpg', 'gallery', 0, 'no_content', 0),
(41, 11, 20, '3-20130308173307.jpg', 'gallery', 0, 'no_content', 1),
(42, 11, 20, '3-20130308173307.jpg', 'room', 0, 'no_content', 0),
(43, 11, 20, '3-20130308173307.jpg', 'room', 0, 'no_content', 0),
(44, 11, 20, '3-20130308173307.jpg', 'room', 0, 'no_content', 0),
(45, 12, 23, '1-20130308173309.jpg', 'head', 0, 'no_content', 0),
(46, 12, 23, '2-20130308173309.jpg', 'gallery', 0, 'no_content', 0),
(47, 12, 23, '3-20130308173310.jpg', 'gallery', 0, 'no_content', 1),
(48, 15, 0, '1-20130308173312.jpg', 'head', 0, 'no_content', 0),
(49, 15, 0, '2-20130308173312.jpg', 'gallery', 0, 'no_content', 0),
(50, 20, 30, '1-20130308173315.jpg', 'head', 0, 'no_content', 0),
(51, 20, 30, '2-20130308173316.jpg', 'gallery', 0, 'no_content', 0),
(52, 20, 30, '3-20130308173316.jpg', 'gallery', 0, 'no_content', 1),
(53, 20, 30, '4-20130308173316.jpg', 'gallery', 0, 'no_content', 2),
(54, 20, 30, '5-20130308173317.jpg', 'gallery', 0, 'no_content', 3),
(55, 20, 30, '6-20130308173318.jpg', 'gallery', 0, 'no_content', 4),
(56, 20, 30, '7-20130308173318.jpg', 'gallery', 0, 'no_content', 5),
(57, 20, 30, '8-20130308173318.jpg', 'gallery', 0, 'no_content', 6),
(58, 20, 30, '9-20130308173319.jpg', 'gallery', 0, 'no_content', 7),
(59, 20, 30, '10-20130308173319.jpg', 'gallery', 0, 'no_content', 8),
(60, 21, 0, '1-20130308173320.jpg', 'head', 0, 'no_content', 0),
(61, 21, 0, '2-20130308173320.jpg', 'gallery', 0, 'no_content', 0),
(62, 21, 0, '3-20130308173320.jpg', 'gallery', 0, 'no_content', 1),
(63, 24, 0, '1-20130308173322.jpg', 'head', 0, 'no_content', 0),
(64, 24, 0, '2-20130308173323.jpg', 'gallery', 0, 'no_content', 0),
(65, 24, 0, '3-20130308173323.jpg', 'gallery', 0, 'no_content', 1),
(66, 24, 0, '4-20130308173323.jpg', 'gallery', 0, 'no_content', 2),
(67, 24, 0, '5-20130308173323.jpg', 'gallery', 0, 'no_content', 3),
(68, 24, 0, '6-20130308173323.jpg', 'gallery', 0, 'no_content', 4),
(69, 24, 0, '7-20130308173324.jpg', 'gallery', 0, 'no_content', 5),
(70, 24, 0, '8-20130308173324.jpg', 'gallery', 0, 'no_content', 6),
(71, 24, 0, '9-20130308173324.jpg', 'gallery', 0, 'no_content', 7),
(72, 24, 0, '10-20130308173324.jpg', 'gallery', 0, 'no_content', 8),
(73, 25, 0, '1-20130308173327.jpg', 'head', 0, 'no_content', 0),
(74, 25, 0, '2-20130308173328.jpg', 'gallery', 0, 'no_content', 0),
(75, 25, 0, '3-20130308173328.jpg', 'gallery', 0, 'no_content', 1),
(76, 25, 0, '4-20130308173328.jpg', 'gallery', 0, 'no_content', 2),
(77, 26, 33, '1-20130308173329.jpg', 'head', 0, 'no_content', 0),
(78, 26, 33, '2-20130308173329.jpg', 'gallery', 0, 'no_content', 0),
(79, 26, 33, '3-20130308173329.jpg', 'gallery', 0, 'no_content', 1),
(80, 27, 0, '1-20130308173330.jpg', 'head', 0, 'no_content', 0),
(81, 27, 0, '2-20130308173330.jpg', 'gallery', 0, 'no_content', 0),
(82, 29, 34, '1-20130308173332.jpg', 'head', 0, 'no_content', 0),
(83, 29, 34, '2-20130308173332.jpg', 'gallery', 0, 'no_content', 0),
(84, 29, 34, '3-20130308173332.jpg', 'gallery', 0, 'no_content', 1),
(85, 30, 39, '1-20130308173335.jpg', 'head', 0, 'no_content', 0),
(86, 30, 39, '2-20130308173335.jpg', 'gallery', 0, 'no_content', 0),
(87, 30, 39, '3-20130308173335.jpg', 'gallery', 0, 'no_content', 1),
(88, 30, 39, '4-20130308173335.jpg', 'gallery', 0, 'no_content', 2),
(89, 31, 40, '1-20130308173336.jpg', 'head', 0, 'no_content', 0),
(90, 31, 40, '2-20130308173337.jpg', 'gallery', 0, 'no_content', 0),
(91, 31, 40, '3-20130308173337.jpg', 'gallery', 0, 'no_content', 1),
(92, 31, 40, '4-20130308173337.jpg', 'gallery', 0, 'no_content', 2),
(93, 31, 40, '5-20130308173337.jpg', 'gallery', 0, 'no_content', 3),
(94, 31, 40, '6-20130308173338.jpg', 'gallery', 0, 'no_content', 4),
(95, 31, 40, '7-20130308173338.jpg', 'gallery', 0, 'no_content', 5),
(96, 31, 40, '8-20130308173338.jpg', 'gallery', 0, 'no_content', 6),
(97, 31, 40, '9-20130308173338.jpg', 'gallery', 0, 'no_content', 7),
(98, 32, 44, '1-20130308173343.jpg', 'head', 0, 'no_content', 0),
(99, 32, 44, '2-20130308173344.jpg', 'gallery', 0, 'no_content', 0),
(100, 32, 44, '3-20130308173353.jpg', 'gallery', 0, 'no_content', 1),
(101, 32, 44, '4-20130308173356.jpg', 'gallery', 0, 'no_content', 2),
(102, 33, 46, '1-20130308173358.jpg', 'head', 0, 'no_content', 0),
(103, 34, 0, '1-20130308173359.jpg', 'head', 0, 'no_content', 0),
(104, 36, 47, '1-20130308173401.jpg', 'head', 0, 'no_content', 0),
(105, 36, 47, '2-20130308173402.jpg', 'gallery', 0, 'no_content', 0),
(106, 36, 47, '3-20130308173402.jpg', 'gallery', 0, 'no_content', 1),
(107, 36, 47, '4-20130308173402.jpg', 'gallery', 0, 'no_content', 2),
(108, 36, 47, '5-20130308173403.jpg', 'gallery', 0, 'no_content', 3),
(109, 36, 47, '5-20130308173403.jpg', 'room', 0, 'no_content', 0),
(110, 36, 47, '5-20130308173403.jpg', 'room', 0, 'no_content', 0),
(111, 38, 49, '1-20130308173405.jpg', 'head', 0, 'no_content', 0),
(112, 38, 49, '2-20130308173405.jpg', 'gallery', 0, 'no_content', 0),
(113, 38, 49, '3-20130308173406.jpg', 'gallery', 0, 'no_content', 1),
(114, 38, 49, '4-20130308173406.jpg', 'gallery', 0, 'no_content', 2),
(115, 38, 49, '5-20130308173406.jpg', 'gallery', 0, 'no_content', 3),
(116, 38, 49, '6-20130308173406.jpg', 'gallery', 0, 'no_content', 4),
(117, 38, 49, '7-20130308173414.jpg', 'gallery', 0, 'no_content', 5),
(118, 38, 49, '8-20130308173415.jpg', 'gallery', 0, 'no_content', 6),
(119, 38, 49, '9-20130308173416.jpg', 'gallery', 0, 'no_content', 7),
(120, 38, 49, '10-20130308173416.jpg', 'gallery', 0, 'no_content', 8),
(121, 39, 53, '1-20130308173418.jpg', 'head', 0, 'no_content', 0),
(122, 39, 53, '2-20130308173419.jpg', 'gallery', 0, 'no_content', 0),
(123, 39, 53, '3-20130308173419.jpg', 'gallery', 0, 'no_content', 1),
(124, 39, 53, '4-20130308173419.jpg', 'gallery', 0, 'no_content', 2),
(125, 40, 57, '1-20130308173420.jpg', 'head', 0, 'no_content', 0),
(126, 40, 57, '2-20130308173420.jpg', 'gallery', 0, 'no_content', 0),
(127, 40, 57, '3-20130308173420.jpg', 'gallery', 0, 'no_content', 1),
(128, 40, 57, '4-20130308173420.jpg', 'gallery', 0, 'no_content', 2),
(129, 40, 57, '5-20130308173421.jpg', 'gallery', 0, 'no_content', 3),
(130, 40, 57, '6-20130308173421.jpg', 'gallery', 0, 'no_content', 4),
(131, 40, 57, '7-20130308173421.jpg', 'gallery', 0, 'no_content', 5),
(132, 40, 57, '8-20130308173421.jpg', 'gallery', 0, 'no_content', 6),
(133, 42, 59, '1-20130308173423.jpg', 'head', 0, 'no_content', 0),
(134, 42, 59, '2-20130308173423.jpg', 'gallery', 0, 'no_content', 0),
(135, 42, 59, '3-20130308173423.jpg', 'gallery', 0, 'no_content', 1),
(136, 42, 59, '4-20130308173423.jpg', 'gallery', 0, 'no_content', 2),
(137, 42, 59, '5-20130308173423.jpg', 'gallery', 0, 'no_content', 3),
(138, 42, 59, '6-20130308173424.jpg', 'gallery', 0, 'no_content', 4),
(139, 43, 61, '1-20130308173425.jpg', 'head', 0, 'no_content', 0),
(140, 43, 61, '2-20130308173425.jpg', 'gallery', 0, 'no_content', 0),
(141, 43, 61, '3-20130308173425.jpg', 'gallery', 0, 'no_content', 1),
(142, 43, 61, '4-20130308173426.jpg', 'gallery', 0, 'no_content', 2),
(143, 43, 61, '5-20130308173426.jpg', 'gallery', 0, 'no_content', 3),
(144, 43, 61, '6-20130308173426.jpg', 'gallery', 0, 'no_content', 4),
(145, 43, 61, '7-20130308173427.jpg', 'gallery', 0, 'no_content', 5),
(146, 43, 61, '8-20130308173427.jpg', 'gallery', 0, 'no_content', 6),
(147, 43, 61, '8-20130308173427.jpg', 'room', 0, 'no_content', 0),
(148, 43, 61, '8-20130308173427.jpg', 'room', 0, 'no_content', 0),
(149, 43, 61, '8-20130308173427.jpg', 'room', 0, 'no_content', 0),
(150, 45, 64, '1-20130308173430.jpg', 'head', 0, 'no_content', 0),
(151, 45, 64, '2-20130308173430.jpg', 'gallery', 0, 'no_content', 0),
(152, 45, 64, '3-20130308173430.jpg', 'gallery', 0, 'no_content', 1),
(153, 45, 64, '4-20130308173430.jpg', 'gallery', 0, 'no_content', 2),
(154, 45, 64, '5-20130308173431.jpg', 'gallery', 0, 'no_content', 3),
(155, 47, 66, '1-20130308173432.jpg', 'head', 0, 'no_content', 0),
(156, 47, 66, '2-20130308173432.jpg', 'gallery', 0, 'no_content', 0),
(157, 49, 67, '1-20130308173434.jpg', 'head', 0, 'no_content', 0),
(158, 49, 67, '2-20130308173434.jpg', 'gallery', 0, 'no_content', 0),
(159, 49, 67, '3-20130308173435.jpg', 'gallery', 0, 'no_content', 1),
(160, 49, 67, '4-20130308173435.jpg', 'gallery', 0, 'no_content', 2),
(161, 49, 67, '5-20130308173436.jpg', 'gallery', 0, 'no_content', 3),
(162, 49, 67, '6-20130308173438.jpg', 'gallery', 0, 'no_content', 4),
(163, 49, 67, '7-20130308173439.jpg', 'gallery', 0, 'no_content', 5),
(164, 49, 67, '8-20130308173440.jpg', 'gallery', 0, 'no_content', 6),
(165, 49, 67, '9-20130308173441.jpg', 'gallery', 0, 'no_content', 7),
(166, 49, 67, '10-20130308173443.jpg', 'gallery', 0, 'no_content', 8),
(167, 50, 69, '1-20130308173445.jpg', 'head', 0, 'no_content', 0),
(168, 50, 69, '2-20130308173445.jpg', 'gallery', 0, 'no_content', 0),
(169, 50, 69, '3-20130308173445.jpg', 'gallery', 0, 'no_content', 1),
(170, 50, 69, '4-20130308173446.jpg', 'gallery', 0, 'no_content', 2),
(171, 50, 69, '5-20130308173446.jpg', 'gallery', 0, 'no_content', 3),
(172, 50, 69, '6-20130308173446.jpg', 'gallery', 0, 'no_content', 4),
(173, 50, 69, '7-20130308173446.jpg', 'gallery', 0, 'no_content', 5),
(174, 50, 69, '8-20130308173446.jpg', 'gallery', 0, 'no_content', 6),
(175, 50, 69, '9-20130308173447.jpg', 'gallery', 0, 'no_content', 7),
(176, 51, 70, '1-20130308173447.jpg', 'head', 0, 'no_content', 0),
(177, 51, 70, '2-20130308173448.jpg', 'gallery', 0, 'no_content', 0),
(178, 51, 70, '3-20130308173448.jpg', 'gallery', 0, 'no_content', 1),
(179, 51, 70, '4-20130308173448.jpg', 'gallery', 0, 'no_content', 2),
(180, 53, 0, '1-20130308173713.jpg', 'head', 0, 'no_content', 0),
(181, 53, 0, '2-20130308173713.jpg', 'gallery', 0, 'no_content', 0),
(182, 53, 0, '3-20130308173714.jpg', 'gallery', 0, 'no_content', 1),
(183, 54, 71, '1-20130308173716.jpg', 'head', 0, 'no_content', 0),
(184, 54, 71, '2-20130308173717.jpg', 'gallery', 0, 'no_content', 0),
(185, 54, 71, '3-20130308173719.jpg', 'gallery', 0, 'no_content', 1),
(186, 54, 71, '4-20130308173721.jpg', 'gallery', 0, 'no_content', 2),
(187, 54, 71, '5-20130308173721.jpg', 'gallery', 0, 'no_content', 3),
(188, 54, 71, '6-20130308173721.jpg', 'gallery', 0, 'no_content', 4),
(189, 56, 72, '1-20130308173723.jpg', 'head', 0, 'no_content', 0),
(190, 56, 72, '2-20130308173723.jpg', 'gallery', 0, 'no_content', 0),
(191, 56, 72, '3-20130308173723.jpg', 'gallery', 0, 'no_content', 1),
(192, 56, 72, '4-20130308173724.jpg', 'gallery', 0, 'no_content', 2),
(193, 56, 72, '5-20130308173724.jpg', 'gallery', 0, 'no_content', 3),
(194, 56, 72, '6-20130308173724.jpg', 'gallery', 0, 'no_content', 4),
(195, 56, 72, '7-20130308173724.jpg', 'gallery', 0, 'no_content', 5),
(196, 56, 72, '8-20130308173724.jpg', 'gallery', 0, 'no_content', 6),
(197, 58, 78, '1-20130308173726.jpg', 'head', 0, 'no_content', 0),
(198, 58, 78, '2-20130308173726.jpg', 'gallery', 0, 'no_content', 0),
(199, 58, 78, '3-20130308173726.jpg', 'gallery', 0, 'no_content', 1),
(200, 58, 78, '4-20130308173728.jpg', 'gallery', 0, 'no_content', 2),
(201, 58, 78, '5-20130308173729.jpg', 'gallery', 0, 'no_content', 3),
(202, 58, 78, '6-20130308173729.jpg', 'gallery', 0, 'no_content', 4),
(203, 58, 78, '7-20130308173730.jpg', 'gallery', 0, 'no_content', 5),
(204, 58, 78, '8-20130308173731.jpg', 'gallery', 0, 'no_content', 6),
(205, 58, 78, '9-20130308173731.jpg', 'gallery', 0, 'no_content', 7),
(206, 58, 78, '10-20130308173731.jpg', 'gallery', 0, 'no_content', 8),
(207, 60, 83, '1-20130308173733.jpg', 'head', 0, 'no_content', 0),
(208, 60, 83, '2-20130308173733.jpg', 'gallery', 0, 'no_content', 0),
(209, 60, 83, '3-20130308173733.jpg', 'gallery', 0, 'no_content', 1),
(210, 60, 83, '4-20130308173733.jpg', 'gallery', 0, 'no_content', 2),
(211, 60, 83, '5-20130308173733.jpg', 'gallery', 0, 'no_content', 3),
(212, 60, 83, '6-20130308173734.jpg', 'gallery', 0, 'no_content', 4),
(213, 60, 83, '7-20130308173734.jpg', 'gallery', 0, 'no_content', 5),
(214, 62, 0, '1-20130308173735.jpg', 'head', 0, 'no_content', 0),
(215, 62, 0, '2-20130308173736.jpg', 'gallery', 0, 'no_content', 0),
(216, 62, 0, '3-20130308173736.jpg', 'gallery', 0, 'no_content', 1),
(217, 64, 89, '1-20130308173737.jpg', 'head', 0, 'no_content', 0),
(218, 64, 89, '2-20130308173738.jpg', 'gallery', 0, 'no_content', 0),
(219, 64, 89, '3-20130308173738.jpg', 'gallery', 0, 'no_content', 1),
(220, 64, 89, '4-20130308173738.jpg', 'gallery', 0, 'no_content', 2),
(221, 64, 89, '5-20130308173738.jpg', 'gallery', 0, 'no_content', 3),
(222, 64, 89, '6-20130308173739.jpg', 'gallery', 0, 'no_content', 4),
(223, 68, 97, '1-20130308173741.jpg', 'head', 0, 'no_content', 0),
(224, 68, 97, '2-20130308173742.jpg', 'gallery', 0, 'no_content', 0),
(225, 68, 97, '3-20130308173742.jpg', 'gallery', 0, 'no_content', 1),
(226, 68, 97, '4-20130308173742.jpg', 'gallery', 0, 'no_content', 2),
(227, 70, 98, '1-20130308173743.jpg', 'head', 0, 'no_content', 0),
(228, 70, 98, '2-20130308173744.jpg', 'gallery', 0, 'no_content', 0),
(229, 70, 98, '3-20130308173744.jpg', 'gallery', 0, 'no_content', 1),
(230, 70, 98, '4-20130308173744.jpg', 'gallery', 0, 'no_content', 2),
(231, 70, 98, '5-20130308173746.jpg', 'gallery', 0, 'no_content', 3),
(232, 70, 98, '6-20130308173746.jpg', 'gallery', 0, 'no_content', 4),
(233, 70, 98, '7-20130308173746.jpg', 'gallery', 0, 'no_content', 5),
(234, 70, 98, '8-20130308173747.jpg', 'gallery', 0, 'no_content', 6),
(235, 70, 98, '9-20130308173747.jpg', 'gallery', 0, 'no_content', 7),
(236, 70, 98, '10-20130308173747.jpg', 'gallery', 0, 'no_content', 8),
(237, 70, 98, '10-20130308173747.jpg', 'room', 0, 'no_content', 0),
(238, 70, 98, '10-20130308173747.jpg', 'room', 0, 'no_content', 0),
(239, 70, 98, '10-20130308173747.jpg', 'room', 0, 'no_content', 0),
(240, 71, 101, '1-20130308173748.jpg', 'head', 0, 'no_content', 0),
(241, 71, 101, '2-20130308173749.jpg', 'gallery', 0, 'no_content', 0),
(242, 71, 101, '3-20130308173749.jpg', 'gallery', 0, 'no_content', 1),
(243, 71, 101, '4-20130308173749.jpg', 'gallery', 0, 'no_content', 2),
(244, 72, 102, '1-20130308173751.jpg', 'head', 0, 'no_content', 0),
(245, 72, 102, '2-20130308173751.jpg', 'gallery', 0, 'no_content', 0),
(246, 72, 102, '3-20130308173751.jpg', 'gallery', 0, 'no_content', 1),
(247, 72, 102, '4-20130308173752.jpg', 'gallery', 0, 'no_content', 2),
(248, 72, 102, '5-20130308173752.jpg', 'gallery', 0, 'no_content', 3),
(249, 72, 102, '6-20130308173752.jpg', 'gallery', 0, 'no_content', 4),
(250, 72, 102, '7-20130308173752.jpg', 'gallery', 0, 'no_content', 5),
(251, 72, 102, '8-20130308173752.jpg', 'gallery', 0, 'no_content', 6),
(252, 72, 102, '9-20130308173753.jpg', 'gallery', 0, 'no_content', 7),
(253, 72, 102, '10-20130308173753.jpg', 'gallery', 0, 'no_content', 8),
(254, 73, 107, '1-20130308173754.jpg', 'head', 0, 'no_content', 0),
(255, 73, 107, '2-20130308173755.jpg', 'gallery', 0, 'no_content', 0),
(256, 73, 107, '3-20130308173755.jpg', 'gallery', 0, 'no_content', 1),
(257, 73, 107, '4-20130308173755.jpg', 'gallery', 0, 'no_content', 2),
(258, 73, 107, '5-20130308173755.jpg', 'gallery', 0, 'no_content', 3),
(259, 73, 107, '6-20130308173757.jpg', 'gallery', 0, 'no_content', 4),
(260, 73, 107, '7-20130308173757.jpg', 'gallery', 0, 'no_content', 5),
(261, 73, 107, '8-20130308173758.jpg', 'gallery', 0, 'no_content', 6),
(262, 73, 107, '9-20130308173758.jpg', 'gallery', 0, 'no_content', 7),
(263, 73, 107, '10-20130308173758.jpg', 'gallery', 0, 'no_content', 8),
(264, 75, 112, '1-20130308173800.jpg', 'head', 0, 'no_content', 0),
(265, 75, 112, '2-20130308173800.jpg', 'gallery', 0, 'no_content', 0),
(266, 75, 112, '3-20130308173801.jpg', 'gallery', 0, 'no_content', 1),
(267, 75, 112, '4-20130308173801.jpg', 'gallery', 0, 'no_content', 2),
(268, 75, 112, '5-20130308173801.jpg', 'gallery', 0, 'no_content', 3),
(269, 76, 115, '1-20130308173808.jpg', 'head', 0, 'no_content', 0),
(270, 76, 115, '2-20130308173809.jpg', 'gallery', 0, 'no_content', 0),
(271, 76, 115, '3-20130308173809.jpg', 'gallery', 0, 'no_content', 1),
(272, 76, 115, '4-20130308173810.jpg', 'gallery', 0, 'no_content', 2),
(273, 76, 115, '5-20130308173810.jpg', 'gallery', 0, 'no_content', 3),
(274, 76, 115, '6-20130308173811.jpg', 'gallery', 0, 'no_content', 4),
(275, 76, 115, '7-20130308173811.jpg', 'gallery', 0, 'no_content', 5),
(276, 76, 115, '8-20130308173811.jpg', 'gallery', 0, 'no_content', 6),
(277, 76, 115, '9-20130308173812.jpg', 'gallery', 0, 'no_content', 7),
(278, 78, 0, '1-20130308173814.jpg', 'head', 0, 'no_content', 0),
(279, 78, 0, '2-20130308173816.jpg', 'gallery', 0, 'no_content', 0),
(280, 78, 0, '3-20130308173819.jpg', 'gallery', 0, 'no_content', 1),
(281, 78, 0, '4-20130308173820.jpg', 'gallery', 0, 'no_content', 2),
(282, 78, 0, '5-20130308173821.jpg', 'gallery', 0, 'no_content', 3),
(283, 78, 0, '6-20130308173822.jpg', 'gallery', 0, 'no_content', 4),
(284, 78, 0, '7-20130308173822.jpg', 'gallery', 0, 'no_content', 5),
(285, 78, 0, '8-20130308173823.jpg', 'gallery', 0, 'no_content', 6),
(286, 78, 0, '9-20130308173823.jpg', 'gallery', 0, 'no_content', 7),
(287, 79, 119, '1-20130308173824.jpg', 'head', 0, 'no_content', 0),
(288, 80, 0, '1-20130308173825.jpg', 'head', 0, 'no_content', 0),
(289, 81, 120, '1-20130308173825.jpg', 'head', 0, 'no_content', 0),
(290, 81, 120, '2-20130308173826.jpg', 'gallery', 0, 'no_content', 0),
(291, 81, 120, '3-20130308173826.jpg', 'gallery', 0, 'no_content', 1),
(292, 81, 120, '4-20130308173826.jpg', 'gallery', 0, 'no_content', 2),
(293, 83, 123, '1-20130308173827.jpg', 'head', 0, 'no_content', 0),
(294, 83, 123, '2-20130308173827.jpg', 'gallery', 0, 'no_content', 0),
(295, 83, 123, '3-20130308173828.jpg', 'gallery', 0, 'no_content', 1),
(296, 83, 123, '4-20130308173828.jpg', 'gallery', 0, 'no_content', 2),
(297, 85, 126, '1-20130308173833.jpg', 'head', 0, 'no_content', 0),
(298, 85, 126, '2-20130308173834.jpg', 'gallery', 0, 'no_content', 0),
(299, 85, 126, '3-20130308173834.jpg', 'gallery', 0, 'no_content', 1),
(300, 85, 126, '4-20130308173835.jpg', 'gallery', 0, 'no_content', 2),
(301, 85, 126, '5-20130308173835.jpg', 'gallery', 0, 'no_content', 3),
(302, 85, 126, '6-20130308173836.jpg', 'gallery', 0, 'no_content', 4),
(303, 85, 126, '7-20130308173836.jpg', 'gallery', 0, 'no_content', 5),
(304, 85, 126, '8-20130308173837.jpg', 'gallery', 0, 'no_content', 6),
(305, 85, 126, '9-20130308173838.jpg', 'gallery', 0, 'no_content', 7),
(306, 85, 126, '10-20130308173839.jpg', 'gallery', 0, 'no_content', 8),
(307, 87, 128, '1-20130308173845.jpg', 'head', 0, 'no_content', 0),
(308, 87, 128, '2-20130308173845.jpg', 'gallery', 0, 'no_content', 0),
(309, 87, 128, '3-20130308173845.jpg', 'gallery', 0, 'no_content', 1),
(310, 87, 128, '4-20130308173845.jpg', 'gallery', 0, 'no_content', 2),
(311, 87, 128, '5-20130308173846.jpg', 'gallery', 0, 'no_content', 3),
(312, 90, 133, '1-20130308173848.jpg', 'head', 0, 'no_content', 0),
(313, 90, 133, '2-20130308173848.jpg', 'gallery', 0, 'no_content', 0),
(314, 90, 133, '3-20130308173848.jpg', 'gallery', 0, 'no_content', 1),
(315, 90, 133, '4-20130308173848.jpg', 'gallery', 0, 'no_content', 2),
(316, 90, 133, '5-20130308173849.jpg', 'gallery', 0, 'no_content', 3),
(317, 90, 133, '6-20130308173849.jpg', 'gallery', 0, 'no_content', 4),
(318, 90, 133, '7-20130308173849.jpg', 'gallery', 0, 'no_content', 5),
(319, 91, 136, '1-20130308173850.jpg', 'head', 0, 'no_content', 0),
(320, 91, 136, '2-20130308173850.jpg', 'gallery', 0, 'no_content', 0),
(321, 91, 136, '3-20130308173851.jpg', 'gallery', 0, 'no_content', 1),
(322, 91, 136, '4-20130308173851.jpg', 'gallery', 0, 'no_content', 2),
(323, 92, 138, '1-20130308173852.jpg', 'head', 0, 'no_content', 0),
(324, 92, 138, '2-20130308173852.jpg', 'gallery', 0, 'no_content', 0),
(325, 92, 138, '3-20130308173852.jpg', 'gallery', 0, 'no_content', 1),
(326, 92, 138, '4-20130308173853.jpg', 'gallery', 0, 'no_content', 2),
(327, 92, 138, '5-20130308173853.jpg', 'gallery', 0, 'no_content', 3),
(328, 92, 138, '6-20130308173853.jpg', 'gallery', 0, 'no_content', 4),
(329, 92, 138, '7-20130308173854.jpg', 'gallery', 0, 'no_content', 5),
(330, 92, 138, '8-20130308173854.jpg', 'gallery', 0, 'no_content', 6),
(331, 92, 138, '9-20130308173854.jpg', 'gallery', 0, 'no_content', 7),
(332, 92, 138, '10-20130308173854.jpg', 'gallery', 0, 'no_content', 8),
(333, 94, 143, '1-20130308173857.jpg', 'head', 0, 'no_content', 0),
(334, 94, 143, '2-20130308173857.jpg', 'gallery', 0, 'no_content', 0),
(335, 94, 143, '3-20130308173857.jpg', 'gallery', 0, 'no_content', 1),
(336, 94, 143, '4-20130308173858.jpg', 'gallery', 0, 'no_content', 2),
(337, 94, 143, '5-20130308173858.jpg', 'gallery', 0, 'no_content', 3),
(338, 94, 143, '5-20130308173858.jpg', 'room', 0, 'no_content', 0),
(339, 94, 143, '5-20130308173858.jpg', 'room', 0, 'no_content', 0),
(340, 97, 148, '1-20130308173901.jpg', 'head', 0, 'no_content', 0),
(341, 97, 148, '2-20130308173901.jpg', 'gallery', 0, 'no_content', 0),
(342, 97, 148, '3-20130308173901.jpg', 'gallery', 0, 'no_content', 1),
(343, 97, 148, '4-20130308173902.jpg', 'gallery', 0, 'no_content', 2),
(344, 97, 148, '5-20130308173902.jpg', 'gallery', 0, 'no_content', 3),
(345, 97, 148, '6-20130308173902.jpg', 'gallery', 0, 'no_content', 4),
(346, 98, 151, '1-20130308173903.jpg', 'head', 0, 'no_content', 0),
(347, 98, 151, '2-20130308173903.jpg', 'gallery', 0, 'no_content', 0),
(348, 98, 151, '3-20130308173903.jpg', 'gallery', 0, 'no_content', 1),
(349, 98, 151, '4-20130308173904.jpg', 'gallery', 0, 'no_content', 2),
(350, 98, 151, '5-20130308173904.jpg', 'gallery', 0, 'no_content', 3),
(351, 98, 151, '6-20130308173904.jpg', 'gallery', 0, 'no_content', 4),
(352, 98, 151, '7-20130308173905.jpg', 'gallery', 0, 'no_content', 5),
(353, 98, 151, '8-20130308173905.jpg', 'gallery', 0, 'no_content', 6),
(354, 98, 151, '9-20130308173905.jpg', 'gallery', 0, 'no_content', 7),
(355, 98, 151, '10-20130308173905.jpg', 'gallery', 0, 'no_content', 8),
(356, 99, 0, '1-20130308173907.jpg', 'head', 0, 'no_content', 0);

-- --------------------------------------------------------

--
-- Table structure for table `menus`
--

CREATE TABLE IF NOT EXISTS `menus` (
  `id` int(11) NOT NULL AUTO_INCREMENT,
  `title` varchar(255) NOT NULL,
  `link` varchar(255) NOT NULL,
  `parents` int(11) NOT NULL,
  `publish` int(11) NOT NULL,
  PRIMARY KEY (`id`)
) ENGINE=InnoDB DEFAULT CHARSET=utf8 AUTO_INCREMENT=1 ;

--
-- Dumping data for table `menus`
--


-- --------------------------------------------------------

--
-- Table structure for table `nearly2site`
--

CREATE TABLE IF NOT EXISTS `nearly2site` (
  `id` int(11) NOT NULL AUTO_INCREMENT,
  `building_site_id` int(11) NOT NULL,
  `nearly_location_id` int(11) NOT NULL,
  `deleted` tinyint(1) DEFAULT '0',
  PRIMARY KEY (`id`)
) ENGINE=InnoDB  DEFAULT CHARSET=utf8 AUTO_INCREMENT=40 ;

--
-- Dumping data for table `nearly2site`
--

INSERT INTO `nearly2site` (`id`, `building_site_id`, `nearly_location_id`, `deleted`) VALUES
(1, 2, 1, 0),
(2, 2, 46, 0),
(3, 2, 0, 0),
(4, 1, 5, 0),
(5, 1, 34, 0),
(6, 1, 88, 0),
(7, 3, 3, 0),
(8, 3, 33, 0),
(9, 3, 55, 0),
(10, 4, 6, 0),
(11, 4, 37, 0),
(12, 4, 66, 0),
(13, 5, 3, 0),
(14, 5, 34, 0),
(15, 5, 88, 0),
(16, 6, 4, 0),
(17, 6, 35, 0),
(18, 6, 66, 0),
(19, 9, 7, 0),
(20, 9, 35, 0),
(21, 9, 54, 0),
(22, 10, 8, 0),
(23, 10, 37, 0),
(24, 10, 57, 0),
(25, 11, 7, 0),
(26, 11, 37, 0),
(27, 11, 57, 0),
(28, 12, 8, 0),
(29, 12, 36, 0),
(30, 12, 55, 0),
(31, 13, 7, 0),
(32, 13, 36, 0),
(33, 13, 52, 0),
(34, 14, 3, 0),
(35, 14, 33, 0),
(36, 14, 53, 0),
(37, 16, 0, 0),
(38, 16, 35, 0),
(39, 16, 0, 0);

-- --------------------------------------------------------

--
-- Table structure for table `nearly_location`
--

CREATE TABLE IF NOT EXISTS `nearly_location` (
  `id` int(11) NOT NULL AUTO_INCREMENT,
  `nearly_type_id` int(11) NOT NULL,
  `name` varchar(255) NOT NULL,
  `address` longtext,
  `latitude` varchar(127) DEFAULT NULL,
  `longitude` varchar(127) DEFAULT NULL,
  `deleted` tinyint(1) DEFAULT '0',
  PRIMARY KEY (`id`)
) ENGINE=InnoDB  DEFAULT CHARSET=utf8 AUTO_INCREMENT=122 ;

--
-- Dumping data for table `nearly_location`
--

INSERT INTO `nearly_location` (`id`, `nearly_type_id`, `name`, `address`, `latitude`, `longitude`, `deleted`) VALUES
(1, 2, 'หมอชิต', NULL, NULL, NULL, 0),
(2, 2, 'สะพานควาย', NULL, NULL, NULL, 0),
(3, 2, 'อารีย์', NULL, NULL, NULL, 0),
(4, 2, 'สนามเป้า', NULL, NULL, NULL, 0),
(5, 2, 'อนุสาวรีย์ชัยสมรภูมิ', NULL, NULL, NULL, 0),
(6, 2, 'พญาไท', NULL, NULL, NULL, 0),
(7, 2, 'ราชเทวี', NULL, NULL, NULL, 0),
(8, 2, 'สยาม', NULL, NULL, NULL, 0),
(9, 2, 'ชิดลม', NULL, NULL, NULL, 0),
(10, 2, 'เพลินจิต', NULL, NULL, NULL, 0),
(11, 2, 'นานา', NULL, NULL, NULL, 0),
(12, 2, 'อโศก', NULL, NULL, NULL, 0),
(13, 2, 'พร้อมพงษ์', NULL, NULL, NULL, 0),
(14, 2, 'ทองหล่อ', NULL, NULL, NULL, 0),
(15, 2, 'เอกมัย', NULL, NULL, NULL, 0),
(16, 2, 'พระโขนง', NULL, NULL, NULL, 0),
(17, 2, 'อ่อนนุช', NULL, NULL, NULL, 0),
(18, 2, 'บางจาก', NULL, NULL, NULL, 0),
(19, 2, 'ปุณณวิถี', NULL, NULL, NULL, 0),
(20, 2, 'อุดมสุข', NULL, NULL, NULL, 0),
(21, 2, 'บางนา', NULL, NULL, NULL, 0),
(22, 2, 'แบริ่ง', NULL, NULL, NULL, 0),
(23, 2, 'สนามกีฬาแห่งชาติ', NULL, NULL, NULL, 0),
(24, 2, 'ราชดำริ', NULL, NULL, NULL, 0),
(25, 2, 'ศาลาแดง', NULL, NULL, NULL, 0),
(26, 2, 'ช่องนนทรี', NULL, NULL, NULL, 0),
(27, 2, 'สุรศักดิ์', NULL, NULL, NULL, 0),
(28, 2, 'สะพานตากสิน', NULL, NULL, NULL, 0),
(29, 2, 'กรุงธนบุรี', NULL, NULL, NULL, 0),
(30, 2, 'วงเวียนใหญ่', NULL, NULL, NULL, 0),
(31, 3, 'หัวลำโพง', NULL, NULL, NULL, 0),
(32, 3, 'สามย่าน', NULL, NULL, NULL, 0),
(33, 3, 'สีลม', NULL, NULL, NULL, 0),
(34, 3, 'ลุมพินี', NULL, NULL, NULL, 0),
(35, 3, 'คลองเตย', NULL, NULL, NULL, 0),
(36, 3, 'ศูนย์การประชุมแห่งชาติสิริกิติ์', NULL, NULL, NULL, 0),
(37, 3, 'สุขุมวิท', NULL, NULL, NULL, 0),
(38, 3, 'เพชรบุรี', NULL, NULL, NULL, 0),
(39, 3, 'พระราม 9', NULL, NULL, NULL, 0),
(40, 3, 'ศูนย์วัฒนธรรมแห่งประเทศไทย', NULL, NULL, NULL, 0),
(41, 3, 'ห้วยขวาง', NULL, NULL, NULL, 0),
(42, 3, 'สุทธิสาร', NULL, NULL, NULL, 0),
(43, 3, 'รัชดาภิเษก', NULL, NULL, NULL, 0),
(44, 3, 'ลาดพร้าว', NULL, NULL, NULL, 0),
(45, 3, 'พหลโยธิน', NULL, NULL, NULL, 0),
(46, 3, 'สวนจตุจักร', NULL, NULL, NULL, 0),
(47, 3, 'กำแพงเพชร', NULL, NULL, NULL, 0),
(49, 3, 'บางซื่อ', NULL, NULL, NULL, 0),
(50, 4, 'จุฬาลงกรณ์มหาวิทยาลัย', NULL, NULL, NULL, 0),
(51, 4, 'มหาวิทยาลัยเกษตรศาสตร์ วิทยาเขตบางเขน', NULL, NULL, NULL, 0),
(52, 4, 'มหาวิทยาลัยธรรมศาสตร์ ท่าพระจันทร์', NULL, NULL, NULL, 0),
(53, 4, 'มหาวิทยาลัยศรีนครินทรวิโรฒ (ประสานมิตร)', NULL, NULL, NULL, 0),
(54, 4, 'มหาวิทยาลัยรามคำแหง', NULL, NULL, NULL, 0),
(55, 4, 'มหาวิทยาลัยศิลปากร วังท่าพระ', NULL, NULL, NULL, 0),
(56, 4, 'มหาวิทยาลัยมหิดล', NULL, NULL, NULL, 0),
(57, 4, 'สถาบันเทคโนโลยีพระจอมเกล้าเจ้าคุณทหารลาดกระบัง', NULL, NULL, NULL, 0),
(58, 4, 'มหาวิทยาลัยเทคโนโลยีพระจอมเกล้าธนบุรี บางมดและบางขุนเทียน', NULL, NULL, NULL, 0),
(59, 4, 'มหาวิทยาลัยเทคโนโลยีพระจอมเกล้าพระนครเหนือ', NULL, NULL, NULL, 0),
(60, 4, 'มหาวิทยาลัยกรุงเทพมหานคร(มหาวิทยาลัยนวมินทราธิราช)', NULL, NULL, NULL, 0),
(61, 4, 'สถาบันบัณฑิตพัฒนบริหารศาสตร์ (นิด้า)', NULL, NULL, NULL, 0),
(62, 4, 'มหาวิทยาลัยเทคโนโลยีราชมงคลกรุงเทพ', NULL, NULL, NULL, 0),
(63, 4, 'มหาวิทยาลัยเทคโนโลยีราชมงคลพระนคร', NULL, NULL, NULL, 0),
(64, 4, 'มหาวิทยาลัยเทคโนโลยีราชมงคลรัตนโกสินทร์', NULL, NULL, NULL, 0),
(65, 4, 'มหาวิทยาลัยเทคโนโลยีราชมงคลตะวันออก วิทยาเขตจักรพงษภูวนารถ', NULL, NULL, NULL, 0),
(66, 4, 'มหาวิทยาลัยเทคโนโลยีราชมงคลตะวันออก วิทยาเขตอุเทนถวาย', NULL, NULL, NULL, 0),
(67, 4, 'มหาวิทยาลัยราชภัฏจันทรเกษม', NULL, NULL, NULL, 0),
(68, 4, 'มหาวิทยาลัยราชภัฏบ้านสมเด็จเจ้าพระยา', NULL, NULL, NULL, 0),
(69, 4, 'มหาวิทยาลัยราชภัฏพระนคร', NULL, NULL, NULL, 0),
(70, 4, 'มหาวิทยาลัยราชภัฏสวนดุสิต', NULL, NULL, NULL, 0),
(71, 4, 'มหาวิทยาลัยราชภัฏสวนสุนันทา', NULL, NULL, NULL, 0),
(72, 4, 'มหาวิทยาลัยราชภัฎธนบุรี', NULL, NULL, NULL, 0),
(73, 4, 'มหาวิทยาลัยราชภัฏวไลยอลงกรณ์ ในพระบรมราชูปถัมภ์ ศูนย์กรุงเทพมหานคร', NULL, NULL, NULL, 0),
(74, 4, 'สถาบันเทคโนโลยีปทุมวัน', NULL, NULL, NULL, 0),
(75, 4, 'วิทยาลัยการจัดการเพื่อการพัฒนา มหาวิทยาลัยทักษิณ', NULL, NULL, NULL, 0),
(76, 4, 'สถาบันการบินพลเรือน', NULL, NULL, NULL, 0),
(77, 4, 'สถาบันการพลศึกษา (สำนักงานอธิการบดี)', NULL, NULL, NULL, 0),
(78, 4, 'วิทยาลัยแพทยศาสตร์พระมงกุฎเกล้า', NULL, NULL, NULL, 0),
(79, 4, 'วิทยาลัยป้องกันราชอาณาจักร', NULL, NULL, NULL, 0),
(80, 4, 'วิทยาลัยพยาบาลกองทัพบก', NULL, NULL, NULL, 0),
(81, 4, 'วิทยาลัยพยาบาลกองทัพเรือ', NULL, NULL, NULL, 0),
(82, 4, 'วิทยาลัยพยาบาลทหารอากาศ', NULL, NULL, NULL, 0),
(83, 4, 'วิทยาลัยพยาบาลบรมราชชนนี กรุงเทพ', NULL, NULL, NULL, 0),
(84, 4, 'วิทยาลัยพยาบาลบรมราชชนนี นพรัตน์วชิระ', NULL, NULL, NULL, 0),
(85, 4, 'มหาวิทยาลัยมหามกุฏราชวิทยาลัย', NULL, NULL, NULL, 0),
(86, 4, 'มหาวิทยาลัยมหาจุฬาลงกรณราชวิทยาลัย', NULL, NULL, NULL, 0),
(87, 4, 'มหาวิทยาลัยนวมินทราธิราช', NULL, NULL, NULL, 0),
(88, 4, 'มหาวิทยาลัยหอการค้าไทย', NULL, NULL, NULL, 0),
(89, 4, 'มหาวิทยาลัยรังสิต รังสิต,ศูนย์สาธรธานี,ศูนย์วิภาวดี', NULL, NULL, NULL, 0),
(90, 4, 'มหาวิทยาลัยกรุงเทพ วิทยาเขตกล้วยน้ำไท', NULL, NULL, NULL, 0),
(91, 4, 'มหาวิทยาลัยกรุงเทพธนบุรี', NULL, NULL, NULL, 0),
(92, 4, 'มหาวิทยาลัยเกริก', NULL, NULL, NULL, 0),
(93, 4, 'มหาวิทยาลัยเกษมบัณฑิต พัฒนาการและร่มเกล้า', NULL, NULL, NULL, 0),
(94, 4, 'มหาวิทยาลัยรัตนบัณฑิต', NULL, NULL, NULL, 0),
(95, 4, 'มหาวิทยาลัยธนบุรี', NULL, NULL, NULL, 0),
(96, 4, 'มหาวิทยาลัยธุรกิจบัณฑิตย์', NULL, NULL, NULL, 0),
(97, 4, 'มหาวิทยาลัยศรีปทุม', NULL, NULL, NULL, 0),
(98, 4, 'มหาวิทยาลัยสยาม', NULL, NULL, NULL, 0),
(99, 4, 'มหาวิทยาลัยหัวเฉียวเฉลิมพระเกียรติ วิทยาเขตยศเส', NULL, NULL, NULL, 0),
(100, 4, 'มหาวิทยาลัยเทคโนโลยีมหานคร', NULL, NULL, NULL, 0),
(101, 4, 'มหาวิทยาลัยอัสสัมชัญ หัวหมาก,เซ็นทรัลเวิลด์', NULL, NULL, NULL, 0),
(102, 4, 'มหาวิทยาลัยเอเชียอาคเนย์', NULL, NULL, NULL, 0),
(103, 4, 'มหาวิทยาลัยเซนต์จอห์น', NULL, NULL, NULL, 0),
(104, 4, 'มหาวิทยาลัยนอร์ทกรุงเทพ วิทยาเขตสะพานใหม่', NULL, NULL, NULL, 0),
(105, 4, 'คณะพยาบาลศาสตร์มิชชั่น มหาวิทยาลัยนานาชาติเอเชีย-แปซิฟิก', NULL, NULL, NULL, 0),
(106, 4, 'มหาวิทยาลัยนวมินทราธิราช', NULL, NULL, NULL, 0),
(107, 4, 'มหาวิทยาลัยนานาชาติแสตมฟอร์ด พระราม 9', NULL, NULL, NULL, 0),
(108, 4, 'มหาวิทยาลัยชินวัตร พญาไท', NULL, NULL, NULL, 0),
(109, 4, 'มหาวิทยาลัยอีสเทิร์นเอเชีย', NULL, NULL, NULL, 0),
(110, 4, 'วิทยาลัยกรุงเทพสุวรรณภูมิ', NULL, NULL, NULL, 0),
(111, 4, 'วิทยาลัยเทคโนโลยีสยาม', NULL, NULL, NULL, 0),
(112, 4, 'วิทยาลัยดุสิตธานี', NULL, NULL, NULL, 0),
(113, 4, 'วิทยาลัยรัชต์ภาคย์', NULL, NULL, NULL, 0),
(114, 4, 'วิทยาลัยเซนต์หลุยส์', NULL, NULL, NULL, 0),
(115, 4, 'วิทยาลัยเซาธ์อีสท์บางกอก', NULL, NULL, NULL, 0),
(116, 4, 'วิทยาลัยทองสุข', NULL, NULL, NULL, 0),
(117, 4, 'วิทยาลัยแพทยศาสตร์ มหาวิทยาลัยรังสิต', NULL, NULL, NULL, 0),
(118, 4, 'สถาบันเทคโนโลยีไทย-ญี่ปุ่น', NULL, NULL, NULL, 0),
(119, 4, 'สถาบันเทคโนโลยีปทุมวัน', NULL, NULL, NULL, 0),
(120, 4, 'สถาบันอาศรมศิลป์', NULL, NULL, NULL, 0),
(121, 4, 'สถาบันออกแบบนานาชาติชนาพัฒน์', NULL, NULL, NULL, 0);

-- --------------------------------------------------------

--
-- Table structure for table `nearly_type`
--

CREATE TABLE IF NOT EXISTS `nearly_type` (
  `id` int(11) NOT NULL AUTO_INCREMENT,
  `type_name` varchar(255) NOT NULL,
  `deleted` tinyint(1) DEFAULT '0',
  `label` varchar(255) NOT NULL,
  PRIMARY KEY (`id`)
) ENGINE=InnoDB  DEFAULT CHARSET=utf8 AUTO_INCREMENT=7 ;

--
-- Dumping data for table `nearly_type`
--

INSERT INTO `nearly_type` (`id`, `type_name`, `deleted`, `label`) VALUES
(1, 'bangkok', 0, 'โซนในกรุงเทพฯ'),
(2, 'bts', 0, 'ใกล้รถไฟฟ้า BTS'),
(3, 'mrt', 0, 'ใกล้รถไฟฟ้า MRT'),
(4, 'university', 0, 'ใกล้มหาวิทยาลัย'),
(5, 'nearby', 0, 'ตามสถานที่ใกล้เคียง'),
(6, 'country', 0, 'ต่างจังหวัด');

-- --------------------------------------------------------

--
-- Table structure for table `pay_type`
--

CREATE TABLE IF NOT EXISTS `pay_type` (
  `id` int(11) NOT NULL AUTO_INCREMENT,
  `typename` varchar(255) NOT NULL,
  `deleted` tinyint(1) DEFAULT '0',
  PRIMARY KEY (`id`)
) ENGINE=InnoDB  DEFAULT CHARSET=utf8 AUTO_INCREMENT=4 ;

--
-- Dumping data for table `pay_type`
--

INSERT INTO `pay_type` (`id`, `typename`, `deleted`) VALUES
(1, 'รายวัน', 0),
(2, 'รายเดือน', 0),
(3, 'รายวันและรายเดือน', 0);

-- --------------------------------------------------------

--
-- Table structure for table `province`
--

CREATE TABLE IF NOT EXISTS `province` (
  `PROVINCE_ID` int(5) NOT NULL AUTO_INCREMENT,
  `PROVINCE_CODE` varchar(2) COLLATE utf8_unicode_ci NOT NULL,
  `PROVINCE_NAME` varchar(150) COLLATE utf8_unicode_ci NOT NULL,
  `PROVINCE_NAME_ENG` varchar(150) COLLATE utf8_unicode_ci NOT NULL,
  `GEO_ID` int(5) NOT NULL DEFAULT '0',
  PRIMARY KEY (`PROVINCE_ID`)
) ENGINE=MyISAM  DEFAULT CHARSET=utf8 COLLATE=utf8_unicode_ci AUTO_INCREMENT=78 ;

--
-- Dumping data for table `province`
--

INSERT INTO `province` (`PROVINCE_ID`, `PROVINCE_CODE`, `PROVINCE_NAME`, `PROVINCE_NAME_ENG`, `GEO_ID`) VALUES
(1, '10', 'กรุงเทพมหานคร', 'Bangkok', 2),
(2, '11', 'สมุทรปราการ', 'Samut Prakan', 2),
(3, '12', 'นนทบุรี', 'Nonthaburi', 2),
(4, '13', 'ปทุมธานี', 'Pathum Thani', 2),
(5, '14', 'พระนครศรีอยุธยา', 'Phra Nakhon Si Ayutthaya', 2),
(6, '15', 'อ่างทอง', 'Ang Thong', 2),
(7, '16', 'ลพบุรี', 'Loburi', 2),
(8, '17', 'สิงห์บุรี', 'Sing Buri', 2),
(9, '18', 'ชัยนาท', 'Chai Nat', 2),
(10, '19', 'สระบุรี', 'Saraburi', 2),
(11, '20', 'ชลบุรี', 'Chon Buri', 5),
(12, '21', 'ระยอง', 'Rayong', 5),
(13, '22', 'จันทบุรี', 'Chanthaburi', 5),
(14, '23', 'ตราด', 'Trat', 5),
(15, '24', 'ฉะเชิงเทรา', 'Chachoengsao', 5),
(16, '25', 'ปราจีนบุรี', 'Prachin Buri', 5),
(17, '26', 'นครนายก', 'Nakhon Nayok', 2),
(18, '27', 'สระแก้ว', 'Sa Kaeo', 5),
(19, '30', 'นครราชสีมา', 'Nakhon Ratchasima', 3),
(20, '31', 'บุรีรัมย์', 'Buri Ram', 3),
(21, '32', 'สุรินทร์', 'Surin', 3),
(22, '33', 'ศรีสะเกษ', 'Si Sa Ket', 3),
(23, '34', 'อุบลราชธานี', 'Ubon Ratchathani', 3),
(24, '35', 'ยโสธร', 'Yasothon', 3),
(25, '36', 'ชัยภูมิ', 'Chaiyaphum', 3),
(26, '37', 'อำนาจเจริญ', 'Amnat Charoen', 3),
(27, '39', 'หนองบัวลำภู', 'Nong Bua Lam Phu', 3),
(28, '40', 'ขอนแก่น', 'Khon Kaen', 3),
(29, '41', 'อุดรธานี', 'Udon Thani', 3),
(30, '42', 'เลย', 'Loei', 3),
(31, '43', 'หนองคาย', 'Nong Khai', 3),
(32, '44', 'มหาสารคาม', 'Maha Sarakham', 3),
(33, '45', 'ร้อยเอ็ด', 'Roi Et', 3),
(34, '46', 'กาฬสินธุ์', 'Kalasin', 3),
(35, '47', 'สกลนคร', 'Sakon Nakhon', 3),
(36, '48', 'นครพนม', 'Nakhon Phanom', 3),
(37, '49', 'มุกดาหาร', 'Mukdahan', 3),
(38, '50', 'เชียงใหม่', 'Chiang Mai', 1),
(39, '51', 'ลำพูน', 'Lamphun', 1),
(40, '52', 'ลำปาง', 'Lampang', 1),
(41, '53', 'อุตรดิตถ์', 'Uttaradit', 1),
(42, '54', 'แพร่', 'Phrae', 1),
(43, '55', 'น่าน', 'Nan', 1),
(44, '56', 'พะเยา', 'Phayao', 1),
(45, '57', 'เชียงราย', 'Chiang Rai', 1),
(46, '58', 'แม่ฮ่องสอน', 'Mae Hong Son', 1),
(47, '60', 'นครสวรรค์', 'Nakhon Sawan', 2),
(48, '61', 'อุทัยธานี', 'Uthai Thani', 2),
(49, '62', 'กำแพงเพชร', 'Kamphaeng Phet', 2),
(50, '63', 'ตาก', 'Tak', 4),
(51, '64', 'สุโขทัย', 'Sukhothai', 2),
(52, '65', 'พิษณุโลก', 'Phitsanulok', 2),
(53, '66', 'พิจิตร', 'Phichit', 2),
(54, '67', 'เพชรบูรณ์', 'Phetchabun', 2),
(55, '70', 'ราชบุรี', 'Ratchaburi', 4),
(56, '71', 'กาญจนบุรี', 'Kanchanaburi', 4),
(57, '72', 'สุพรรณบุรี', 'Suphan Buri', 2),
(58, '73', 'นครปฐม', 'Nakhon Pathom', 2),
(59, '74', 'สมุทรสาคร', 'Samut Sakhon', 2),
(60, '75', 'สมุทรสงคราม', 'Samut Songkhram', 2),
(61, '76', 'เพชรบุรี', 'Phetchaburi', 4),
(62, '77', 'ประจวบคีรีขันธ์', 'Prachuap Khiri Khan', 4),
(63, '80', 'นครศรีธรรมราช', 'Nakhon Si Thammarat', 6),
(64, '81', 'กระบี่', 'Krabi', 6),
(65, '82', 'พังงา', 'Phangnga', 6),
(66, '83', 'ภูเก็ต', 'Phuket', 6),
(67, '84', 'สุราษฎร์ธานี', 'Surat Thani', 6),
(68, '85', 'ระนอง', 'Ranong', 6),
(69, '86', 'ชุมพร', 'Chumphon', 6),
(70, '90', 'สงขลา', 'Songkhla', 6),
(71, '91', 'สตูล', 'Satun', 6),
(72, '92', 'ตรัง', 'Trang', 6),
(73, '93', 'พัทลุง', 'Phatthalung', 6),
(74, '94', 'ปัตตานี', 'Pattani', 6),
(75, '95', 'ยะลา', 'Yala', 6),
(76, '96', 'นราธิวาส', 'Narathiwat', 6),
(77, '97', 'บึงกาฬ', 'buogkan', 3);

-- --------------------------------------------------------

--
-- Table structure for table `recommend_building`
--

CREATE TABLE IF NOT EXISTS `recommend_building` (
  `id` int(11) NOT NULL AUTO_INCREMENT,
  `building_id` int(11) NOT NULL,
  `recommend_type` int(2) NOT NULL,
  `recommend_order` int(3) NOT NULL,
  PRIMARY KEY (`id`)
) ENGINE=InnoDB DEFAULT CHARSET=utf8 COLLATE=utf8_unicode_ci AUTO_INCREMENT=1 ;

--
-- Dumping data for table `recommend_building`
--


-- --------------------------------------------------------

--
-- Table structure for table `roomtype2site`
--

CREATE TABLE IF NOT EXISTS `roomtype2site` (
  `id` int(11) NOT NULL AUTO_INCREMENT,
  `building_site_id` int(11) NOT NULL,
  `deleted` tinyint(1) DEFAULT '0',
  `room_size` double NOT NULL,
  `room_price` double NOT NULL,
  `room_typename` varchar(255) NOT NULL,
  PRIMARY KEY (`id`)
) ENGINE=InnoDB  DEFAULT CHARSET=utf8 AUTO_INCREMENT=158 ;

--
-- Dumping data for table `roomtype2site`
--

INSERT INTO `roomtype2site` (`id`, `building_site_id`, `deleted`, `room_size`, `room_price`, `room_typename`) VALUES
(1, 1, 0, 22, 3900, '1 Studio'),
(2, 2, 0, 32, 3800, '1 studio'),
(3, 2, 0, 50, 6000, '2 1-bedroom'),
(4, 2, 0, 80, 7500, '3 2 bedroom'),
(5, 3, 0, 26, 22000, '1 Studio'),
(6, 3, 0, 30, 25000, '2 Junior Suite'),
(7, 3, 0, 34, 28000, '3 Super Studio'),
(8, 3, 0, 67, 38000, '4 2 Bed Rooms'),
(9, 5, 0, 22, 2900, '1 ห้องพัดลม'),
(10, 5, 0, 30, 3900, '2 ห้องแอร์ใหญ่พิเศษ'),
(11, 5, 0, 22, 3600, '3 ห้องแอร์'),
(12, 8, 0, 0, 4000, '1 ห้องแอร์'),
(13, 8, 0, 0, 3200, '2 ห้องธรรมดา'),
(14, 9, 0, 34, 6000, '1 Deluxe ( Single )'),
(15, 9, 0, 34, 6500, '2 Deluxe ( Double )'),
(16, 9, 0, 34, 7000, '3 Deluxe ( Twin )'),
(17, 9, 0, 34, 8500, '4 Extra bed'),
(18, 10, 0, 0, 2600, '1 ห้องชั้น 4-5'),
(19, 10, 0, 0, 2800, '2 ห้องชั้น 2-3'),
(20, 11, 0, 0, 4500, '1 Standard'),
(21, 11, 0, 0, 5000, '2 Standard'),
(22, 11, 0, 0, 5500, '3 Standard'),
(23, 12, 0, 22, 3500, '1 ห้องพัก'),
(24, 13, 0, 0, 1500, '1 ห้องพัดลม'),
(25, 13, 0, 0, 2000, '2 ห้องแอร์'),
(26, 16, 0, 0, 2500, '1 ห้องพัดลม'),
(27, 16, 0, 0, 3000, '2 ห้องแอร์'),
(28, 18, 0, 27, 2700, '1 Studio type'),
(29, 19, 0, 0, 3800, '1 Standard'),
(30, 20, 0, 24, 4500, '1 Standard'),
(31, 20, 0, 28, 5500, '2 Superior'),
(32, 20, 0, 34, 6500, '3 Luxury'),
(33, 26, 0, 28, 4500, '1 standard'),
(34, 29, 0, 20, 2550, '1 ห้องพัดลม'),
(35, 29, 0, 20, 2850, '2 ห้องพัดลม'),
(36, 29, 0, 20, 3550, '3 ห้องแอร์'),
(37, 29, 0, 20, 3850, '4 ห้องแอร์'),
(38, 29, 0, 20, 4000, '5 ห้องชั้นล่าง'),
(39, 30, 0, 26, 4000, '1 A'),
(40, 31, 0, 25, 6500, '1 standard'),
(41, 31, 0, 25, 8500, '2 deluxe'),
(42, 31, 0, 38, 11000, '3 Superior'),
(43, 31, 0, 38, 11000, '4 Superior'),
(44, 32, 0, 0, 2700, '1 ห้องพัดลม'),
(45, 32, 0, 0, 3200, '2 ห้องแอร์'),
(46, 33, 0, 28, 4000, '1 ห้องพักมาตรฐาน'),
(47, 36, 0, 5, 2300, '1 ห้องพัดลม'),
(48, 36, 0, 5, 3000, '2 ห้องแอร์'),
(49, 38, 0, 105, 45000, '1 Two Bedrooms'),
(50, 38, 0, 120, 48000, '2 Three Bedrooms'),
(51, 38, 0, 240, 87500, '3 Four Bedrooms'),
(52, 38, 0, 240, 89000, '4 Three Bedrooms'),
(53, 39, 0, 0, 24000, '1 Superior Studio'),
(54, 39, 0, 0, 28000, '2 Junior Suite'),
(55, 39, 0, 0, 36000, '3 Executive Suite'),
(56, 39, 0, 0, 54000, '4 President Suite'),
(57, 40, 0, 14, 2900, '1 ห้องพัดลม'),
(58, 40, 0, 14, 3400, '2 ห้องแอร์'),
(59, 42, 0, 21, 2600, '1 ห้องเฟอร์นิเจอร์(พัดลม)'),
(60, 42, 0, 21, 3100, '2 ห้องเฟอร์นิเจอร์(แอร์)'),
(61, 43, 0, 30, 6100, '1 SIZE L'),
(62, 43, 0, 26, 5800, '2 SIZE M'),
(63, 43, 0, 20, 5400, '3 SIZE S'),
(64, 45, 0, 21, 4000, '1 สตูดิโอมีแอร์'),
(65, 45, 0, 37, 6200, '2 สตูดิโอใหญ่มีแอร์'),
(66, 47, 0, 24, 4000, '1 standard'),
(67, 49, 0, 24, 4400, '1 studio A'),
(68, 49, 0, 30, 5500, '2 studio B'),
(69, 50, 0, 0, 3200, '1 ห้องพัก'),
(70, 51, 0, 27, 4000, '1 standard'),
(71, 54, 0, 24, 2000, '1 standard'),
(72, 56, 0, 32, 9900, '1 Studio'),
(73, 56, 0, 50, 16500, '2 Suite'),
(74, 56, 0, 64, 18500, '3 Superior Suite'),
(75, 56, 0, 96, 27900, '4 Two bedroom'),
(76, 56, 0, 128, 37900, '5 Three bedroom'),
(77, 57, 0, 24, 1700, '1 ห้องธรรมดา'),
(78, 58, 0, 48, 16800, '1 Classic Standard'),
(79, 58, 0, 48, 16800, '2 Romance Standard'),
(80, 58, 0, 48, 16800, '3 Zen'),
(81, 58, 0, 70, 19200, '4 Superior'),
(82, 58, 0, 100, 36000, '5 Executive Deluxe'),
(83, 60, 0, 22, 3200, '1 ห้องแอร์'),
(84, 60, 0, 22, 2700, '2 ห้องธรรมดา'),
(85, 61, 0, 28, 3500, '1 ห้องตึกเก่า'),
(86, 61, 0, 28, 6500, '2 ห้องตึกใหม่'),
(87, 63, 0, 0, 2300, '1 ห้องธรรมดา'),
(88, 63, 0, 0, 3500, '2 ห้องแอร์'),
(89, 64, 0, 26, 7000, '1 Studio'),
(90, 64, 0, 32, 7500, '2 Studio-Standard'),
(91, 64, 0, 36, 8000, '3 Studio-Corner'),
(92, 66, 0, 25, 5500, '1 ตึกใหญ่ 1'),
(93, 66, 0, 25, 6500, '2 ตึกใหญ่ 2'),
(94, 66, 0, 25, 2200, '3 ตึกเล็ก 1'),
(95, 66, 0, 25, 2500, '4 ตึกเล็ก 2'),
(96, 66, 0, 25, 2700, '5 ตึกเล็ก 3'),
(97, 68, 0, 20, 2500, '1 ห้องพัก'),
(98, 70, 0, 24, 3500, '1 ห้องมาตรฐาน / Standard room'),
(99, 70, 0, 24, 3700, '2 ห้องมุมวิวสวย / Corner room'),
(100, 70, 0, 28, 3900, '3 ห้องมุมใหญ่พิเศษ / Deluxe corner room'),
(101, 71, 0, 28, 5000, '1 standard'),
(102, 72, 0, 30, 28000, '1 Deluxe'),
(103, 72, 0, 44, 36000, '2 Suite'),
(104, 72, 0, 72, 48000, '3 Executive suite'),
(105, 72, 0, 118, 65000, '4 2-Bedroom suite'),
(106, 72, 0, 220, 97500, '5 4-Bedroom suite'),
(107, 73, 0, 21, 5000, '1 ห้องมาตรฐาน'),
(108, 73, 0, 25, 5400, '2 ห้องหัวมุม+หน้าต่าง'),
(109, 73, 0, 30, 6300, '3 ห้องพิเศษ+หัวมุมริมหน้าต่าง'),
(110, 74, 0, 21, 3500, '1 ชั้น 1-3'),
(111, 74, 0, 21, 3200, '2 ชั้น 4-5'),
(112, 75, 0, 25, 7000, '1 standard room'),
(113, 75, 0, 36, 15000, '2 ห้อง suite1'),
(114, 75, 0, 36, 15000, '3 ห้อง suite2'),
(115, 76, 0, 28, 4300, '1 ห้องมาตรฐาน'),
(116, 76, 0, 33, 5300, '2 ห้องพิเศษริมหน้าต่าง'),
(117, 76, 0, 37, 7800, '3 ห้องสวีท'),
(118, 76, 0, 61, 11000, '4 ห้องคู่'),
(119, 79, 0, 0, 4500, '1 ห้องพักมาตรฐาน'),
(120, 81, 0, 25, 5500, '1 Standard'),
(121, 81, 0, 28, 6500, '2 Superior'),
(122, 81, 0, 50, 15000, '3 Luxury'),
(123, 83, 0, 25, 5500, '1 ชั้น 1'),
(124, 83, 0, 25, 5800, '2 ชั้น 2-3'),
(125, 83, 0, 50, 10000, '3 ชั้น 4'),
(126, 85, 0, 22, 2700, '1 ห้องธรรมดา'),
(127, 85, 0, 22, 3500, '2 ห้องแอร์'),
(128, 87, 0, 27, 5500, '1 มาตรฐาน'),
(129, 87, 0, 27, 5000, '2 มาตรฐาน'),
(130, 87, 0, 37, 7500, '3 สูท'),
(131, 87, 0, 37, 7000, '4 สูท'),
(132, 87, 0, 27, 650, '5 รายวัน'),
(133, 90, 0, 21, 2900, '1 ห้องพักมาตรฐาน'),
(134, 90, 0, 27, 3500, '2 ห้องหัวมุม'),
(135, 90, 0, 36, 4500, '3 ห้องสูท'),
(136, 91, 0, 22, 3800, '1 (Standard room)'),
(137, 91, 0, 30, 4300, '2 deluxe'),
(138, 92, 0, 24, 2600, '1 ห้องธรรมดา'),
(139, 92, 0, 24, 3100, '2 ห้องแอร์'),
(140, 92, 0, 30, 3600, '3 ห้องแอร์ใหญ่'),
(141, 93, 0, 0, 4000, '1 ห้องพัดลม'),
(142, 93, 0, 0, 4600, '2 ห้องแอร์'),
(143, 94, 0, 26, 3000, '1 แอร์(ชั้น1-4)'),
(144, 94, 0, 26, 2800, '2 แอร์(ชั้น5)'),
(145, 96, 0, 30, 3200, '1 ห้องพัก(ขนาดปกติ)'),
(146, 96, 0, 36, 4500, '2 ห้องพัก(หัวมุม)'),
(147, 96, 0, 56, 5500, '3 ห้องพัก(ขนาดใหญ่)'),
(148, 97, 0, 20, 3500, '1 standard'),
(149, 97, 0, 23, 0, '2 standard2'),
(150, 97, 0, 46, 9600, '3 standard3'),
(151, 98, 0, 35, 32000, '1 Studio A1'),
(152, 98, 0, 45, 36000, '2 Studio A2'),
(153, 98, 0, 60, 45000, '3 Deluxe B1'),
(154, 98, 0, 65, 55000, '4 Deluxe B2'),
(155, 98, 0, 75, 65000, '5 Superior C1'),
(156, 100, 0, 0, 2100, '1 ห้องพัดลม'),
(157, 100, 0, 0, 2300, '2 ห้องแอร์');

-- --------------------------------------------------------

--
-- Table structure for table `site_detail`
--

CREATE TABLE IF NOT EXISTS `site_detail` (
  `id` int(11) NOT NULL AUTO_INCREMENT,
  `title` varchar(255) NOT NULL,
  `description` longtext NOT NULL,
  `keyword` varchar(255) NOT NULL,
  `tag_line` varchar(255) NOT NULL,
  `base_url` varchar(255) NOT NULL,
  PRIMARY KEY (`id`)
) ENGINE=InnoDB  DEFAULT CHARSET=utf8 AUTO_INCREMENT=3 ;

--
-- Dumping data for table `site_detail`
--

INSERT INTO `site_detail` (`id`, `title`, `description`, `keyword`, `tag_line`, `base_url`) VALUES
(1, '123', 'test', 'test', 'test', 'test'),
(2, 'test', 'test', 'test', 'test', 'tewt');

-- --------------------------------------------------------

--
-- Table structure for table `user_admin`
--

CREATE TABLE IF NOT EXISTS `user_admin` (
  `id` int(11) NOT NULL AUTO_INCREMENT,
  `username` varchar(255) NOT NULL,
  `password` varchar(255) NOT NULL,
  `firstname` varchar(255) NOT NULL,
  `lastname` varchar(255) NOT NULL,
  `phone_number` varchar(127) NOT NULL,
  `userlevel` varchar(63) NOT NULL,
  `deleted` tinyint(1) DEFAULT '0',
  PRIMARY KEY (`id`)
) ENGINE=InnoDB  DEFAULT CHARSET=utf8 AUTO_INCREMENT=7 ;

--
-- Dumping data for table `user_admin`
--

INSERT INTO `user_admin` (`id`, `username`, `password`, `firstname`, `lastname`, `phone_number`, `userlevel`, `deleted`) VALUES
(1, 'adminuser', '25e4ee4e9229397b6b17776bfceaf8e7', 'หนึ่ง', 'บังคับต้องมี', '-', '1', 0),
(2, 'user', '1a1dc91c907325c69271ddf0c944bc72', 'ปกติ', 'ธรรมดา', '-', '1', 0),
(4, 'micknaja', 'm!3k000', 'wararit', 'satitnimankan', '0800000000', '1', 0),
(5, 'ruxtest', '916a24d8eecf25acc091fd289d43a252', 'Chukkapun', 'Rodpon', '0812345678', '1', 0),
(6, 'suriya', '4976fc0905f04e85ca68242a52bc5681', 'suriya', 'jun', '0806486529', '1', 0);

-- --------------------------------------------------------

--
-- Table structure for table `user_level`
--

CREATE TABLE IF NOT EXISTS `user_level` (
  `id` int(11) NOT NULL AUTO_INCREMENT,
  `level_name` varchar(255) NOT NULL,
  `level_type` varchar(255) NOT NULL,
  `is_enabled` tinyint(1) DEFAULT '0',
  PRIMARY KEY (`id`)
) ENGINE=InnoDB  DEFAULT CHARSET=utf8 AUTO_INCREMENT=3 ;

--
-- Dumping data for table `user_level`
--

INSERT INTO `user_level` (`id`, `level_name`, `level_type`, `is_enabled`) VALUES
(1, 'admin', 'admin', 0),
(2, 'user', 'user', 0);

-- --------------------------------------------------------

--
-- Table structure for table `user_owner`
--

CREATE TABLE IF NOT EXISTS `user_owner` (
  `id` int(11) NOT NULL AUTO_INCREMENT,
  `username` varchar(255) NOT NULL,
  `password` varchar(255) NOT NULL,
  `firstname` varchar(255) NOT NULL,
  `lastname` varchar(255) NOT NULL,
  `email` varchar(255) NOT NULL,
  `phone_number` varchar(127) NOT NULL,
  `fax_number` varchar(127) NOT NULL,
  `deleted` tinyint(1) DEFAULT '0',
  `user_level` varchar(127) DEFAULT NULL,
  `last_login` datetime DEFAULT NULL,
  `password_requested` datetime DEFAULT NULL,
  `confirm_token` varchar(255) DEFAULT NULL,
  `enabled` tinyint(1) DEFAULT '0',
  `facebook_id` varchar(64) DEFAULT NULL,
  PRIMARY KEY (`id`)
) ENGINE=InnoDB  DEFAULT CHARSET=utf8 AUTO_INCREMENT=13 ;

--
-- Dumping data for table `user_owner`
--

INSERT INTO `user_owner` (`id`, `username`, `password`, `firstname`, `lastname`, `email`, `phone_number`, `fax_number`, `deleted`, `user_level`, `last_login`, `password_requested`, `confirm_token`, `enabled`, `facebook_id`) VALUES
(1, 'exodist', '74886004cfb64636ae42fb91c0987ec3', 'เจษฎา', 'ยิ้มวิลัย', 'exodist@gmail.com', '0863494353', '0000000000', 0, '2', '2012-09-27 17:32:22', NULL, '103493dc7a8fdf86b0ad32c48bc3f941', 1, NULL),
(2, 'marons', 'f5546e9897b824f49b32c2d2c59a2281', 'Kulathida', 'Praisuwanna', 'kulathidap@sourcecode.co.th', '0875939494', '0000000000', 0, '2', '2012-09-24 16:27:33', '2012-09-24 16:29:11', 'd29ce75beea43c590ce11f98dc6c4da6', 1, NULL),
(5, 'usermick', 'd41e98d1eafa6d6011d3a70f1a5b92f0', 'wararit', 'satitnimankan', 'wararits@sourecode.co.th', '0800000000', '020000000', 0, '2', '2012-09-26 17:46:42', NULL, NULL, NULL, NULL),
(6, 'usertest1', '161ebd7d45089b3446ee4e0d86dbcf92', 'Wararit', 'Satitnimankan', 'wararits@sourcecode.co.th', '0840000000', '0000000000', 0, '2', '2012-09-28 16:32:16', NULL, 'dbe38a21d9717dd6d361db50470c62b9', 1, ''),
(7, 'mama', '65a0ec385ca6a0c1e20d1f8270c28303', 'แก้วมณี', 'มาม่าจำโบ้', 'peung_kk@hotmail.com', '8888888888', '0000000000', 0, '2', '2012-09-27 17:22:39', NULL, '6be6cc26dd99cbbe128c1a1df49fb292', 1, NULL),
(12, 'suriya.junla.5', '', '', '', 'suriya257_@hotmail.com', '', '', 0, '2', '2012-10-04 19:36:15', NULL, '39cca1f707b3ee3b394825daf8186d06', 1, '100001283624172');

-- --------------------------------------------------------

--
-- Table structure for table `zone`
--

CREATE TABLE IF NOT EXISTS `zone` (
  `id` int(11) NOT NULL AUTO_INCREMENT,
  `zonename` varchar(255) NOT NULL,
  `latitude` varchar(127) NOT NULL,
  `longitude` varchar(127) NOT NULL,
  `deleted` tinyint(1) DEFAULT '0',
  PRIMARY KEY (`id`)
) ENGINE=InnoDB  DEFAULT CHARSET=utf8 AUTO_INCREMENT=22 ;

--
-- Dumping data for table `zone`
--

INSERT INTO `zone` (`id`, `zonename`, `latitude`, `longitude`, `deleted`) VALUES
(1, 'เทพารักษ์ / ศรีนครินทร์ / บางนา', '', '', 0),
(2, 'อ่อนนุช / ลาดกระบัง', '', '', 0),
(3, 'พัฒนาการ / เพชรบุรีตัดใหม่', '', '', 0),
(4, 'รามคำแหง / เสรีไทย', '', '', 0),
(5, 'พระราม 9 / รัชดาภิเษก', '', '', 0),
(6, 'ลาดพร้าว / เลียบด่วนเอกมัย-รามอินทรา', '', '', 0),
(7, 'เกษตร-นวมินทร์ / รามอินทรา', '', '', 0),
(8, 'พหลโยธิน / อารีย์ / รัชโยธิน / สะพานใหม่', '', '', 0),
(9, 'ดินแดง / วิภาวดี-รังสิต', '', '', 0),
(10, 'ราชปรารภ / พญาไท / ปทุมวัน / ราชเทวี', '', '', 0),
(11, 'พระราม 1 / ราชดำริ / วิทยุ', '', '', 0),
(12, 'สุขุมวิทตอนต้น (สุขุมวิท1-77 และ สุขุมวิท 2-52)', '', '', 0),
(13, 'สุขุมวิทตอนปลาย (ตั้งแต่ สุขุมวิท 79 และ 54 เป็นต้นไป)', '', '', 0),
(14, 'พระราม 4 / สาทร / เจริญกรุง', '', '', 0),
(15, 'สีลม / สุรวงศ์ / สี่พระยา', '', '', 0),
(16, 'นราธิวาสราชนครินทร์ / พระราม 3', '', '', 0),
(17, 'ธนบุรี / ตากสิน / เจริญนคร / สุขสวัสดิ์ / ท่าพระ', '', '', 0),
(18, 'วงศ์สว่าง / บางซื่อ / ประชาชื่น', '', '', 0),
(19, 'หลักสี่ / แจ้งวัฒนะ / ติวานนท์ / ปากเกร็ด', '', '', 0),
(20, 'งามวงศ์วาน / แคราย / รัตนาธิเบศร์ / บางใหญ่', '', '', 0),
(21, 'พระราม 2 / บรมราชชนนี / เพชรเกษม / จรัญสนิทวงศ์', '', '', 0);
