-- phpMyAdmin SQL Dump
-- version 3.3.3
-- http://www.phpmyadmin.net
--
-- Host: localhost
-- Generation Time: Mar 11, 2013 at 05:42 PM
-- Server version: 5.0.51
-- PHP Version: 5.3.9-ZS5.6.0

SET SQL_MODE="NO_AUTO_VALUE_ON_ZERO";


/*!40101 SET @OLD_CHARACTER_SET_CLIENT=@@CHARACTER_SET_CLIENT */;
/*!40101 SET @OLD_CHARACTER_SET_RESULTS=@@CHARACTER_SET_RESULTS */;
/*!40101 SET @OLD_COLLATION_CONNECTION=@@COLLATION_CONNECTION */;
/*!40101 SET NAMES utf8 */;

--
-- Database: `findtheroom`
--

-- --------------------------------------------------------

--
-- Table structure for table `ads_control`
--

CREATE TABLE IF NOT EXISTS `ads_control` (
  `id` int(11) NOT NULL auto_increment,
  `title` varchar(255) NOT NULL,
  `zone` varchar(64) NOT NULL,
  `codes` longtext NOT NULL,
  `publish` tinyint(1) NOT NULL,
  `date_start` datetime NOT NULL,
  `date_end` datetime NOT NULL,
  PRIMARY KEY  (`id`)
) ENGINE=InnoDB  DEFAULT CHARSET=utf8 AUTO_INCREMENT=8 ;

--
-- Dumping data for table `ads_control`
--

INSERT INTO `ads_control` (`id`, `title`, `zone`, `codes`, `publish`, `date_start`, `date_end`) VALUES
(1, '1000x300 A-1', 'A-1', '<script type=''text/javascript''><!--//<![CDATA[\n   var m3_u = (location.protocol==''https:''?''https://server3.sourcecode.co.th/openx/www/delivery/ajs.php'':''http://server3.sourcecode.co.th/openx/www/delivery/ajs.php'');\n   var m3_r = Math.floor(Math.random()*99999999999);\n   if (!document.MAX_used) document.MAX_used = '','';\n   document.write ("<scr"+"ipt type=''text/javascript'' src=''"+m3_u);\n   document.write ("?zoneid=45");\n   document.write (''&amp;cb='' + m3_r);\n   if (document.MAX_used != '','') document.write ("&amp;exclude=" + document.MAX_used);\n   document.write (document.charset ? ''&amp;charset=''+document.charset : (document.characterSet ? ''&amp;charset=''+document.characterSet : ''''));\n   document.write ("&amp;loc=" + escape(window.location));\n   if (document.referrer) document.write ("&amp;referer=" + escape(document.referrer));\n   if (document.context) document.write ("&context=" + escape(document.context));\n   if (document.mmm_fo) document.write ("&amp;mmm_fo=1");\n   document.write ("''><\\/scr"+"ipt>");\n//]]>--></script><noscript><a href=''http://server3.sourcecode.co.th/openx/www/delivery/ck.php?n=ad62cf1a&amp;cb=INSERT_RANDOM_NUMBER_HERE'' target=''_blank''><img src=''http://server3.sourcecode.co.th/openx/www/delivery/avw.php?zoneid=45&amp;cb=INSERT_RANDOM_NUMBER_HERE&amp;n=ad62cf1a'' border=''0'' alt='''' /></a></noscript>', 1, '2012-10-09 00:00:00', '2016-10-10 00:00:00'),
(2, '1000x300 A-2', 'A-2', '<script type=''text/javascript''><!--//<![CDATA[\n   var m3_u = (location.protocol==''https:''?''https://server3.sourcecode.co.th/openx/www/delivery/ajs.php'':''http://server3.sourcecode.co.th/openx/www/delivery/ajs.php'');\n   var m3_r = Math.floor(Math.random()*99999999999);\n   if (!document.MAX_used) document.MAX_used = '','';\n   document.write ("<scr"+"ipt type=''text/javascript'' src=''"+m3_u);\n   document.write ("?zoneid=47");\n   document.write (''&amp;cb='' + m3_r);\n   if (document.MAX_used != '','') document.write ("&amp;exclude=" + document.MAX_used);\n   document.write (document.charset ? ''&amp;charset=''+document.charset : (document.characterSet ? ''&amp;charset=''+document.characterSet : ''''));\n   document.write ("&amp;loc=" + escape(window.location));\n   if (document.referrer) document.write ("&amp;referer=" + escape(document.referrer));\n   if (document.context) document.write ("&context=" + escape(document.context));\n   if (document.mmm_fo) document.write ("&amp;mmm_fo=1");\n   document.write ("''><\\/scr"+"ipt>");\n//]]>--></script><noscript><a href=''http://server3.sourcecode.co.th/openx/www/delivery/ck.php?n=a849c7de&amp;cb=INSERT_RANDOM_NUMBER_HERE'' target=''_blank''><img src=''http://server3.sourcecode.co.th/openx/www/delivery/avw.php?zoneid=47&amp;cb=INSERT_RANDOM_NUMBER_HERE&amp;n=a849c7de'' border=''0'' alt='''' /></a></noscript>', 1, '2012-10-09 00:00:00', '2016-10-11 00:00:00'),
(3, 'Ads 234x120 C-2', 'C-2', '<script type=''text/javascript''><!--//<![CDATA[\n   var m3_u = (location.protocol==''https:''?''https://server3.sourcecode.co.th/openx/www/delivery/ajs.php'':''http://server3.sourcecode.co.th/openx/www/delivery/ajs.php'');\n   var m3_r = Math.floor(Math.random()*99999999999);\n   if (!document.MAX_used) document.MAX_used = '','';\n   document.write ("<scr"+"ipt type=''text/javascript'' src=''"+m3_u);\n   document.write ("?zoneid=49");\n   document.write (''&amp;cb='' + m3_r);\n   if (document.MAX_used != '','') document.write ("&amp;exclude=" + document.MAX_used);\n   document.write (document.charset ? ''&amp;charset=''+document.charset : (document.characterSet ? ''&amp;charset=''+document.characterSet : ''''));\n   document.write ("&amp;loc=" + escape(window.location));\n   if (document.referrer) document.write ("&amp;referer=" + escape(document.referrer));\n   if (document.context) document.write ("&context=" + escape(document.context));\n   if (document.mmm_fo) document.write ("&amp;mmm_fo=1");\n   document.write ("''><\\/scr"+"ipt>");\n//]]>--></script><noscript><a href=''http://server3.sourcecode.co.th/openx/www/delivery/ck.php?n=af7bbd65&amp;cb=INSERT_RANDOM_NUMBER_HERE'' target=''_blank''><img src=''http://server3.sourcecode.co.th/openx/www/delivery/avw.php?zoneid=49&amp;cb=INSERT_RANDOM_NUMBER_HERE&amp;n=af7bbd65'' border=''0'' alt='''' /></a></noscript>', 1, '2012-10-09 00:00:00', '2018-10-10 00:00:00'),
(5, 'Ads 234x120 C-1', 'C-1', '<script type=''text/javascript''><!--//<![CDATA[\n   var m3_u = (location.protocol==''https:''?''https://server3.sourcecode.co.th/openx/www/delivery/ajs.php'':''http://server3.sourcecode.co.th/openx/www/delivery/ajs.php'');\n   var m3_r = Math.floor(Math.random()*99999999999);\n   if (!document.MAX_used) document.MAX_used = '','';\n   document.write ("<scr"+"ipt type=''text/javascript'' src=''"+m3_u);\n   document.write ("?zoneid=48");\n   document.write (''&amp;cb='' + m3_r);\n   if (document.MAX_used != '','') document.write ("&amp;exclude=" + document.MAX_used);\n   document.write (document.charset ? ''&amp;charset=''+document.charset : (document.characterSet ? ''&amp;charset=''+document.characterSet : ''''));\n   document.write ("&amp;loc=" + escape(window.location));\n   if (document.referrer) document.write ("&amp;referer=" + escape(document.referrer));\n   if (document.context) document.write ("&context=" + escape(document.context));\n   if (document.mmm_fo) document.write ("&amp;mmm_fo=1");\n   document.write ("''><\\/scr"+"ipt>");\n//]]>--></script><noscript><a href=''http://server3.sourcecode.co.th/openx/www/delivery/ck.php?n=a9bee31f&amp;cb=INSERT_RANDOM_NUMBER_HERE'' target=''_blank''><img src=''http://server3.sourcecode.co.th/openx/www/delivery/avw.php?zoneid=48&amp;cb=INSERT_RANDOM_NUMBER_HERE&amp;n=a9bee31f'' border=''0'' alt='''' /></a></noscript>', 1, '2013-01-01 00:00:00', '2018-01-01 00:00:00'),
(6, '300x150 BA-1', 'BA-1', '<script type=''text/javascript''><!--//<![CDATA[\n   var m3_u = (location.protocol==''https:''?''https://server3.sourcecode.co.th/openx/www/delivery/ajs.php'':''http://server3.sourcecode.co.th/openx/www/delivery/ajs.php'');\n   var m3_r = Math.floor(Math.random()*99999999999);\n   if (!document.MAX_used) document.MAX_used = '','';\n   document.write ("<scr"+"ipt type=''text/javascript'' src=''"+m3_u);\n   document.write ("?zoneid=63");\n   document.write (''&amp;cb='' + m3_r);\n   if (document.MAX_used != '','') document.write ("&amp;exclude=" + document.MAX_used);\n   document.write (document.charset ? ''&amp;charset=''+document.charset : (document.characterSet ? ''&amp;charset=''+document.characterSet : ''''));\n   document.write ("&amp;loc=" + escape(window.location));\n   if (document.referrer) document.write ("&amp;referer=" + escape(document.referrer));\n   if (document.context) document.write ("&context=" + escape(document.context));\n   if (document.mmm_fo) document.write ("&amp;mmm_fo=1");\n   document.write ("''><\\/scr"+"ipt>");\n//]]>--></script><noscript><a href=''http://server3.sourcecode.co.th/openx/www/delivery/ck.php?n=a56c3f87&amp;cb=INSERT_RANDOM_NUMBER_HERE'' target=''_blank''><img src=''http://server3.sourcecode.co.th/openx/www/delivery/avw.php?zoneid=63&amp;cb=INSERT_RANDOM_NUMBER_HERE&amp;n=a56c3f87'' border=''0'' alt='''' /></a></noscript>', 1, '2008-01-01 00:00:00', '2018-01-01 00:00:00'),
(7, 'Ads 234x120 D-1', 'D-3', '<script type=''text/javascript''><!--//<![CDATA[\n   var m3_u = (location.protocol==''https:''?''https://server3.sourcecode.co.th/openx/www/delivery/ajs.php'':''http://server3.sourcecode.co.th/openx/www/delivery/ajs.php'');\n   var m3_r = Math.floor(Math.random()*99999999999);\n   if (!document.MAX_used) document.MAX_used = '','';\n   document.write ("<scr"+"ipt type=''text/javascript'' src=''"+m3_u);\n   document.write ("?zoneid=50");\n   document.write (''&amp;cb='' + m3_r);\n   if (document.MAX_used != '','') document.write ("&amp;exclude=" + document.MAX_used);\n   document.write (document.charset ? ''&amp;charset=''+document.charset : (document.characterSet ? ''&amp;charset=''+document.characterSet : ''''));\n   document.write ("&amp;loc=" + escape(window.location));\n   if (document.referrer) document.write ("&amp;referer=" + escape(document.referrer));\n   if (document.context) document.write ("&context=" + escape(document.context));\n   if (document.mmm_fo) document.write ("&amp;mmm_fo=1");\n   document.write ("''><\\/scr"+"ipt>");\n//]]>--></script><noscript><a href=''http://server3.sourcecode.co.th/openx/www/delivery/ck.php?n=ab773b69&amp;cb=INSERT_RANDOM_NUMBER_HERE'' target=''_blank''><img src=''http://server3.sourcecode.co.th/openx/www/delivery/avw.php?zoneid=50&amp;cb=INSERT_RANDOM_NUMBER_HERE&amp;n=ab773b69'' border=''0'' alt='''' /></a></noscript>', 1, '2008-01-01 00:00:00', '2018-01-01 00:00:00');

-- --------------------------------------------------------

--
-- Table structure for table `amphur`
--

CREATE TABLE IF NOT EXISTS `amphur` (
  `AMPHUR_ID` int(5) NOT NULL auto_increment,
  `AMPHUR_CODE` varchar(4) collate utf8_unicode_ci NOT NULL,
  `AMPHUR_NAME` varchar(150) collate utf8_unicode_ci NOT NULL,
  `AMPHUR_NAME_ENG` varchar(150) collate utf8_unicode_ci NOT NULL,
  `GEO_ID` int(5) NOT NULL default '0',
  `PROVINCE_ID` int(5) NOT NULL default '0',
  PRIMARY KEY  (`AMPHUR_ID`)
) ENGINE=MyISAM  DEFAULT CHARSET=utf8 COLLATE=utf8_unicode_ci AUTO_INCREMENT=999 ;

--
-- Dumping data for table `amphur`
--

INSERT INTO `amphur` (`AMPHUR_ID`, `AMPHUR_CODE`, `AMPHUR_NAME`, `AMPHUR_NAME_ENG`, `GEO_ID`, `PROVINCE_ID`) VALUES
(1, '1001', 'เขตพระนคร   ', 'Khet Phra Nakhon', 2, 1),
(2, '1002', 'เขตดุสิต   ', 'Khet Dusit', 2, 1),
(3, '1003', 'เขตหนองจอก   ', 'Khet  Nong Chok', 2, 1),
(4, '1004', 'เขตบางรัก   ', 'Khet Bang Rak', 2, 1),
(5, '1005', 'เขตบางเขน   ', 'Khet Bang Khen', 2, 1),
(6, '1006', 'เขตบางกะปิ   ', 'Khet Bang Kapi', 2, 1),
(7, '1007', 'เขตปทุมวัน   ', 'Khet Pathum Wan', 2, 1),
(8, '1008', 'เขตป้อมปราบศัตรูพ่าย   ', 'Khet Pom Prap Sattru Phai', 2, 1),
(9, '1009', 'เขตพระโขนง   ', 'Khet Phra Khanong', 2, 1),
(10, '1010', 'เขตมีนบุรี   ', 'Khet Min Buri', 2, 1),
(11, '1011', 'เขตลาดกระบัง   ', 'Khet Lat Krabang', 2, 1),
(12, '1012', 'เขตยานนาวา   ', 'Khet Yan Nawa', 2, 1),
(13, '1013', 'เขตสัมพันธวงศ์   ', 'Khet Samphanthawong', 2, 1),
(14, '1014', 'เขตพญาไท   ', 'Khet Phaya Thai', 2, 1),
(15, '1015', 'เขตธนบุรี   ', 'Khet Thon Buri', 2, 1),
(16, '1016', 'เขตบางกอกใหญ่   ', 'Khet Bangkok Yai', 2, 1),
(17, '1017', 'เขตห้วยขวาง   ', 'Khet Huai Khwang', 2, 1),
(18, '1018', 'เขตคลองสาน   ', 'Khet Khlong San', 2, 1),
(19, '1019', 'เขตตลิ่งชัน   ', 'Khet Taling Chan', 2, 1),
(20, '1020', 'เขตบางกอกน้อย   ', 'Khet Bangkok Noi', 2, 1),
(21, '1021', 'เขตบางขุนเทียน   ', 'Khet Bang Khun Thian', 2, 1),
(22, '1022', 'เขตภาษีเจริญ   ', 'Khet Phasi Charoen', 2, 1),
(23, '1023', 'เขตหนองแขม   ', 'Khet Nong Khaem', 2, 1),
(24, '1024', 'เขตราษฎร์บูรณะ   ', 'Khet Rat Burana', 2, 1),
(25, '1025', 'เขตบางพลัด   ', 'Khet Bang Phlat', 2, 1),
(26, '1026', 'เขตดินแดง   ', 'Khet Din Daeng', 2, 1),
(27, '1027', 'เขตบึงกุ่ม   ', 'Khet Bueng Kum', 2, 1),
(28, '1028', 'เขตสาทร   ', 'Khet Sathon', 2, 1),
(29, '1029', 'เขตบางซื่อ   ', 'Khet Bang Sue', 2, 1),
(30, '1030', 'เขตจตุจักร   ', 'Khet Chatuchak', 2, 1),
(31, '1031', 'เขตบางคอแหลม   ', 'Khet Bang Kho Laem', 2, 1),
(32, '1032', 'เขตประเวศ   ', 'Khet Prawet', 2, 1),
(33, '1033', 'เขตคลองเตย   ', 'Khet Khlong Toei', 2, 1),
(34, '1034', 'เขตสวนหลวง   ', 'Khet Suan Luang', 2, 1),
(35, '1035', 'เขตจอมทอง   ', 'Khet Chom Thong', 2, 1),
(36, '1036', 'เขตดอนเมือง   ', 'Khet Don Mueang', 2, 1),
(37, '1037', 'เขตราชเทวี   ', 'Khet Ratchathewi', 2, 1),
(38, '1038', 'เขตลาดพร้าว   ', 'Khet Lat Phrao', 2, 1),
(39, '1039', 'เขตวัฒนา   ', 'Khet Watthana', 2, 1),
(40, '1040', 'เขตบางแค   ', 'Khet Bang Khae', 2, 1),
(41, '1041', 'เขตหลักสี่   ', 'Khet Lak Si', 2, 1),
(42, '1042', 'เขตสายไหม   ', 'Khet Sai Mai', 2, 1),
(43, '1043', 'เขตคันนายาว   ', 'Khet Khan Na Yao', 2, 1),
(44, '1044', 'เขตสะพานสูง   ', 'Khet Saphan Sung', 2, 1),
(45, '1045', 'เขตวังทองหลาง   ', 'Khet Wang Thonglang', 2, 1),
(46, '1046', 'เขตคลองสามวา   ', 'Khet Khlong Sam Wa', 2, 1),
(47, '1047', 'เขตบางนา   ', 'Khet Bang Na', 2, 1),
(48, '1048', 'เขตทวีวัฒนา   ', 'Khet Thawi Watthana', 2, 1),
(49, '1049', 'เขตทุ่งครุ   ', 'Khet Thung Khru', 2, 1),
(50, '1050', 'เขตบางบอน   ', 'Khet Bang Bon', 2, 1),
(51, '1081', '*บ้านทะวาย   ', '*Bantawai', 2, 1),
(52, '1101', 'เมืองสมุทรปราการ   ', 'Mueang Samut Prakan', 2, 2),
(53, '1102', 'บางบ่อ   ', 'Bang Bo', 2, 2),
(54, '1103', 'บางพลี   ', 'Bang Phli', 2, 2),
(55, '1104', 'พระประแดง   ', 'Phra Pradaeng', 2, 2),
(56, '1105', 'พระสมุทรเจดีย์   ', 'Phra Samut Chedi', 2, 2),
(57, '1106', 'บางเสาธง   ', 'Bang Sao Thong', 2, 2),
(58, '1201', 'เมืองนนทบุรี   ', 'Mueang Nonthaburi', 2, 3),
(59, '1202', 'บางกรวย   ', 'Bang Kruai', 2, 3),
(60, '1203', 'บางใหญ่   ', 'Bang Yai', 2, 3),
(61, '1204', 'บางบัวทอง   ', 'Bang Bua Thong', 2, 3),
(62, '1205', 'ไทรน้อย   ', 'Sai Noi', 2, 3),
(63, '1206', 'ปากเกร็ด   ', 'Pak Kret', 2, 3),
(64, '1251', 'เทศบาลนครนนทบุรี (สาขาแขวงท่าทราย)*   ', 'Tetsaban Nonthaburi', 2, 3),
(65, '1297', 'เทศบาลเมืองปากเกร็ด*   ', 'Tetsaban Pak Kret', 2, 3),
(66, '1301', 'เมืองปทุมธานี   ', 'Mueang Pathum Thani', 2, 4),
(67, '1302', 'คลองหลวง   ', 'Khlong Luang', 2, 4),
(68, '1303', 'ธัญบุรี   ', 'Thanyaburi', 2, 4),
(69, '1304', 'หนองเสือ   ', 'Nong Suea', 2, 4),
(70, '1305', 'ลาดหลุมแก้ว   ', 'Lat Lum Kaeo', 2, 4),
(71, '1306', 'ลำลูกกา   ', 'Lam Luk Ka', 2, 4),
(72, '1307', 'สามโคก   ', 'Sam Khok', 2, 4),
(73, '1351', 'ลำลูกกา (สาขาตำบลคูคต)*   ', 'Khlong Luang(Kukod)', 2, 4),
(74, '1401', 'พระนครศรีอยุธยา   ', 'Phra Nakhon Si Ayutthaya', 2, 5),
(75, '1402', 'ท่าเรือ   ', 'Tha Ruea', 2, 5),
(76, '1403', 'นครหลวง   ', 'Nakhon Luang', 2, 5),
(77, '1404', 'บางไทร   ', 'Bang Sai', 2, 5),
(78, '1405', 'บางบาล   ', 'Bang Ban', 2, 5),
(79, '1406', 'บางปะอิน   ', 'Bang Pa-in', 2, 5),
(80, '1407', 'บางปะหัน   ', 'Bang Pahan', 2, 5),
(81, '1408', 'ผักไห่   ', 'Phak Hai', 2, 5),
(82, '1409', 'ภาชี   ', 'Phachi', 2, 5),
(83, '1410', 'ลาดบัวหลวง   ', 'Lat Bua Luang', 2, 5),
(84, '1411', 'วังน้อย   ', 'Wang Noi', 2, 5),
(85, '1412', 'เสนา   ', 'Sena', 2, 5),
(86, '1413', 'บางซ้าย   ', 'Bang Sai', 2, 5),
(87, '1414', 'อุทัย   ', 'Uthai', 2, 5),
(88, '1415', 'มหาราช   ', 'Maha Rat', 2, 5),
(89, '1416', 'บ้านแพรก   ', 'Ban Phraek', 2, 5),
(90, '1501', 'เมืองอ่างทอง   ', 'Mueang Ang Thong', 2, 6),
(91, '1502', 'ไชโย   ', 'Chaiyo', 2, 6),
(92, '1503', 'ป่าโมก   ', 'Pa Mok', 2, 6),
(93, '1504', 'โพธิ์ทอง   ', 'Pho Thong', 2, 6),
(94, '1505', 'แสวงหา   ', 'Sawaeng Ha', 2, 6),
(95, '1506', 'วิเศษชัยชาญ   ', 'Wiset Chai Chan', 2, 6),
(96, '1507', 'สามโก้   ', 'Samko', 2, 6),
(97, '1601', 'เมืองลพบุรี   ', 'Mueang Lop Buri', 2, 7),
(98, '1602', 'พัฒนานิคม   ', 'Phatthana Nikhom', 2, 7),
(99, '1603', 'โคกสำโรง   ', 'Khok Samrong', 2, 7),
(100, '1604', 'ชัยบาดาล   ', 'Chai Badan', 2, 7),
(101, '1605', 'ท่าวุ้ง   ', 'Tha Wung', 2, 7),
(102, '1606', 'บ้านหมี่   ', 'Ban Mi', 2, 7),
(103, '1607', 'ท่าหลวง   ', 'Tha Luang', 2, 7),
(104, '1608', 'สระโบสถ์   ', 'Sa Bot', 2, 7),
(105, '1609', 'โคกเจริญ   ', 'Khok Charoen', 2, 7),
(106, '1610', 'ลำสนธิ   ', 'Lam Sonthi', 2, 7),
(107, '1611', 'หนองม่วง   ', 'Nong Muang', 2, 7),
(108, '1681', '*อ.บ้านเช่า  จ.ลพบุรี   ', '*Amphoe Ban Chao', 2, 7),
(109, '1701', 'เมืองสิงห์บุรี   ', 'Mueang Sing Buri', 2, 8),
(110, '1702', 'บางระจัน   ', 'Bang Rachan', 2, 8),
(111, '1703', 'ค่ายบางระจัน   ', 'Khai Bang Rachan', 2, 8),
(112, '1704', 'พรหมบุรี   ', 'Phrom Buri', 2, 8),
(113, '1705', 'ท่าช้าง   ', 'Tha Chang', 2, 8),
(114, '1706', 'อินทร์บุรี   ', 'In Buri', 2, 8),
(115, '1801', 'เมืองชัยนาท   ', 'Mueang Chai Nat', 2, 9),
(116, '1802', 'มโนรมย์   ', 'Manorom', 2, 9),
(117, '1803', 'วัดสิงห์   ', 'Wat Sing', 2, 9),
(118, '1804', 'สรรพยา   ', 'Sapphaya', 2, 9),
(119, '1805', 'สรรคบุรี   ', 'Sankhaburi', 2, 9),
(120, '1806', 'หันคา   ', 'Hankha', 2, 9),
(121, '1807', 'หนองมะโมง   ', 'Nong Mamong', 2, 9),
(122, '1808', 'เนินขาม   ', 'Noen Kham', 2, 9),
(123, '1901', 'เมืองสระบุรี   ', 'Mueang Saraburi', 2, 10),
(124, '1902', 'แก่งคอย   ', 'Kaeng Khoi', 2, 10),
(125, '1903', 'หนองแค   ', 'Nong Khae', 2, 10),
(126, '1904', 'วิหารแดง   ', 'Wihan Daeng', 2, 10),
(127, '1905', 'หนองแซง   ', 'Nong Saeng', 2, 10),
(128, '1906', 'บ้านหมอ   ', 'Ban Mo', 2, 10),
(129, '1907', 'ดอนพุด   ', 'Don Phut', 2, 10),
(130, '1908', 'หนองโดน   ', 'Nong Don', 2, 10),
(131, '1909', 'พระพุทธบาท   ', 'Phra Phutthabat', 2, 10),
(132, '1910', 'เสาไห้   ', 'Sao Hai', 2, 10),
(133, '1911', 'มวกเหล็ก   ', 'Muak Lek', 2, 10),
(134, '1912', 'วังม่วง   ', 'Wang Muang', 2, 10),
(135, '1913', 'เฉลิมพระเกียรติ   ', 'Chaloem Phra Kiat', 2, 10),
(136, '2001', 'เมืองชลบุรี   ', 'Mueang Chon Buri', 5, 11),
(137, '2002', 'บ้านบึง   ', 'Ban Bueng', 5, 11),
(138, '2003', 'หนองใหญ่   ', 'Nong Yai', 5, 11),
(139, '2004', 'บางละมุง   ', 'Bang Lamung', 5, 11),
(140, '2005', 'พานทอง   ', 'Phan Thong', 5, 11),
(141, '2006', 'พนัสนิคม   ', 'Phanat Nikhom', 5, 11),
(142, '2007', 'ศรีราชา   ', 'Si Racha', 5, 11),
(143, '2008', 'เกาะสีชัง   ', 'Ko Sichang', 5, 11),
(144, '2009', 'สัตหีบ   ', 'Sattahip', 5, 11),
(145, '2010', 'บ่อทอง   ', 'Bo Thong', 5, 11),
(146, '2011', 'เกาะจันทร์   ', 'Ko Chan', 5, 11),
(147, '2051', 'สัตหีบ (สาขาตำบลบางเสร่)*   ', 'Sattahip(Bang Sre)*', 5, 11),
(148, '2072', 'ท้องถิ่นเทศบาลเมืองหนองปรือ*   ', 'Tong Tin Tetsaban Mueang Nong Prue*', 5, 11),
(149, '2093', 'เทศบาลตำบลแหลมฉบัง*   ', 'Tetsaban Tambon Lamsabang*', 5, 11),
(150, '2099', 'เทศบาลเมืองชลบุรี*   ', 'Mueang Chon Buri', 5, 11),
(151, '2101', 'เมืองระยอง   ', 'Mueang Rayong', 5, 12),
(152, '2102', 'บ้านฉาง   ', 'Ban Chang', 5, 12),
(153, '2103', 'แกลง   ', 'Klaeng', 5, 12),
(154, '2104', 'วังจันทร์   ', 'Wang Chan', 5, 12),
(155, '2105', 'บ้านค่าย   ', 'Ban Khai', 5, 12),
(156, '2106', 'ปลวกแดง   ', 'Pluak Daeng', 5, 12),
(157, '2107', 'เขาชะเมา   ', 'Khao Chamao', 5, 12),
(158, '2108', 'นิคมพัฒนา   ', 'Nikhom Phatthana', 5, 12),
(159, '2151', 'สาขาตำบลมาบข่า*   ', 'Saka Tambon Mabka', 5, 12),
(160, '2201', 'เมืองจันทบุรี   ', 'Mueang Chanthaburi', 5, 13),
(161, '2202', 'ขลุง   ', 'Khlung', 5, 13),
(162, '2203', 'ท่าใหม่   ', 'Tha Mai', 5, 13),
(163, '2204', 'โป่งน้ำร้อน   ', 'Pong Nam Ron', 5, 13),
(164, '2205', 'มะขาม   ', 'Makham', 5, 13),
(165, '2206', 'แหลมสิงห์   ', 'Laem Sing', 5, 13),
(166, '2207', 'สอยดาว   ', 'Soi Dao', 5, 13),
(167, '2208', 'แก่งหางแมว   ', 'Kaeng Hang Maeo', 5, 13),
(168, '2209', 'นายายอาม   ', 'Na Yai Am', 5, 13),
(169, '2210', 'เขาคิชฌกูฏ   ', 'Khoa Khitchakut', 5, 13),
(170, '2281', '*กิ่ง อ.กำพุธ  จ.จันทบุรี   ', '*King Amphoe Kampud', 5, 13),
(171, '2301', 'เมืองตราด   ', 'Mueang Trat', 5, 14),
(172, '2302', 'คลองใหญ่   ', 'Khlong Yai', 5, 14),
(173, '2303', 'เขาสมิง   ', 'Khao Saming', 5, 14),
(174, '2304', 'บ่อไร่   ', 'Bo Rai', 5, 14),
(175, '2305', 'แหลมงอบ   ', 'Laem Ngop', 5, 14),
(176, '2306', 'เกาะกูด   ', 'Ko Kut', 5, 14),
(177, '2307', 'เกาะช้าง   ', 'Ko Chang', 5, 14),
(178, '2401', 'เมืองฉะเชิงเทรา   ', 'Mueang Chachoengsao', 5, 15),
(179, '2402', 'บางคล้า   ', 'Bang Khla', 5, 15),
(180, '2403', 'บางน้ำเปรี้ยว   ', 'Bang Nam Priao', 5, 15),
(181, '2404', 'บางปะกง   ', 'Bang Pakong', 5, 15),
(182, '2405', 'บ้านโพธิ์   ', 'Ban Pho', 5, 15),
(183, '2406', 'พนมสารคาม   ', 'Phanom Sarakham', 5, 15),
(184, '2407', 'ราชสาส์น   ', 'Ratchasan', 5, 15),
(185, '2408', 'สนามชัยเขต   ', 'Sanam Chai Khet', 5, 15),
(186, '2409', 'แปลงยาว   ', 'Plaeng Yao', 5, 15),
(187, '2410', 'ท่าตะเกียบ   ', 'Tha Takiap', 5, 15),
(188, '2411', 'คลองเขื่อน   ', 'Khlong Khuean', 5, 15),
(189, '2501', 'เมืองปราจีนบุรี   ', 'Mueang Prachin Buri', 5, 16),
(190, '2502', 'กบินทร์บุรี   ', 'Kabin Buri', 5, 16),
(191, '2503', 'นาดี   ', 'Na Di', 5, 16),
(192, '2504', '*สระแก้ว   ', 'Sa Kaeo', 5, 16),
(193, '2505', '*วังน้ำเย็น   ', 'Wang Nam Yen', 5, 16),
(194, '2506', 'บ้านสร้าง   ', 'Ban Sang', 5, 16),
(195, '2507', 'ประจันตคาม   ', 'Prachantakham', 5, 16),
(196, '2508', 'ศรีมหาโพธิ   ', 'Si Maha Phot', 5, 16),
(197, '2509', 'ศรีมโหสถ   ', 'Si Mahosot', 5, 16),
(198, '2510', '*อรัญประเทศ   ', 'Aranyaprathet', 5, 16),
(199, '2511', '*ตาพระยา   ', 'Ta Phraya', 5, 16),
(200, '2512', '*วัฒนานคร   ', 'Watthana Nakhon', 5, 16),
(201, '2513', '*คลองหาด   ', 'Khlong Hat', 5, 16),
(202, '2601', 'เมืองนครนายก   ', 'Mueang Nakhon Nayok', 2, 17),
(203, '2602', 'ปากพลี   ', 'Pak Phli', 2, 17),
(204, '2603', 'บ้านนา   ', 'Ban Na', 2, 17),
(205, '2604', 'องครักษ์   ', 'Ongkharak', 2, 17),
(206, '2701', 'เมืองสระแก้ว   ', 'Mueang Sa Kaeo', 5, 18),
(207, '2702', 'คลองหาด   ', 'Khlong Hat', 5, 18),
(208, '2703', 'ตาพระยา   ', 'Ta Phraya', 5, 18),
(209, '2704', 'วังน้ำเย็น   ', 'Wang Nam Yen', 5, 18),
(210, '2705', 'วัฒนานคร   ', 'Watthana Nakhon', 5, 18),
(211, '2706', 'อรัญประเทศ   ', 'Aranyaprathet', 5, 18),
(212, '2707', 'เขาฉกรรจ์   ', 'Khao Chakan', 5, 18),
(213, '2708', 'โคกสูง   ', 'Khok Sung', 5, 18),
(214, '2709', 'วังสมบูรณ์   ', 'Wang Sombun', 5, 18),
(215, '3001', 'เมืองนครราชสีมา   ', 'Mueang Nakhon Ratchasima', 3, 19),
(216, '3002', 'ครบุรี   ', 'Khon Buri', 3, 19),
(217, '3003', 'เสิงสาง   ', 'Soeng Sang', 3, 19),
(218, '3004', 'คง   ', 'Khong', 3, 19),
(219, '3005', 'บ้านเหลื่อม   ', 'Ban Lueam', 3, 19),
(220, '3006', 'จักราช   ', 'Chakkarat', 3, 19),
(221, '3007', 'โชคชัย   ', 'Chok Chai', 3, 19),
(222, '3008', 'ด่านขุนทด   ', 'Dan Khun Thot', 3, 19),
(223, '3009', 'โนนไทย   ', 'Non Thai', 3, 19),
(224, '3010', 'โนนสูง   ', 'Non Sung', 3, 19),
(225, '3011', 'ขามสะแกแสง   ', 'Kham Sakaesaeng', 3, 19),
(226, '3012', 'บัวใหญ่   ', 'Bua Yai', 3, 19),
(227, '3013', 'ประทาย   ', 'Prathai', 3, 19),
(228, '3014', 'ปักธงชัย   ', 'Pak Thong Chai', 3, 19),
(229, '3015', 'พิมาย   ', 'Phimai', 3, 19),
(230, '3016', 'ห้วยแถลง   ', 'Huai Thalaeng', 3, 19),
(231, '3017', 'ชุมพวง   ', 'Chum Phuang', 3, 19),
(232, '3018', 'สูงเนิน   ', 'Sung Noen', 3, 19),
(233, '3019', 'ขามทะเลสอ   ', 'Kham Thale So', 3, 19),
(234, '3020', 'สีคิ้ว   ', 'Sikhio', 3, 19),
(235, '3021', 'ปากช่อง   ', 'Pak Chong', 3, 19),
(236, '3022', 'หนองบุญมาก   ', 'Nong Bunnak', 3, 19),
(237, '3023', 'แก้งสนามนาง   ', 'Kaeng Sanam Nang', 3, 19),
(238, '3024', 'โนนแดง   ', 'Non Daeng', 3, 19),
(239, '3025', 'วังน้ำเขียว   ', 'Wang Nam Khiao', 3, 19),
(240, '3026', 'เทพารักษ์   ', 'Thepharak', 3, 19),
(241, '3027', 'เมืองยาง   ', 'Mueang Yang', 3, 19),
(242, '3028', 'พระทองคำ   ', 'Phra Thong Kham', 3, 19),
(243, '3029', 'ลำทะเมนชัย   ', 'Lam Thamenchai', 3, 19),
(244, '3030', 'บัวลาย   ', 'Bua Lai', 3, 19),
(245, '3031', 'สีดา   ', 'Sida', 3, 19),
(246, '3032', 'เฉลิมพระเกียรติ   ', 'Chaloem Phra Kiat', 3, 19),
(247, '3049', 'ท้องถิ่นเทศบาลตำบลโพธิ์กลาง*   ', 'Pho Krang', 3, 19),
(248, '3051', 'สาขาตำบลมะค่า-พลสงคราม*   ', 'Ma Ka-Pon Songkram*', 3, 19),
(249, '3081', '*โนนลาว   ', '*Non Lao', 3, 19),
(250, '3101', 'เมืองบุรีรัมย์   ', 'Mueang Buri Ram', 3, 20),
(251, '3102', 'คูเมือง   ', 'Khu Mueang', 3, 20),
(252, '3103', 'กระสัง', 'Krasang', 3, 20),
(253, '3104', 'นางรอง   ', 'Nang Rong', 3, 20),
(254, '3105', 'หนองกี่   ', 'Nong Ki', 3, 20),
(255, '3106', 'ละหานทราย   ', 'Lahan Sai', 3, 20),
(256, '3107', 'ประโคนชัย   ', 'Prakhon Chai', 3, 20),
(257, '3108', 'บ้านกรวด   ', 'Ban Kruat', 3, 20),
(258, '3109', 'พุทไธสง   ', 'Phutthaisong', 3, 20),
(259, '3110', 'ลำปลายมาศ   ', 'Lam Plai Mat', 3, 20),
(260, '3111', 'สตึก   ', 'Satuek', 3, 20),
(261, '3112', 'ปะคำ   ', 'Pakham', 3, 20),
(262, '3113', 'นาโพธิ์   ', 'Na Pho', 3, 20),
(263, '3114', 'หนองหงส์   ', 'Nong Hong', 3, 20),
(264, '3115', 'พลับพลาชัย   ', 'Phlapphla Chai', 3, 20),
(265, '3116', 'ห้วยราช   ', 'Huai Rat', 3, 20),
(266, '3117', 'โนนสุวรรณ   ', 'Non Suwan', 3, 20),
(267, '3118', 'ชำนิ   ', 'Chamni', 3, 20),
(268, '3119', 'บ้านใหม่ไชยพจน์   ', 'Ban Mai Chaiyaphot', 3, 20),
(269, '3120', 'โนนดินแดง   ', 'Din Daeng', 3, 20),
(270, '3121', 'บ้านด่าน   ', 'Ban Dan', 3, 20),
(271, '3122', 'แคนดง   ', 'Khaen Dong', 3, 20),
(272, '3123', 'เฉลิมพระเกียรติ   ', 'Chaloem Phra Kiat', 3, 20),
(273, '3201', 'เมืองสุรินทร์   ', 'Mueang Surin', 3, 21),
(274, '3202', 'ชุมพลบุรี   ', 'Chumphon Buri', 3, 21),
(275, '3203', 'ท่าตูม   ', 'Tha Tum', 3, 21),
(276, '3204', 'จอมพระ   ', 'Chom Phra', 3, 21),
(277, '3205', 'ปราสาท   ', 'Prasat', 3, 21),
(278, '3206', 'กาบเชิง   ', 'Kap Choeng', 3, 21),
(279, '3207', 'รัตนบุรี   ', 'Rattanaburi', 3, 21),
(280, '3208', 'สนม   ', 'Sanom', 3, 21),
(281, '3209', 'ศีขรภูมิ   ', 'Sikhoraphum', 3, 21),
(282, '3210', 'สังขะ   ', 'Sangkha', 3, 21),
(283, '3211', 'ลำดวน   ', 'Lamduan', 3, 21),
(284, '3212', 'สำโรงทาบ   ', 'Samrong Thap', 3, 21),
(285, '3213', 'บัวเชด   ', 'Buachet', 3, 21),
(286, '3214', 'พนมดงรัก   ', 'Phanom Dong Rak', 3, 21),
(287, '3215', 'ศรีณรงค์   ', 'Si Narong', 3, 21),
(288, '3216', 'เขวาสินรินทร์   ', 'Khwao Sinarin', 3, 21),
(289, '3217', 'โนนนารายณ์   ', 'Non Narai', 3, 21),
(290, '3301', 'เมืองศรีสะเกษ   ', 'Mueang Si Sa Ket', 3, 22),
(291, '3302', 'ยางชุมน้อย   ', 'Yang Chum Noi', 3, 22),
(292, '3303', 'กันทรารมย์   ', 'Kanthararom', 3, 22),
(293, '3304', 'กันทรลักษ์   ', 'Kantharalak', 3, 22),
(294, '3305', 'ขุขันธ์   ', 'Khukhan', 3, 22),
(295, '3306', 'ไพรบึง   ', 'Phrai Bueng', 3, 22),
(296, '3307', 'ปรางค์กู่   ', 'Prang Ku', 3, 22),
(297, '3308', 'ขุนหาญ   ', 'Khun Han', 3, 22),
(298, '3309', 'ราษีไศล   ', 'Rasi Salai', 3, 22),
(299, '3310', 'อุทุมพรพิสัย   ', 'Uthumphon Phisai', 3, 22),
(300, '3311', 'บึงบูรพ์   ', 'Bueng Bun', 3, 22),
(301, '3312', 'ห้วยทับทัน   ', 'Huai Thap Than', 3, 22),
(302, '3313', 'โนนคูณ   ', 'Non Khun', 3, 22),
(303, '3314', 'ศรีรัตนะ   ', 'Si Rattana', 3, 22),
(304, '3315', 'น้ำเกลี้ยง   ', 'Si Rattana', 3, 22),
(305, '3316', 'วังหิน   ', 'Wang Hin', 3, 22),
(306, '3317', 'ภูสิงห์   ', 'Phu Sing', 3, 22),
(307, '3318', 'เมืองจันทร์   ', 'Mueang Chan', 3, 22),
(308, '3319', 'เบญจลักษ์   ', 'Benchalak', 3, 22),
(309, '3320', 'พยุห์   ', 'Phayu', 3, 22),
(310, '3321', 'โพธิ์ศรีสุวรรณ   ', 'Pho Si Suwan', 3, 22),
(311, '3322', 'ศิลาลาด   ', 'Sila Lat', 3, 22),
(312, '3401', 'เมืองอุบลราชธานี   ', 'Mueang Ubon Ratchathani', 3, 23),
(313, '3402', 'ศรีเมืองใหม่   ', 'Si Mueang Mai', 3, 23),
(314, '3403', 'โขงเจียม   ', 'Khong Chiam', 3, 23),
(315, '3404', 'เขื่องใน   ', 'Khueang Nai', 3, 23),
(316, '3405', 'เขมราฐ   ', 'Khemarat', 3, 23),
(317, '3406', '*ชานุมาน   ', '*Shanuman', 3, 23),
(318, '3407', 'เดชอุดม   ', 'Det Udom', 3, 23),
(319, '3408', 'นาจะหลวย   ', 'Na Chaluai', 3, 23),
(320, '3409', 'น้ำยืน   ', 'Nam Yuen', 3, 23),
(321, '3410', 'บุณฑริก   ', 'Buntharik', 3, 23),
(322, '3411', 'ตระการพืชผล   ', 'Trakan Phuet Phon', 3, 23),
(323, '3412', 'กุดข้าวปุ้น   ', 'Kut Khaopun', 3, 23),
(324, '3413', '*พนา   ', '*Phana', 3, 23),
(325, '3414', 'ม่วงสามสิบ   ', 'Muang Sam Sip', 3, 23),
(326, '3415', 'วารินชำราบ   ', 'Warin Chamrap', 3, 23),
(327, '3416', '*อำนาจเจริญ   ', '*Amnat Charoen', 3, 23),
(328, '3417', '*เสนางคนิคม   ', '*Senangkhanikhom', 3, 23),
(329, '3418', '*หัวตะพาน   ', '*Hua Taphan', 3, 23),
(330, '3419', 'พิบูลมังสาหาร   ', 'Phibun Mangsahan', 3, 23),
(331, '3420', 'ตาลสุม   ', 'Tan Sum', 3, 23),
(332, '3421', 'โพธิ์ไทร   ', 'Pho Sai', 3, 23),
(333, '3422', 'สำโรง   ', 'Samrong', 3, 23),
(334, '3423', '*กิ่งอำเภอลืออำนาจ   ', '*King Amphoe Lue Amnat', 3, 23),
(335, '3424', 'ดอนมดแดง   ', 'Don Mot Daeng', 3, 23),
(336, '3425', 'สิรินธร   ', 'Sirindhorn', 3, 23),
(337, '3426', 'ทุ่งศรีอุดม   ', 'Thung Si Udom', 3, 23),
(338, '3427', '*ปทุมราชวงศา   ', '*Pathum Ratchawongsa', 3, 23),
(339, '3428', '*กิ่งอำเภอศรีหลักชัย   ', '*King Amphoe Sri Lunk Chai', 3, 23),
(340, '3429', 'นาเยีย   ', 'Na Yia', 3, 23),
(341, '3430', 'นาตาล   ', 'Na Tan', 3, 23),
(342, '3431', 'เหล่าเสือโก้ก   ', 'Lao Suea Kok', 3, 23),
(343, '3432', 'สว่างวีระวงศ์   ', 'Sawang Wirawong', 3, 23),
(344, '3433', 'น้ำขุ่น   ', 'Nam Khun', 3, 23),
(345, '3481', '*อ.สุวรรณวารี  จ.อุบลราชธานี   ', '*Suwan Wari', 3, 23),
(346, '3501', 'เมืองยโสธร   ', 'Mueang Yasothon', 3, 24),
(347, '3502', 'ทรายมูล   ', 'Sai Mun', 3, 24),
(348, '3503', 'กุดชุม   ', 'Kut Chum', 3, 24),
(349, '3504', 'คำเขื่อนแก้ว   ', 'Kham Khuean Kaeo', 3, 24),
(350, '3505', 'ป่าติ้ว   ', 'Pa Tio', 3, 24),
(351, '3506', 'มหาชนะชัย   ', 'Maha Chana Chai', 3, 24),
(352, '3507', 'ค้อวัง   ', 'Kho Wang', 3, 24),
(353, '3508', 'เลิงนกทา   ', 'Loeng Nok Tha', 3, 24),
(354, '3509', 'ไทยเจริญ   ', 'Thai Charoen', 3, 24),
(355, '3601', 'เมืองชัยภูมิ   ', 'Mueang Chaiyaphum', 3, 25),
(356, '3602', 'บ้านเขว้า   ', 'Ban Khwao', 3, 25),
(357, '3603', 'คอนสวรรค์   ', 'Khon Sawan', 3, 25),
(358, '3604', 'เกษตรสมบูรณ์   ', 'Kaset Sombun', 3, 25),
(359, '3605', 'หนองบัวแดง   ', 'Nong Bua Daeng', 3, 25),
(360, '3606', 'จัตุรัส   ', 'Chatturat', 3, 25),
(361, '3607', 'บำเหน็จณรงค์   ', 'Bamnet Narong', 3, 25),
(362, '3608', 'หนองบัวระเหว   ', 'Nong Bua Rawe', 3, 25),
(363, '3609', 'เทพสถิต   ', 'Thep Sathit', 3, 25),
(364, '3610', 'ภูเขียว   ', 'Phu Khiao', 3, 25),
(365, '3611', 'บ้านแท่น   ', 'Ban Thaen', 3, 25),
(366, '3612', 'แก้งคร้อ   ', 'Kaeng Khro', 3, 25),
(367, '3613', 'คอนสาร   ', 'Khon San', 3, 25),
(368, '3614', 'ภักดีชุมพล   ', 'Phakdi Chumphon', 3, 25),
(369, '3615', 'เนินสง่า   ', 'Noen Sa-nga', 3, 25),
(370, '3616', 'ซับใหญ่   ', 'Sap Yai', 3, 25),
(371, '3651', 'เมืองชัยภูมิ (สาขาตำบลโนนสำราญ)*   ', 'Mueang Chaiyaphum(Non Sumran)*', 3, 25),
(372, '3652', 'สาขาตำบลบ้านหว่าเฒ่า*   ', 'Ban Wha Tao*', 3, 25),
(373, '3653', 'หนองบัวแดง (สาขาตำบลวังชมภู)*   ', 'Nong Bua Daeng', 3, 25),
(374, '3654', 'กิ่งอำเภอซับใหญ่ (สาขาตำบลซับใหญ่)*   ', 'King Amphoe Sap Yai*', 3, 25),
(375, '3655', 'สาขาตำบลโคกเพชร*   ', 'Coke Phet*', 3, 25),
(376, '3656', 'เทพสถิต (สาขาตำบลนายางกลัก)*   ', 'Thep Sathit*', 3, 25),
(377, '3657', 'บ้านแท่น (สาขาตำบลบ้านเต่า)*   ', 'Ban Thaen', 3, 25),
(378, '3658', 'แก้งคร้อ (สาขาตำบลท่ามะไฟหวาน)*   ', 'Kaeng Khro*', 3, 25),
(379, '3659', 'คอนสาร (สาขาตำบลโนนคูณ)*   ', 'Khon San*', 3, 25),
(380, '3701', 'เมืองอำนาจเจริญ   ', 'Mueang Amnat Charoen', 3, 26),
(381, '3702', 'ชานุมาน   ', 'Chanuman', 3, 26),
(382, '3703', 'ปทุมราชวงศา   ', 'Pathum Ratchawongsa', 3, 26),
(383, '3704', 'พนา   ', 'Phana', 3, 26),
(384, '3705', 'เสนางคนิคม   ', 'Senangkhanikhom', 3, 26),
(385, '3706', 'หัวตะพาน   ', 'Hua Taphan', 3, 26),
(386, '3707', 'ลืออำนาจ   ', 'Lue Amnat', 3, 26),
(387, '3901', 'เมืองหนองบัวลำภู   ', 'Mueang Nong Bua Lam Phu', 3, 27),
(388, '3902', 'นากลาง   ', 'Na Klang', 3, 27),
(389, '3903', 'โนนสัง   ', 'Non Sang', 3, 27),
(390, '3904', 'ศรีบุญเรือง   ', 'Si Bun Rueang', 3, 27),
(391, '3905', 'สุวรรณคูหา   ', 'Suwannakhuha', 3, 27),
(392, '3906', 'นาวัง   ', 'Na Wang', 3, 27),
(393, '4001', 'เมืองขอนแก่น   ', 'Mueang Khon Kaen', 3, 28),
(394, '4002', 'บ้านฝาง   ', 'Ban Fang', 3, 28),
(395, '4003', 'พระยืน   ', 'Phra Yuen', 3, 28),
(396, '4004', 'หนองเรือ   ', 'Nong Ruea', 3, 28),
(397, '4005', 'ชุมแพ   ', 'Chum Phae', 3, 28),
(398, '4006', 'สีชมพู   ', 'Si Chomphu', 3, 28),
(399, '4007', 'น้ำพอง   ', 'Nam Phong', 3, 28),
(400, '4008', 'อุบลรัตน์   ', 'Ubolratana', 3, 28),
(401, '4009', 'กระนวน   ', 'Kranuan', 3, 28),
(402, '4010', 'บ้านไผ่   ', 'Ban Phai', 3, 28),
(403, '4011', 'เปือยน้อย   ', 'Pueai Noi', 3, 28),
(404, '4012', 'พล   ', 'Phon', 3, 28),
(405, '4013', 'แวงใหญ่   ', 'Waeng Yai', 3, 28),
(406, '4014', 'แวงน้อย   ', 'Waeng Noi', 3, 28),
(407, '4015', 'หนองสองห้อง   ', 'Nong Song Hong', 3, 28),
(408, '4016', 'ภูเวียง   ', 'Phu Wiang', 3, 28),
(409, '4017', 'มัญจาคีรี   ', 'Mancha Khiri', 3, 28),
(410, '4018', 'ชนบท   ', 'Chonnabot', 3, 28),
(411, '4019', 'เขาสวนกวาง   ', 'Khao Suan Kwang', 3, 28),
(412, '4020', 'ภูผาม่าน   ', 'Phu Pha Man', 3, 28),
(413, '4021', 'ซำสูง   ', 'Sam Sung', 3, 28),
(414, '4022', 'โคกโพธิ์ไชย   ', 'Khok Pho Chai', 3, 28),
(415, '4023', 'หนองนาคำ   ', 'Nong Na Kham', 3, 28),
(416, '4024', 'บ้านแฮด   ', 'Ban Haet', 3, 28),
(417, '4025', 'โนนศิลา   ', 'Non Sila', 3, 28),
(418, '4029', 'เวียงเก่า   ', 'Wiang Kao', 3, 28),
(419, '4068', 'ท้องถิ่นเทศบาลตำบลบ้านเป็ด*   ', 'Ban Pet*', 3, 28),
(420, '4098', 'เทศบาลตำบลเมืองพล*   ', 'Tet Saban Tambon Muang Phon*', 3, 28),
(421, '4101', 'เมืองอุดรธานี   ', 'Mueang Udon Thani', 3, 29),
(422, '4102', 'กุดจับ   ', 'Kut Chap', 3, 29),
(423, '4103', 'หนองวัวซอ   ', 'Nong Wua So', 3, 29),
(424, '4104', 'กุมภวาปี   ', 'Kumphawapi', 3, 29),
(425, '4105', 'โนนสะอาด   ', 'Non Sa-at', 3, 29),
(426, '4106', 'หนองหาน   ', 'Nong Han', 3, 29),
(427, '4107', 'ทุ่งฝน   ', 'Thung Fon', 3, 29),
(428, '4108', 'ไชยวาน   ', 'Chai Wan', 3, 29),
(429, '4109', 'ศรีธาตุ   ', 'Si That', 3, 29),
(430, '4110', 'วังสามหมอ   ', 'Wang Sam Mo', 3, 29),
(431, '4111', 'บ้านดุง   ', 'Ban Dung', 3, 29),
(432, '4112', '*หนองบัวลำภู   ', '*Nong Bua Lam Phu', 3, 29),
(433, '4113', '*ศรีบุญเรือง   ', '*Si Bun Rueang', 3, 29),
(434, '4114', '*นากลาง   ', '*Na Klang', 3, 29),
(435, '4115', '*สุวรรณคูหา   ', '*Suwannakhuha', 3, 29),
(436, '4116', '*โนนสัง   ', '*Non Sang', 3, 29),
(437, '4117', 'บ้านผือ   ', 'Ban Phue', 3, 29),
(438, '4118', 'น้ำโสม   ', 'Nam Som', 3, 29),
(439, '4119', 'เพ็ญ   ', 'Phen', 3, 29),
(440, '4120', 'สร้างคอม   ', 'Sang Khom', 3, 29),
(441, '4121', 'หนองแสง   ', 'Nong Saeng', 3, 29),
(442, '4122', 'นายูง   ', 'Na Yung', 3, 29),
(443, '4123', 'พิบูลย์รักษ์   ', 'Phibun Rak', 3, 29),
(444, '4124', 'กู่แก้ว   ', 'Ku Kaeo', 3, 29),
(445, '4125', 'ประจักษ์ศิลปาคม   ', 'rachak-sinlapakhom', 3, 29),
(446, '4201', 'เมืองเลย   ', 'Mueang Loei', 3, 30),
(447, '4202', 'นาด้วง   ', 'Na Duang', 3, 30),
(448, '4203', 'เชียงคาน   ', 'Chiang Khan', 3, 30),
(449, '4204', 'ปากชม   ', 'Pak Chom', 3, 30),
(450, '4205', 'ด่านซ้าย   ', 'Dan Sai', 3, 30),
(451, '4206', 'นาแห้ว   ', 'Na Haeo', 3, 30),
(452, '4207', 'ภูเรือ   ', 'Phu Ruea', 3, 30),
(453, '4208', 'ท่าลี่   ', 'Tha Li', 3, 30),
(454, '4209', 'วังสะพุง   ', 'Wang Saphung', 3, 30),
(455, '4210', 'ภูกระดึง   ', 'Phu Kradueng', 3, 30),
(456, '4211', 'ภูหลวง   ', 'Phu Luang', 3, 30),
(457, '4212', 'ผาขาว   ', 'Pha Khao', 3, 30),
(458, '4213', 'เอราวัณ   ', 'Erawan', 3, 30),
(459, '4214', 'หนองหิน   ', 'Nong Hin', 3, 30),
(460, '4301', 'เมืองหนองคาย   ', 'Mueang Nong Khai', 3, 31),
(461, '4302', 'ท่าบ่อ   ', 'Tha Bo', 3, 31),
(462, '4303', 'เมืองบึงกาฬ   ', 'Mueang Bueng Kan', 3, 97),
(463, '4304', 'พรเจริญ   ', 'Phon Charoen', 3, 97),
(464, '4305', 'โพนพิสัย   ', 'Phon Phisai', 3, 31),
(465, '4306', 'โซ่พิสัย   ', 'So Phisai', 3, 97),
(466, '4307', 'ศรีเชียงใหม่   ', 'Si Chiang Mai', 3, 31),
(467, '4308', 'สังคม   ', 'Sangkhom', 3, 31),
(468, '4309', 'เซกา   ', 'Seka', 3, 97),
(469, '4310', 'ปากคาด   ', 'Pak Khat', 3, 97),
(470, '4311', 'บึงโขงหลง   ', 'Bueng Khong Long', 3, 97),
(471, '4312', 'ศรีวิไล   ', 'Si Wilai', 3, 97),
(472, '4313', 'บุ่งคล้า   ', 'Bung Khla', 3, 97),
(473, '4314', 'สระใคร   ', 'Sakhrai', 3, 31),
(474, '4315', 'เฝ้าไร่   ', 'Fao Rai', 3, 31),
(475, '4316', 'รัตนวาปี   ', 'Rattanawapi', 3, 31),
(476, '4317', 'โพธิ์ตาก   ', 'Pho Tak', 3, 31),
(477, '4401', 'เมืองมหาสารคาม   ', 'Mueang Maha Sarakham', 3, 32),
(478, '4402', 'แกดำ   ', 'Kae Dam', 3, 32),
(479, '4403', 'โกสุมพิสัย   ', 'Kosum Phisai', 3, 32),
(480, '4404', 'กันทรวิชัย   ', 'Kantharawichai', 3, 32),
(481, '4405', 'เชียงยืน   ', 'Kantharawichai', 3, 32),
(482, '4406', 'บรบือ   ', 'Borabue', 3, 32),
(483, '4407', 'นาเชือก   ', 'Na Chueak', 3, 32),
(484, '4408', 'พยัคฆภูมิพิสัย   ', 'Phayakkhaphum Phisai', 3, 32),
(485, '4409', 'วาปีปทุม   ', 'Wapi Pathum', 3, 32),
(486, '4410', 'นาดูน   ', 'Na Dun', 3, 32),
(487, '4411', 'ยางสีสุราช   ', 'Yang Sisurat', 3, 32),
(488, '4412', 'กุดรัง   ', 'Kut Rang', 3, 32),
(489, '4413', 'ชื่นชม   ', 'Chuen Chom', 3, 32),
(490, '4481', '*หลุบ   ', '*Lub', 3, 32),
(491, '4501', 'เมืองร้อยเอ็ด   ', 'Mueang Roi Et', 3, 33),
(492, '4502', 'เกษตรวิสัย   ', 'Kaset Wisai', 3, 33),
(493, '4503', 'ปทุมรัตต์   ', 'Pathum Rat', 3, 33),
(494, '4504', 'จตุรพักตรพิมาน   ', 'Chaturaphak Phiman', 3, 33),
(495, '4505', 'ธวัชบุรี   ', 'Thawat Buri', 3, 33),
(496, '4506', 'พนมไพร   ', 'Phanom Phrai', 3, 33),
(497, '4507', 'โพนทอง   ', 'Phon Thong', 3, 33),
(498, '4508', 'โพธิ์ชัย   ', 'Pho Chai', 3, 33),
(499, '4509', 'หนองพอก   ', 'Nong Phok', 3, 33),
(500, '4510', 'เสลภูมิ   ', 'Selaphum', 3, 33),
(501, '4511', 'สุวรรณภูมิ   ', 'Suwannaphum', 3, 33),
(502, '4512', 'เมืองสรวง   ', 'Mueang Suang', 3, 33),
(503, '4513', 'โพนทราย   ', 'Phon Sai', 3, 33),
(504, '4514', 'อาจสามารถ   ', 'At Samat', 3, 33),
(505, '4515', 'เมยวดี   ', 'Moei Wadi', 3, 33),
(506, '4516', 'ศรีสมเด็จ   ', 'Si Somdet', 3, 33),
(507, '4517', 'จังหาร   ', 'Changhan', 3, 33),
(508, '4518', 'เชียงขวัญ   ', 'Chiang Khwan', 3, 33),
(509, '4519', 'หนองฮี   ', 'Nong Hi', 3, 33),
(510, '4520', 'ทุ่งเขาหลวง   ', 'Thung Khao Luangกิ่', 3, 33),
(511, '4601', 'เมืองกาฬสินธุ์   ', 'Mueang Kalasin', 3, 34),
(512, '4602', 'นามน   ', 'Na Mon', 3, 34),
(513, '4603', 'กมลาไสย   ', 'Kamalasai', 3, 34),
(514, '4604', 'ร่องคำ   ', 'Rong Kham', 3, 34),
(515, '4605', 'กุฉินารายณ์   ', 'Kuchinarai', 3, 34),
(516, '4606', 'เขาวง   ', 'Khao Wong', 3, 34),
(517, '4607', 'ยางตลาด   ', 'Yang Talat', 3, 34),
(518, '4608', 'ห้วยเม็ก   ', 'Huai Mek', 3, 34),
(519, '4609', 'สหัสขันธ์   ', 'Sahatsakhan', 3, 34),
(520, '4610', 'คำม่วง   ', 'Kham Muang', 3, 34),
(521, '4611', 'ท่าคันโท   ', 'Tha Khantho', 3, 34),
(522, '4612', 'หนองกุงศรี   ', 'Nong Kung Si', 3, 34),
(523, '4613', 'สมเด็จ   ', 'Somdet', 3, 34),
(524, '4614', 'ห้วยผึ้ง   ', 'Huai Phueng', 3, 34),
(525, '4615', 'สามชัย   ', 'Sam Chai', 3, 34),
(526, '4616', 'นาคู   ', 'Na Khu', 3, 34),
(527, '4617', 'ดอนจาน   ', 'Don Chan', 3, 34),
(528, '4618', 'ฆ้องชัย   ', 'Khong Chai', 3, 34),
(529, '4701', 'เมืองสกลนคร   ', 'Mueang Sakon Nakhon', 3, 35),
(530, '4702', 'กุสุมาลย์   ', 'Kusuman', 3, 35),
(531, '4703', 'กุดบาก   ', 'Kut Bak', 3, 35),
(532, '4704', 'พรรณานิคม   ', 'Phanna Nikhom', 3, 35),
(533, '4705', 'พังโคน   ', 'Phang Khon', 3, 35),
(534, '4706', 'วาริชภูมิ   ', 'Waritchaphum', 3, 35),
(535, '4707', 'นิคมน้ำอูน   ', 'Nikhom Nam Un', 3, 35),
(536, '4708', 'วานรนิวาส   ', 'Wanon Niwat', 3, 35),
(537, '4709', 'คำตากล้า   ', 'Kham Ta Kla', 3, 35),
(538, '4710', 'บ้านม่วง   ', 'Ban Muang', 3, 35),
(539, '4711', 'อากาศอำนวย   ', 'Akat Amnuai', 3, 35),
(540, '4712', 'สว่างแดนดิน   ', 'Sawang Daen Din', 3, 35),
(541, '4713', 'ส่องดาว   ', 'Song Dao', 3, 35),
(542, '4714', 'เต่างอย   ', 'Tao Ngoi', 3, 35),
(543, '4715', 'โคกศรีสุพรรณ   ', 'Khok Si Suphan', 3, 35),
(544, '4716', 'เจริญศิลป์   ', 'Charoen Sin', 3, 35),
(545, '4717', 'โพนนาแก้ว   ', 'Phon Na Kaeo', 3, 35),
(546, '4718', 'ภูพาน   ', 'Phu Phan', 3, 35),
(547, '4751', 'วานรนิวาส (สาขาตำบลกุดเรือคำ)*   ', 'Wanon Niwat', 3, 35),
(548, '4781', '*อ.บ้านหัน  จ.สกลนคร   ', '*Banhan', 3, 35),
(549, '4801', 'เมืองนครพนม   ', 'Mueang Nakhon Phanom', 3, 36),
(550, '4802', 'ปลาปาก   ', 'Pla Pak', 3, 36),
(551, '4803', 'ท่าอุเทน   ', 'Tha Uthen', 3, 36),
(552, '4804', 'บ้านแพง   ', 'Ban Phaeng', 3, 36),
(553, '4805', 'ธาตุพนม   ', 'That Phanom', 3, 36),
(554, '4806', 'เรณูนคร   ', 'Renu Nakhon', 3, 36),
(555, '4807', 'นาแก   ', 'Na Kae', 3, 36),
(556, '4808', 'ศรีสงคราม   ', 'Si Songkhram', 3, 36),
(557, '4809', 'นาหว้า   ', 'Na Wa', 3, 36),
(558, '4810', 'โพนสวรรค์   ', 'Phon Sawan', 3, 36),
(559, '4811', 'นาทม   ', 'Na Thom', 3, 36),
(560, '4812', 'วังยาง   ', 'Wang Yang', 3, 36),
(561, '4901', 'เมืองมุกดาหาร   ', 'Mueang Mukdahan', 3, 37),
(562, '4902', 'นิคมคำสร้อย   ', 'Nikhom Kham Soi', 3, 37),
(563, '4903', 'ดอนตาล   ', 'Don Tan', 3, 37),
(564, '4904', 'ดงหลวง   ', 'Dong Luang', 3, 37),
(565, '4905', 'คำชะอี   ', 'Khamcha-i', 3, 37),
(566, '4906', 'หว้านใหญ่   ', 'Wan Yai', 3, 37),
(567, '4907', 'หนองสูง   ', 'Nong Sung', 3, 37),
(568, '5001', 'เมืองเชียงใหม่   ', 'Mueang Chiang Mai', 1, 38),
(569, '5002', 'จอมทอง   ', 'Chom Thong', 1, 38),
(570, '5003', 'แม่แจ่ม   ', 'Mae Chaem', 1, 38),
(571, '5004', 'เชียงดาว   ', 'Chiang Dao', 1, 38),
(572, '5005', 'ดอยสะเก็ด   ', 'Doi Saket', 1, 38),
(573, '5006', 'แม่แตง   ', 'Mae Taeng', 1, 38),
(574, '5007', 'แม่ริม   ', 'Mae Rim', 1, 38),
(575, '5008', 'สะเมิง   ', 'Samoeng', 1, 38),
(576, '5009', 'ฝาง   ', 'Fang', 1, 38),
(577, '5010', 'แม่อาย   ', 'Mae Ai', 1, 38),
(578, '5011', 'พร้าว   ', 'Phrao', 1, 38),
(579, '5012', 'สันป่าตอง   ', 'San Pa Tong', 1, 38),
(580, '5013', 'สันกำแพง   ', 'San Kamphaeng', 1, 38),
(581, '5014', 'สันทราย   ', 'San Sai', 1, 38),
(582, '5015', 'หางดง   ', 'Hang Dong', 1, 38),
(583, '5016', 'ฮอด   ', 'Hot', 1, 38),
(584, '5017', 'ดอยเต่า   ', 'Doi Tao', 1, 38),
(585, '5018', 'อมก๋อย   ', 'Omkoi', 1, 38),
(586, '5019', 'สารภี   ', 'Saraphi', 1, 38),
(587, '5020', 'เวียงแหง   ', 'Wiang Haeng', 1, 38),
(588, '5021', 'ไชยปราการ   ', 'Chai Prakan', 1, 38),
(589, '5022', 'แม่วาง   ', 'Mae Wang', 1, 38),
(590, '5023', 'แม่ออน   ', 'Mae On', 1, 38),
(591, '5024', 'ดอยหล่อ   ', 'Doi Lo', 1, 38),
(592, '5051', 'เทศบาลนครเชียงใหม่ (สาขาแขวงกาลวิละ)*   ', 'Tet Saban Nakorn Chiangmai(Kan lawi la)*', 1, 38),
(593, '5052', 'เทศบาลนครเชียงใหม่ (สาขาแขวงศรีวิชั)*   ', 'Tet Saban Nakorn Chiangmai(Sri Wi)*', 1, 38),
(594, '5053', 'เทศบาลนครเชียงใหม่ (สาขาเม็งราย)*   ', 'Tet Saban Nakorn Chiangmai(Meng Rai)*', 1, 38),
(595, '5101', 'เมืองลำพูน   ', 'Mueang Lamphun', 1, 39),
(596, '5102', 'แม่ทา   ', 'Mae Tha', 1, 39),
(597, '5103', 'บ้านโฮ่ง   ', 'Ban Hong', 1, 39),
(598, '5104', 'ลี้   ', 'Li', 1, 39),
(599, '5105', 'ทุ่งหัวช้าง   ', 'Thung Hua Chang', 1, 39),
(600, '5106', 'ป่าซาง   ', 'Pa Sang', 1, 39),
(601, '5107', 'บ้านธิ   ', 'Ban Thi', 1, 39),
(602, '5108', 'เวียงหนองล่อง   ', 'Wiang Nong Long', 1, 39),
(603, '5201', 'เมืองลำปาง   ', 'Mueang Lampang', 1, 40),
(604, '5202', 'แม่เมาะ   ', 'Mae Mo', 1, 40),
(605, '5203', 'เกาะคา   ', 'Ko Kha', 1, 40),
(606, '5204', 'เสริมงาม   ', 'Soem Ngam', 1, 40),
(607, '5205', 'งาว   ', 'Ngao', 1, 40),
(608, '5206', 'แจ้ห่ม   ', 'Chae Hom', 1, 40),
(609, '5207', 'วังเหนือ   ', 'Wang Nuea', 1, 40),
(610, '5208', 'เถิน   ', 'Thoen', 1, 40),
(611, '5209', 'แม่พริก   ', 'Mae Phrik', 1, 40),
(612, '5210', 'แม่ทะ   ', 'Mae Tha', 1, 40),
(613, '5211', 'สบปราบ   ', 'Sop Prap', 1, 40),
(614, '5212', 'ห้างฉัตร   ', 'Hang Chat', 1, 40),
(615, '5213', 'เมืองปาน   ', 'Mueang Pan', 1, 40),
(616, '5301', 'เมืองอุตรดิตถ์   ', 'Mueang Uttaradit', 1, 41),
(617, '5302', 'ตรอน   ', 'Tron', 1, 41),
(618, '5303', 'ท่าปลา   ', 'Tha Pla', 1, 41),
(619, '5304', 'น้ำปาด   ', 'Nam Pat', 1, 41),
(620, '5305', 'ฟากท่า   ', 'Fak Tha', 1, 41),
(621, '5306', 'บ้านโคก   ', 'Ban Khok', 1, 41),
(622, '5307', 'พิชัย   ', 'Phichai', 1, 41),
(623, '5308', 'ลับแล   ', 'Laplae', 1, 41),
(624, '5309', 'ทองแสนขัน   ', 'Thong Saen Khan', 1, 41),
(625, '5401', 'เมืองแพร่   ', 'Mueang Phrae', 1, 42),
(626, '5402', 'ร้องกวาง   ', 'Rong Kwang', 1, 42),
(627, '5403', 'ลอง   ', 'Long', 1, 42),
(628, '5404', 'สูงเม่น   ', 'Sung Men', 1, 42),
(629, '5405', 'เด่นชัย   ', 'Den Chai', 1, 42),
(630, '5406', 'สอง   ', 'Song', 1, 42),
(631, '5407', 'วังชิ้น   ', 'Wang Chin', 1, 42),
(632, '5408', 'หนองม่วงไข่   ', 'Nong Muang Khai', 1, 42),
(633, '5501', 'เมืองน่าน   ', 'Mueang Nan', 1, 43),
(634, '5502', 'แม่จริม   ', 'Mae Charim', 1, 43),
(635, '5503', 'บ้านหลวง   ', 'Ban Luang', 1, 43),
(636, '5504', 'นาน้อย   ', 'Na Noi', 1, 43),
(637, '5505', 'ปัว   ', 'Pua', 1, 43),
(638, '5506', 'ท่าวังผา   ', 'Tha Wang Pha', 1, 43),
(639, '5507', 'เวียงสา   ', 'Wiang Sa', 1, 43),
(640, '5508', 'ทุ่งช้าง   ', 'Thung Chang', 1, 43),
(641, '5509', 'เชียงกลาง   ', 'Chiang Klang', 1, 43),
(642, '5510', 'นาหมื่น   ', 'Na Muen', 1, 43),
(643, '5511', 'สันติสุข   ', 'Santi Suk', 1, 43),
(644, '5512', 'บ่อเกลือ   ', 'Bo Kluea', 1, 43),
(645, '5513', 'สองแคว   ', 'Song Khwae', 1, 43),
(646, '5514', 'ภูเพียง   ', 'Phu Phiang', 1, 43),
(647, '5515', 'เฉลิมพระเกียรติ   ', 'Chaloem Phra Kiat', 1, 43),
(648, '5601', 'เมืองพะเยา   ', 'Mueang Phayao', 1, 44),
(649, '5602', 'จุน   ', 'Chun', 1, 44),
(650, '5603', 'เชียงคำ   ', 'Chiang Kham', 1, 44),
(651, '5604', 'เชียงม่วน   ', 'Chiang Muan', 1, 44),
(652, '5605', 'ดอกคำใต้   ', 'Dok Khamtai', 1, 44),
(653, '5606', 'ปง   ', 'Pong', 1, 44),
(654, '5607', 'แม่ใจ   ', 'Mae Chai', 1, 44),
(655, '5608', 'ภูซาง   ', 'Phu Sang', 1, 44),
(656, '5609', 'ภูกามยาว   ', 'Phu Kamyao', 1, 44),
(657, '5701', 'เมืองเชียงราย   ', 'Mueang Chiang Rai', 1, 45),
(658, '5702', 'เวียงชัย   ', 'Wiang Chai', 1, 45),
(659, '5703', 'เชียงของ   ', 'Chiang Khong', 1, 45),
(660, '5704', 'เทิง   ', 'Thoeng', 1, 45),
(661, '5705', 'พาน   ', 'Phan', 1, 45),
(662, '5706', 'ป่าแดด   ', 'Pa Daet', 1, 45),
(663, '5707', 'แม่จัน   ', 'Mae Chan', 1, 45),
(664, '5708', 'เชียงแสน   ', 'Chiang Saen', 1, 45),
(665, '5709', 'แม่สาย   ', 'Mae Sai', 1, 45),
(666, '5710', 'แม่สรวย   ', 'Mae Suai', 1, 45),
(667, '5711', 'เวียงป่าเป้า   ', 'Wiang Pa Pao', 1, 45),
(668, '5712', 'พญาเม็งราย   ', 'Phaya Mengrai', 1, 45),
(669, '5713', 'เวียงแก่น   ', 'Wiang Kaen', 1, 45),
(670, '5714', 'ขุนตาล   ', 'Khun Tan', 1, 45),
(671, '5715', 'แม่ฟ้าหลวง   ', 'Mae Fa Luang', 1, 45),
(672, '5716', 'แม่ลาว   ', 'Mae Lao', 1, 45),
(673, '5717', 'เวียงเชียงรุ้ง   ', 'Wiang Chiang Rung', 1, 45),
(674, '5718', 'ดอยหลวง   ', 'Doi Luang', 1, 45),
(675, '5801', 'เมืองแม่ฮ่องสอน   ', 'Mueang Mae Hong Son', 1, 46),
(676, '5802', 'ขุนยวม   ', 'Khun Yuam', 1, 46),
(677, '5803', 'ปาย   ', 'Pai', 1, 46),
(678, '5804', 'แม่สะเรียง   ', 'Mae Sariang', 1, 46),
(679, '5805', 'แม่ลาน้อย   ', 'Mae La Noi', 1, 46),
(680, '5806', 'สบเมย   ', 'Sop Moei', 1, 46),
(681, '5807', 'ปางมะผ้า   ', 'Pang Mapha', 1, 46),
(682, '5881', '*อ.ม่วยต่อ  จ.แม่ฮ่องสอน   ', 'Muen Tor', 1, 46),
(683, '6001', 'เมืองนครสวรรค์   ', 'Mueang Nakhon Sawan', 2, 47),
(684, '6002', 'โกรกพระ   ', 'Krok Phra', 2, 47),
(685, '6003', 'ชุมแสง   ', 'Chum Saeng', 2, 47),
(686, '6004', 'หนองบัว   ', 'Nong Bua', 2, 47),
(687, '6005', 'บรรพตพิสัย   ', 'Banphot Phisai', 2, 47),
(688, '6006', 'เก้าเลี้ยว   ', 'Kao Liao', 2, 47),
(689, '6007', 'ตาคลี   ', 'Takhli', 2, 47),
(690, '6008', 'ท่าตะโก   ', 'Takhli', 2, 47),
(691, '6009', 'ไพศาลี   ', 'Phaisali', 2, 47),
(692, '6010', 'พยุหะคีรี   ', 'Phayuha Khiri', 2, 47),
(693, '6011', 'ลาดยาว   ', 'Phayuha Khiri', 2, 47),
(694, '6012', 'ตากฟ้า   ', 'Tak Fa', 2, 47),
(695, '6013', 'แม่วงก์   ', 'Mae Wong', 2, 47),
(696, '6014', 'แม่เปิน   ', 'Mae Poen', 2, 47),
(697, '6015', 'ชุมตาบง   ', 'Chum Ta Bong', 2, 47),
(698, '6051', 'สาขาตำบลห้วยน้ำหอม*   ', 'Huen Nam Hom', 2, 47),
(699, '6052', 'กิ่งอำเภอชุมตาบง (สาขาตำบลชุมตาบง)*   ', 'Chum Ta Bong', 2, 47),
(700, '6053', 'แม่วงก์ (สาขาตำบลแม่เล่ย์)*   ', 'Mea Ley', 2, 47),
(701, '6101', 'เมืองอุทัยธานี   ', 'Mueang Uthai Thani', 2, 48),
(702, '6102', 'ทัพทัน   ', 'Thap Than', 2, 48),
(703, '6103', 'สว่างอารมณ์   ', 'Sawang Arom', 2, 48),
(704, '6104', 'หนองฉาง   ', 'Nong Chang', 2, 48),
(705, '6105', 'หนองขาหย่าง   ', 'Nong Khayang', 2, 48),
(706, '6106', 'บ้านไร่   ', 'Ban Rai', 2, 48),
(707, '6107', 'ลานสัก   ', 'Lan Sak', 2, 48),
(708, '6108', 'ห้วยคต   ', 'Huai Khot', 2, 48),
(709, '6201', 'เมืองกำแพงเพชร   ', 'Mueang Kamphaeng Phet', 2, 49),
(710, '6202', 'ไทรงาม   ', 'Sai Ngam', 2, 49),
(711, '6203', 'คลองลาน   ', 'Khlong Lan', 2, 49),
(712, '6204', 'ขาณุวรลักษบุรี   ', 'Khanu Woralaksaburi', 2, 49),
(713, '6205', 'คลองขลุง   ', 'Khlong Khlung', 2, 49),
(714, '6206', 'พรานกระต่าย   ', 'Phran Kratai', 2, 49),
(715, '6207', 'ลานกระบือ   ', 'Lan Krabue', 2, 49),
(716, '6208', 'ทรายทองวัฒนา   ', 'Sai Thong Watthana', 2, 49),
(717, '6209', 'ปางศิลาทอง   ', 'Pang Sila Thong', 2, 49),
(718, '6210', 'บึงสามัคคี   ', 'Bueng Samakkhi', 2, 49),
(719, '6211', 'โกสัมพีนคร   ', 'Kosamphi Nakhon', 2, 49),
(720, '6301', 'เมืองตาก   ', 'Mueang Tak', 4, 50),
(721, '6302', 'บ้านตาก   ', 'Ban Tak', 4, 50),
(722, '6303', 'สามเงา   ', 'Sam Ngao', 4, 50),
(723, '6304', 'แม่ระมาด   ', 'Mae Ramat', 4, 50),
(724, '6305', 'ท่าสองยาง   ', 'Tha Song Yang', 4, 50),
(725, '6306', 'แม่สอด   ', 'Mae Sot', 4, 50),
(726, '6307', 'พบพระ   ', 'Phop Phra', 4, 50),
(727, '6308', 'อุ้มผาง   ', 'Umphang', 4, 50),
(728, '6309', 'วังเจ้า   ', 'Wang Chao', 4, 50),
(729, '6381', '*กิ่ง อ.ท่าปุย  จ.ตาก   ', '*King Ta Pui', 4, 50);
INSERT INTO `amphur` (`AMPHUR_ID`, `AMPHUR_CODE`, `AMPHUR_NAME`, `AMPHUR_NAME_ENG`, `GEO_ID`, `PROVINCE_ID`) VALUES
(730, '6401', 'เมืองสุโขทัย   ', 'Mueang Sukhothai', 2, 51),
(731, '6402', 'บ้านด่านลานหอย   ', 'Ban Dan Lan Hoi', 2, 51),
(732, '6403', 'คีรีมาศ   ', 'Khiri Mat', 2, 51),
(733, '6404', 'กงไกรลาศ   ', 'Kong Krailat', 2, 51),
(734, '6405', 'ศรีสัชนาลัย   ', 'Si Satchanalai', 2, 51),
(735, '6406', 'ศรีสำโรง   ', 'Si Samrong', 2, 51),
(736, '6407', 'สวรรคโลก   ', 'Sawankhalok', 2, 51),
(737, '6408', 'ศรีนคร   ', 'Si Nakhon', 2, 51),
(738, '6409', 'ทุ่งเสลี่ยม   ', 'Thung Saliam', 2, 51),
(739, '6501', 'เมืองพิษณุโลก   ', 'Mueang Phitsanulok', 2, 52),
(740, '6502', 'นครไทย   ', 'Nakhon Thai', 2, 52),
(741, '6503', 'ชาติตระการ   ', 'Chat Trakan', 2, 52),
(742, '6504', 'บางระกำ   ', 'Bang Rakam', 2, 52),
(743, '6505', 'บางกระทุ่ม   ', 'Bang Krathum', 2, 52),
(744, '6506', 'พรหมพิราม   ', 'Phrom Phiram', 2, 52),
(745, '6507', 'วัดโบสถ์   ', 'Wat Bot', 2, 52),
(746, '6508', 'วังทอง   ', 'Wang Thong', 2, 52),
(747, '6509', 'เนินมะปราง   ', 'Noen Maprang', 2, 52),
(748, '6601', 'เมืองพิจิตร   ', 'Mueang Phichit', 2, 53),
(749, '6602', 'วังทรายพูน   ', 'Wang Sai Phun', 2, 53),
(750, '6603', 'โพธิ์ประทับช้าง   ', 'Pho Prathap Chang', 2, 53),
(751, '6604', 'ตะพานหิน   ', 'Taphan Hin', 2, 53),
(752, '6605', 'บางมูลนาก   ', 'Bang Mun Nak', 2, 53),
(753, '6606', 'โพทะเล   ', 'Pho Thale', 2, 53),
(754, '6607', 'สามง่าม   ', 'Sam Ngam', 2, 53),
(755, '6608', 'ทับคล้อ   ', 'Tap Khlo', 2, 53),
(756, '6609', 'สากเหล็ก   ', 'Sak Lek', 2, 53),
(757, '6610', 'บึงนาราง   ', 'Bueng Na Rang', 2, 53),
(758, '6611', 'ดงเจริญ   ', 'Dong Charoen', 2, 53),
(759, '6612', 'วชิรบารมี   ', 'Wachirabarami', 2, 53),
(760, '6701', 'เมืองเพชรบูรณ์   ', 'Mueang Phetchabun', 2, 54),
(761, '6702', 'ชนแดน   ', 'Chon Daen', 2, 54),
(762, '6703', 'หล่มสัก   ', 'Lom Sak', 2, 54),
(763, '6704', 'หล่มเก่า   ', 'Lom Kao', 2, 54),
(764, '6705', 'วิเชียรบุรี   ', 'Wichian Buri', 2, 54),
(765, '6706', 'ศรีเทพ   ', 'Si Thep', 2, 54),
(766, '6707', 'หนองไผ่   ', 'Nong Phai', 2, 54),
(767, '6708', 'บึงสามพัน   ', 'Bueng Sam Phan', 2, 54),
(768, '6709', 'น้ำหนาว   ', 'Nam Nao', 2, 54),
(769, '6710', 'วังโป่ง   ', 'Wang Pong', 2, 54),
(770, '6711', 'เขาค้อ   ', 'Khao Kho', 2, 54),
(771, '7001', 'เมืองราชบุรี   ', 'Mueang Ratchaburi', 4, 55),
(772, '7002', 'จอมบึง   ', 'Chom Bueng', 4, 55),
(773, '7003', 'สวนผึ้ง   ', 'Suan Phueng', 4, 55),
(774, '7004', 'ดำเนินสะดวก   ', 'Damnoen Saduak', 4, 55),
(775, '7005', 'บ้านโป่ง   ', 'Ban Pong', 4, 55),
(776, '7006', 'บางแพ   ', 'Bang Phae', 4, 55),
(777, '7007', 'โพธาราม   ', 'Photharam', 4, 55),
(778, '7008', 'ปากท่อ   ', 'Pak Tho', 4, 55),
(779, '7009', 'วัดเพลง   ', 'Wat Phleng', 4, 55),
(780, '7010', 'บ้านคา   ', 'Ban Kha', 4, 55),
(781, '7074', 'ท้องถิ่นเทศบาลตำบลบ้านฆ้อง   ', 'Tet Saban Ban Kong', 4, 55),
(782, '7101', 'เมืองกาญจนบุรี   ', 'Mueang Kanchanaburi', 4, 56),
(783, '7102', 'ไทรโยค   ', 'Sai Yok', 4, 56),
(784, '7103', 'บ่อพลอย   ', 'Bo Phloi', 4, 56),
(785, '7104', 'ศรีสวัสดิ์   ', 'Si Sawat', 4, 56),
(786, '7105', 'ท่ามะกา   ', 'Tha Maka', 4, 56),
(787, '7106', 'ท่าม่วง   ', 'Tha Muang', 4, 56),
(788, '7107', 'ทองผาภูมิ   ', 'Pha Phum', 4, 56),
(789, '7108', 'สังขละบุรี   ', 'Sangkhla Buri', 4, 56),
(790, '7109', 'พนมทวน   ', 'Phanom Thuan', 4, 56),
(791, '7110', 'เลาขวัญ   ', 'Lao Khwan', 4, 56),
(792, '7111', 'ด่านมะขามเตี้ย   ', 'Dan Makham Tia', 4, 56),
(793, '7112', 'หนองปรือ   ', 'Nong Prue', 4, 56),
(794, '7113', 'ห้วยกระเจา   ', 'Huai Krachao', 4, 56),
(795, '7151', 'สาขาตำบลท่ากระดาน*   ', 'Tha Kra Dan', 4, 56),
(796, '7181', '*บ้านทวน  จ.กาญจนบุรี   ', '*Ban Tuan', 4, 56),
(797, '7201', 'เมืองสุพรรณบุรี   ', 'Mueang Suphan Buri', 2, 57),
(798, '7202', 'เดิมบางนางบวช   ', 'Doem Bang Nang Buat', 2, 57),
(799, '7203', 'ด่านช้าง   ', 'Dan Chang', 2, 57),
(800, '7204', 'บางปลาม้า   ', 'Bang Pla Ma', 2, 57),
(801, '7205', 'ศรีประจันต์   ', 'Si Prachan', 2, 57),
(802, '7206', 'ดอนเจดีย์   ', 'Don Chedi', 2, 57),
(803, '7207', 'สองพี่น้อง   ', 'Song Phi Nong', 2, 57),
(804, '7208', 'สามชุก   ', 'Sam Chuk', 2, 57),
(805, '7209', 'อู่ทอง   ', 'U Thong', 2, 57),
(806, '7210', 'หนองหญ้าไซ   ', 'Nong Ya Sai', 2, 57),
(807, '7301', 'เมืองนครปฐม   ', 'Mueang Nakhon Pathom', 2, 58),
(808, '7302', 'กำแพงแสน   ', 'Kamphaeng Saen', 2, 58),
(809, '7303', 'นครชัยศรี   ', 'Nakhon Chai Si', 2, 58),
(810, '7304', 'ดอนตูม   ', 'Don Tum', 2, 58),
(811, '7305', 'บางเลน   ', 'Bang Len', 2, 58),
(812, '7306', 'สามพราน   ', 'Sam Phran', 2, 58),
(813, '7307', 'พุทธมณฑล   ', 'Phutthamonthon', 2, 58),
(814, '7401', 'เมืองสมุทรสาคร   ', 'Mueang Samut Sakhon', 2, 59),
(815, '7402', 'กระทุ่มแบน   ', 'Krathum Baen', 2, 59),
(816, '7403', 'บ้านแพ้ว   ', 'Ban Phaeo', 2, 59),
(817, '7501', 'เมืองสมุทรสงคราม   ', 'Mueang Samut Songkhram', 2, 60),
(818, '7502', 'บางคนที   ', 'Bang Khonthi', 2, 60),
(819, '7503', 'อัมพวา   ', 'Amphawa', 2, 60),
(820, '7601', 'เมืองเพชรบุรี   ', 'Mueang Phetchaburi', 4, 61),
(821, '7602', 'เขาย้อย   ', 'Khao Yoi', 4, 61),
(822, '7603', 'หนองหญ้าปล้อง   ', 'Nong Ya Plong', 4, 61),
(823, '7604', 'ชะอำ   ', 'Cha-am', 4, 61),
(824, '7605', 'ท่ายาง   ', 'Tha Yang', 4, 61),
(825, '7606', 'บ้านลาด   ', 'Ban Lat', 4, 61),
(826, '7607', 'บ้านแหลม   ', 'Ban Laem', 4, 61),
(827, '7608', 'แก่งกระจาน   ', 'Kaeng Krachan', 4, 61),
(828, '7701', 'เมืองประจวบคีรีขันธ์   ', 'Mueang Prachuap Khiri Khan', 4, 62),
(829, '7702', 'กุยบุรี   ', 'Kui Buri', 4, 62),
(830, '7703', 'ทับสะแก   ', 'Thap Sakae', 4, 62),
(831, '7704', 'บางสะพาน   ', 'Bang Saphan', 4, 62),
(832, '7705', 'บางสะพานน้อย   ', 'Bang Saphan Noi', 4, 62),
(833, '7706', 'ปราณบุรี   ', 'Pran Buri', 4, 62),
(834, '7707', 'หัวหิน   ', 'Hua Hin', 4, 62),
(835, '7708', 'สามร้อยยอด   ', 'Sam Roi Yot', 4, 62),
(836, '8001', 'เมืองนครศรีธรรมราช   ', 'Mueang Nakhon Si Thammarat', 6, 63),
(837, '8002', 'พรหมคีรี   ', 'Phrom Khiri', 6, 63),
(838, '8003', 'ลานสกา   ', 'Lan Saka', 6, 63),
(839, '8004', 'ฉวาง   ', 'Chawang', 6, 63),
(840, '8005', 'พิปูน   ', 'Phipun', 6, 63),
(841, '8006', 'เชียรใหญ่   ', 'Chian Yai', 6, 63),
(842, '8007', 'ชะอวด   ', 'Cha-uat', 6, 63),
(843, '8008', 'ท่าศาลา   ', 'Tha Sala', 6, 63),
(844, '8009', 'ทุ่งสง   ', 'Thung Song', 6, 63),
(845, '8010', 'นาบอน   ', 'Na Bon', 6, 63),
(846, '8011', 'ทุ่งใหญ่   ', 'Thung Yai', 6, 63),
(847, '8012', 'ปากพนัง   ', 'Pak Phanang', 6, 63),
(848, '8013', 'ร่อนพิบูลย์   ', 'Ron Phibun', 6, 63),
(849, '8014', 'สิชล   ', 'Sichon', 6, 63),
(850, '8015', 'ขนอม   ', 'Khanom', 6, 63),
(851, '8016', 'หัวไทร   ', 'Hua Sai', 6, 63),
(852, '8017', 'บางขัน   ', 'Bang Khan', 6, 63),
(853, '8018', 'ถ้ำพรรณรา   ', 'Tham Phannara', 6, 63),
(854, '8019', 'จุฬาภรณ์   ', 'Chulabhorn', 6, 63),
(855, '8020', 'พระพรหม   ', 'Phra Phrom', 6, 63),
(856, '8021', 'นบพิตำ   ', 'Nopphitam', 6, 63),
(857, '8022', 'ช้างกลาง   ', 'Chang Klang', 6, 63),
(858, '8023', 'เฉลิมพระเกียรติ   ', 'Chaloem Phra Kiat', 6, 63),
(859, '8051', 'เชียรใหญ่ (สาขาตำบลเสือหึง)*   ', 'Chian Yai*', 6, 63),
(860, '8052', 'สาขาตำบลสวนหลวง**   ', 'Suan Luang', 6, 63),
(861, '8053', 'ร่อนพิบูลย์ (สาขาตำบลหินตก)*   ', 'Ron Phibun', 6, 63),
(862, '8054', 'หัวไทร (สาขาตำบลควนชะลิก)*   ', 'Hua Sai', 6, 63),
(863, '8055', 'ทุ่งสง (สาขาตำบลกะปาง)*   ', 'Thung Song', 6, 63),
(864, '8101', 'เมืองกระบี่   ', 'Mueang Krabi', 6, 64),
(865, '8102', 'เขาพนม   ', 'Khao Phanom', 6, 64),
(866, '8103', 'เกาะลันตา   ', 'Ko Lanta', 6, 64),
(867, '8104', 'คลองท่อม   ', 'Khlong Thom', 6, 64),
(868, '8105', 'อ่าวลึก   ', 'Ao Luek', 6, 64),
(869, '8106', 'ปลายพระยา   ', 'Plai Phraya', 6, 64),
(870, '8107', 'ลำทับ   ', 'Lam Thap', 6, 64),
(871, '8108', 'เหนือคลอง   ', 'Nuea Khlong', 6, 64),
(872, '8201', 'เมืองพังงา   ', 'Mueang Phang-nga', 6, 65),
(873, '8202', 'เกาะยาว   ', 'Ko Yao', 6, 65),
(874, '8203', 'กะปง   ', 'Kapong', 6, 65),
(875, '8204', 'ตะกั่วทุ่ง   ', 'Takua Thung', 6, 65),
(876, '8205', 'ตะกั่วป่า   ', 'Takua Pa', 6, 65),
(877, '8206', 'คุระบุรี   ', 'Khura Buri', 6, 65),
(878, '8207', 'ทับปุด   ', 'Thap Put', 6, 65),
(879, '8208', 'ท้ายเหมือง   ', 'Thai Mueang', 6, 65),
(880, '8301', 'เมืองภูเก็ต   ', 'Mueang Phuket', 6, 66),
(881, '8302', 'กะทู้   ', 'Kathu', 6, 66),
(882, '8303', 'ถลาง   ', 'Thalang', 6, 66),
(883, '8381', '*ทุ่งคา   ', '*Tung Ka', 6, 66),
(884, '8401', 'เมืองสุราษฎร์ธานี   ', 'Mueang Surat Thani', 6, 67),
(885, '8402', 'กาญจนดิษฐ์   ', 'Kanchanadit', 6, 67),
(886, '8403', 'ดอนสัก   ', 'Don Sak', 6, 67),
(887, '8404', 'เกาะสมุย   ', 'Ko Samui', 6, 67),
(888, '8405', 'เกาะพะงัน   ', 'Ko Pha-ngan', 6, 67),
(889, '8406', 'ไชยา   ', 'Chaiya', 6, 67),
(890, '8407', 'ท่าชนะ   ', 'Tha Chana', 6, 67),
(891, '8408', 'คีรีรัฐนิคม   ', 'Khiri Rat Nikhom', 6, 67),
(892, '8409', 'บ้านตาขุน   ', 'Ban Ta Khun', 6, 67),
(893, '8410', 'พนม   ', 'Phanom', 6, 67),
(894, '8411', 'ท่าฉาง   ', 'Tha Chang', 6, 67),
(895, '8412', 'บ้านนาสาร   ', 'Ban Na San', 6, 67),
(896, '8413', 'บ้านนาเดิม   ', 'Ban Na Doem', 6, 67),
(897, '8414', 'เคียนซา   ', 'Khian Sa', 6, 67),
(898, '8415', 'เวียงสระ   ', 'Wiang Sa', 6, 67),
(899, '8416', 'พระแสง   ', 'Phrasaeng', 6, 67),
(900, '8417', 'พุนพิน   ', 'Phunphin', 6, 67),
(901, '8418', 'ชัยบุรี   ', 'Chai Buri', 6, 67),
(902, '8419', 'วิภาวดี   ', 'Vibhavadi', 6, 67),
(903, '8451', 'เกาะพงัน (สาขาตำบลเกาะเต่า)*   ', 'Ko Pha-ngan', 6, 67),
(904, '8481', '*อ.บ้านดอน  จ.สุราษฎร์ธานี   ', '*Ban Don', 6, 67),
(905, '8501', 'เมืองระนอง   ', 'Mueang Ranong', 6, 68),
(906, '8502', 'ละอุ่น   ', 'La-un', 6, 68),
(907, '8503', 'กะเปอร์   ', 'Kapoe', 6, 68),
(908, '8504', 'กระบุรี   ', 'Kra Buri', 6, 68),
(909, '8505', 'สุขสำราญ   ', 'Suk Samran', 6, 68),
(910, '8601', 'เมืองชุมพร   ', 'Mueang Chumphon', 6, 69),
(911, '8602', 'ท่าแซะ   ', 'Tha Sae', 6, 69),
(912, '8603', 'ปะทิว   ', 'Pathio', 6, 69),
(913, '8604', 'หลังสวน   ', 'Lang Suan', 6, 69),
(914, '8605', 'ละแม   ', 'Lamae', 6, 69),
(915, '8606', 'พะโต๊ะ   ', 'Phato', 6, 69),
(916, '8607', 'สวี   ', 'Sawi', 6, 69),
(917, '8608', 'ทุ่งตะโก   ', 'Thung Tako', 6, 69),
(918, '9001', 'เมืองสงขลา   ', 'Mueang Songkhla', 6, 70),
(919, '9002', 'สทิงพระ   ', 'Sathing Phra', 6, 70),
(920, '9003', 'จะนะ   ', 'Chana', 6, 70),
(921, '9004', 'นาทวี   ', 'Na Thawi', 6, 70),
(922, '9005', 'เทพา   ', 'Thepha', 6, 70),
(923, '9006', 'สะบ้าย้อย   ', 'Saba Yoi', 6, 70),
(924, '9007', 'ระโนด   ', 'Ranot', 6, 70),
(925, '9008', 'กระแสสินธุ์   ', 'Krasae Sin', 6, 70),
(926, '9009', 'รัตภูมิ   ', 'Rattaphum', 6, 70),
(927, '9010', 'สะเดา   ', 'Sadao', 6, 70),
(928, '9011', 'หาดใหญ่   ', 'Hat Yai', 6, 70),
(929, '9012', 'นาหม่อม   ', 'Na Mom', 6, 70),
(930, '9013', 'ควนเนียง   ', 'Khuan Niang', 6, 70),
(931, '9014', 'บางกล่ำ   ', 'Bang Klam', 6, 70),
(932, '9015', 'สิงหนคร   ', 'Singhanakhon', 6, 70),
(933, '9016', 'คลองหอยโข่ง   ', 'Khlong Hoi Khong', 6, 70),
(934, '9077', 'ท้องถิ่นเทศบาลตำบลสำนักขาม   ', 'Sum Nung Kam', 6, 70),
(935, '9096', 'เทศบาลตำบลบ้านพรุ*   ', 'Ban Pru*', 6, 70),
(936, '9101', 'เมืองสตูล   ', 'Mueang Satun', 6, 71),
(937, '9102', 'ควนโดน   ', 'Khuan Don', 6, 71),
(938, '9103', 'ควนกาหลง   ', 'Khuan Kalong', 6, 71),
(939, '9104', 'ท่าแพ   ', 'Tha Phae', 6, 71),
(940, '9105', 'ละงู   ', 'La-ngu', 6, 71),
(941, '9106', 'ทุ่งหว้า   ', 'Thung Wa', 6, 71),
(942, '9107', 'มะนัง   ', 'Manang', 6, 71),
(943, '9201', 'เมืองตรัง   ', 'Mueang Trang', 6, 72),
(944, '9202', 'กันตัง   ', 'Kantang', 6, 72),
(945, '9203', 'ย่านตาขาว   ', 'Yan Ta Khao', 6, 72),
(946, '9204', 'ปะเหลียน   ', 'Palian', 6, 72),
(947, '9205', 'สิเกา   ', 'Sikao', 6, 72),
(948, '9206', 'ห้วยยอด   ', 'Huai Yot', 6, 72),
(949, '9207', 'วังวิเศษ   ', 'Wang Wiset', 6, 72),
(950, '9208', 'นาโยง   ', 'Na Yong', 6, 72),
(951, '9209', 'รัษฎา   ', 'Ratsada', 6, 72),
(952, '9210', 'หาดสำราญ   ', 'Hat Samran', 6, 72),
(953, '9251', 'อำเภอเมืองตรัง(สาขาคลองเต็ง)**   ', 'Mueang Trang(Krong Teng)**', 6, 72),
(954, '9301', 'เมืองพัทลุง   ', 'Mueang Phatthalung', 6, 73),
(955, '9302', 'กงหรา   ', 'Kong Ra', 6, 73),
(956, '9303', 'เขาชัยสน   ', 'Khao Chaison', 6, 73),
(957, '9304', 'ตะโหมด   ', 'Tamot', 6, 73),
(958, '9305', 'ควนขนุน   ', 'Khuan Khanun', 6, 73),
(959, '9306', 'ปากพะยูน   ', 'Pak Phayun', 6, 73),
(960, '9307', 'ศรีบรรพต   ', 'Si Banphot', 6, 73),
(961, '9308', 'ป่าบอน   ', 'Pa Bon', 6, 73),
(962, '9309', 'บางแก้ว   ', 'Bang Kaeo', 6, 73),
(963, '9310', 'ป่าพะยอม   ', 'Pa Phayom', 6, 73),
(964, '9311', 'ศรีนครินทร์   ', 'Srinagarindra', 6, 73),
(965, '9401', 'เมืองปัตตานี   ', 'Mueang Pattani', 6, 74),
(966, '9402', 'โคกโพธิ์   ', 'Khok Pho', 6, 74),
(967, '9403', 'หนองจิก   ', 'Nong Chik', 6, 74),
(968, '9404', 'ปะนาเระ   ', 'Panare', 6, 74),
(969, '9405', 'มายอ   ', 'Mayo', 6, 74),
(970, '9406', 'ทุ่งยางแดง   ', 'Thung Yang Daeng', 6, 74),
(971, '9407', 'สายบุรี   ', 'Sai Buri', 6, 74),
(972, '9408', 'ไม้แก่น   ', 'Mai Kaen', 6, 74),
(973, '9409', 'ยะหริ่ง   ', 'Yaring', 6, 74),
(974, '9410', 'ยะรัง   ', 'Yarang', 6, 74),
(975, '9411', 'กะพ้อ   ', 'Kapho', 6, 74),
(976, '9412', 'แม่ลาน   ', 'Mae Lan', 6, 74),
(977, '9501', 'เมืองยะลา   ', 'Mueang Yala', 6, 75),
(978, '9502', 'เบตง   ', 'Betong', 6, 75),
(979, '9503', 'บันนังสตา   ', 'Bannang Sata', 6, 75),
(980, '9504', 'ธารโต   ', 'Than To', 6, 75),
(981, '9505', 'ยะหา   ', 'Yaha', 6, 75),
(982, '9506', 'รามัน   ', 'Raman', 6, 75),
(983, '9507', 'กาบัง   ', 'Kabang', 6, 75),
(984, '9508', 'กรงปินัง   ', 'Krong Pinang', 6, 75),
(985, '9601', 'เมืองนราธิวาส   ', 'Mueang Narathiwat', 6, 76),
(986, '9602', 'ตากใบ   ', 'Tak Bai', 6, 76),
(987, '9603', 'บาเจาะ   ', 'Bacho', 6, 76),
(988, '9604', 'ยี่งอ   ', 'Yi-ngo', 6, 76),
(989, '9605', 'ระแงะ   ', 'Ra-ngae', 6, 76),
(990, '9606', 'รือเสาะ   ', 'Rueso', 6, 76),
(991, '9607', 'ศรีสาคร   ', 'Si Sakhon', 6, 76),
(992, '9608', 'แว้ง   ', 'Waeng', 6, 76),
(993, '9609', 'สุคิริน   ', 'Sukhirin', 6, 76),
(994, '9610', 'สุไหงโก-ลก   ', 'Su-ngai Kolok', 6, 76),
(995, '9611', 'สุไหงปาดี   ', 'Su-ngai Padi', 6, 76),
(996, '9612', 'จะแนะ   ', 'Chanae', 6, 76),
(997, '9613', 'เจาะไอร้อง   ', 'Cho-airong', 6, 76),
(998, '9681', '*อ.บางนรา  จ.นราธิวาส   ', '*Bang Nra', 6, 76);

-- --------------------------------------------------------

--
-- Table structure for table `banner_count`
--

CREATE TABLE IF NOT EXISTS `banner_count` (
  `id` int(11) NOT NULL auto_increment,
  `refname` varchar(64) NOT NULL,
  `refurl` varchar(255) NOT NULL,
  `ipaddr` varchar(32) NOT NULL,
  `datetimestamp` datetime NOT NULL,
  `building_site_id` int(11) NOT NULL,
  PRIMARY KEY  (`id`)
) ENGINE=InnoDB  DEFAULT CHARSET=utf8 AUTO_INCREMENT=74 ;

--
-- Dumping data for table `banner_count`
--

INSERT INTO `banner_count` (`id`, `refname`, `refurl`, `ipaddr`, `datetimestamp`, `building_site_id`) VALUES
(30, 'buildingRecom', 'http://dev.sourcecode.co.th/findtheroom/web/app_dev.php/', '180.183.98.149', '2012-10-09 10:13:27', 2),
(31, 'buildingRecom', 'http://dev.sourcecode.co.th/findtheroom/web/app_dev.php', '180.183.98.149', '2012-10-09 14:04:00', 4),
(32, 'buildingRecom', 'http://dev.sourcecode.co.th/findtheroom/web/app_dev.php/', '180.183.98.149', '2012-10-09 14:07:29', 2),
(33, 'buildingRecom', 'http://dev.sourcecode.co.th/findtheroom/web/app_dev.php/', '180.183.98.149', '2012-10-09 14:07:40', 3),
(34, 'buildingRecom', 'http://dev.sourcecode.co.th/findtheroom/web/app_dev.php/detail/3/%E0%B8%81%E0%B8%A3%E0%B8%B8%E0%B8%87%E0%B9%80%E0%B8%97%E0%B8%9E%E0%B8%A1%E0%B8%AB%E0%B8%B2%E0%B8%99%E0%B8%84%E0%B8%A3%20%20%20/%E0%B9%80%E0%B8%82%E0%B8%95%E0%B8%9E%E0%B8%A3%E0%B8%B0%E0%B8%99', '180.183.98.149', '2012-10-09 14:07:58', 9),
(35, 'buildingRecom', 'http://dev.sourcecode.co.th/findtheroom/web/app_dev.php/detail/9/%E0%B8%81%E0%B8%A3%E0%B8%B8%E0%B8%87%E0%B9%80%E0%B8%97%E0%B8%9E%E0%B8%A1%E0%B8%AB%E0%B8%B2%E0%B8%99%E0%B8%84%E0%B8%A3%20%20%20/%E0%B9%80%E0%B8%82%E0%B8%95%E0%B8%9E%E0%B8%A3%E0%B8%B0%E0%B8%99', '180.183.98.149', '2012-10-09 14:08:08', 6),
(36, 'buildingRecom', 'http://dev.sourcecode.co.th/findtheroom/web/app_dev.php/detail/1/%E0%B8%81%E0%B8%A3%E0%B8%B8%E0%B8%87%E0%B9%80%E0%B8%97%E0%B8%9E%E0%B8%A1%E0%B8%AB%E0%B8%B2%E0%B8%99%E0%B8%84%E0%B8%A3%20%20%20/%E0%B9%80%E0%B8%82%E0%B8%95%E0%B8%9E%E0%B8%A3%E0%B8%B0%E0%B8%99', '180.183.98.149', '2012-10-09 15:57:24', 2),
(37, 'buildingRecom', 'http://dev.sourcecode.co.th/findtheroom/web/app_dev.php/', '180.183.98.149', '2012-10-09 15:57:42', 1),
(38, 'buildingRecom', 'http://dev.sourcecode.co.th/findtheroom/web/app_dev.php/', '180.183.98.149', '2012-10-09 17:35:27', 2),
(39, 'buildingRecom', 'http://dev.sourcecode.co.th/findtheroom/web/app_dev.php/', '180.183.98.149', '2012-10-09 17:42:35', 2),
(40, 'buildingRecom', 'http://dev.sourcecode.co.th/findtheroom/web/app_dev.php/', '180.183.98.149', '2012-10-09 17:51:44', 3),
(41, 'buildingRecom', 'http://dev.sourcecode.co.th/findtheroom/web/app_dev.php/', '180.183.98.149', '2012-10-10 09:08:41', 2),
(42, 'buildingsite', 'http://dev.sourcecode.co.th/findtheroom/web/app_dev.php/list?searchType=txtSearch', '180.183.98.149', '2012-10-10 09:23:29', 1),
(43, 'buildingsite', 'http://dev.sourcecode.co.th/findtheroom/web/app_dev.php/list?searchType=txtSearch', '180.183.98.149', '2012-10-10 09:44:56', 9),
(44, 'buildingRecom', 'http://dev.sourcecode.co.th/findtheroom/web/app_dev.php/detail/9/%E0%B8%81%E0%B8%A3%E0%B8%B8%E0%B8%87%E0%B9%80%E0%B8%97%E0%B8%9E%E0%B8%A1%E0%B8%AB%E0%B8%B2%E0%B8%99%E0%B8%84%E0%B8%A3%20%20%20/%E0%B9%80%E0%B8%82%E0%B8%95%E0%B8%9E%E0%B8%A3%E0%B8%B0%E0%B8%99', '180.183.98.149', '2012-10-10 09:45:04', 2),
(45, 'buildingRecom', 'http://dev.sourcecode.co.th/findtheroom/web/app_dev.php/detail/2/%E0%B8%81%E0%B8%A3%E0%B8%B8%E0%B8%87%E0%B9%80%E0%B8%97%E0%B8%9E%E0%B8%A1%E0%B8%AB%E0%B8%B2%E0%B8%99%E0%B8%84%E0%B8%A3%20%20%20/%E0%B9%80%E0%B8%82%E0%B8%95%E0%B8%9E%E0%B8%A3%E0%B8%B0%E0%B8%99', '180.183.98.149', '2012-10-10 09:45:25', 9),
(46, 'buildingRecom', 'http://dev.sourcecode.co.th/findtheroom/web/app_dev.php/detail/9/%E0%B8%81%E0%B8%A3%E0%B8%B8%E0%B8%87%E0%B9%80%E0%B8%97%E0%B8%9E%E0%B8%A1%E0%B8%AB%E0%B8%B2%E0%B8%99%E0%B8%84%E0%B8%A3%20%20%20/%E0%B9%80%E0%B8%82%E0%B8%95%E0%B8%9E%E0%B8%A3%E0%B8%B0%E0%B8%99', '180.183.98.149', '2012-10-10 09:45:29', 1),
(47, 'buildingRecom', 'http://dev.sourcecode.co.th/findtheroom/web/app_dev.php/list?searchType=txtSearch', '180.183.98.149', '2012-10-10 09:48:34', 2),
(48, 'buildingRecom', 'http://dev.sourcecode.co.th/findtheroom/web/app_dev.php/list?searchType=txtSearch', '180.183.98.149', '2012-10-10 13:41:27', 2),
(49, 'buildingRecom', 'http://dev.sourcecode.co.th/findtheroom/web/app_dev.php/detail/2/%E0%B8%81%E0%B8%A3%E0%B8%B8%E0%B8%87%E0%B9%80%E0%B8%97%E0%B8%9E%E0%B8%A1%E0%B8%AB%E0%B8%B2%E0%B8%99%E0%B8%84%E0%B8%A3%20%20%20/%E0%B9%80%E0%B8%82%E0%B8%95%E0%B8%9E%E0%B8%A3%E0%B8%B0%E0%B8%99', '180.183.98.149', '2012-10-10 13:43:48', 5),
(50, 'buildingRecom', 'http://dev.sourcecode.co.th/findtheroom/web/app_dev.php/detail/5/%E0%B8%81%E0%B8%A3%E0%B8%B8%E0%B8%87%E0%B9%80%E0%B8%97%E0%B8%9E%E0%B8%A1%E0%B8%AB%E0%B8%B2%E0%B8%99%E0%B8%84%E0%B8%A3%20%20%20/%E0%B9%80%E0%B8%82%E0%B8%95%E0%B8%9E%E0%B8%A3%E0%B8%B0%E0%B8%99', '180.183.98.149', '2012-10-10 13:43:53', 6),
(51, 'buildingRecom', 'http://dev.sourcecode.co.th/findtheroom/web/app_dev.php/', '180.183.98.149', '2012-10-10 15:21:47', 6),
(52, 'buildingRecom', 'http://dev.sourcecode.co.th/findtheroom/web/app_dev.php/detail/6/%E0%B8%81%E0%B8%A3%E0%B8%B8%E0%B8%87%E0%B9%80%E0%B8%97%E0%B8%9E%E0%B8%A1%E0%B8%AB%E0%B8%B2%E0%B8%99%E0%B8%84%E0%B8%A3%20%20%20/%E0%B9%80%E0%B8%82%E0%B8%95%E0%B8%9E%E0%B8%A3%E0%B8%B0%E0%B8%99', '180.183.98.149', '2012-10-10 15:21:56', 6),
(53, 'buildingRecom', 'http://dev.sourcecode.co.th/findtheroom/web/app_dev.php/detail/6/%E0%B8%81%E0%B8%A3%E0%B8%B8%E0%B8%87%E0%B9%80%E0%B8%97%E0%B8%9E%E0%B8%A1%E0%B8%AB%E0%B8%B2%E0%B8%99%E0%B8%84%E0%B8%A3%20%20%20/%E0%B9%80%E0%B8%82%E0%B8%95%E0%B8%9E%E0%B8%A3%E0%B8%B0%E0%B8%99', '180.183.98.149', '2012-10-10 15:22:01', 1),
(54, 'buildingsite', 'http://dev.sourcecode.co.th/findtheroom/web/app_dev.php/list?searchType=txtSearch', '58.11.113.52', '2012-10-10 20:51:16', 1),
(55, 'buildingsite', 'http://dev.sourcecode.co.th/findtheroom/web/app_dev.php/list?searchType=txtSearch', '180.183.98.149', '2012-10-11 09:05:42', 1),
(56, 'buildingRecom', 'http://dev.sourcecode.co.th/findtheroom/web/app_dev.php/search', '180.183.119.240', '2012-11-30 11:34:06', 1),
(57, 'buildingRecom', 'http://dev.sourcecode.co.th/findtheroom/web/search', '183.89.154.152', '2013-02-11 19:11:50', 9),
(58, 'buildingRecom', 'http://dev.sourcecode.co.th/findtheroom/web/', '180.183.132.161', '2013-02-12 10:00:10', 1),
(59, 'buildingRecom', 'http://dev.sourcecode.co.th/findtheroom/web/', '180.183.132.161', '2013-02-12 13:32:02', 2),
(60, 'buildingRecom', 'http://dev.sourcecode.co.th/findtheroom/web/', '180.183.132.161', '2013-02-12 13:33:34', 2),
(61, 'buildingRecom', 'http://dev.sourcecode.co.th/findtheroom/web/', '183.89.149.14', '2013-02-18 18:52:18', 4),
(62, 'buildingRecom', 'http://dev.sourcecode.co.th/findtheroom/web/', '183.89.149.14', '2013-02-19 16:18:05', 4),
(63, 'buildingRecom', 'http://dev.sourcecode.co.th/findtheroom/web/', '183.89.154.196', '2013-02-25 10:20:20', 4),
(64, 'buildingRecom', 'http://dev.sourcecode.co.th/findtheroom/web/', '183.89.154.196', '2013-02-25 10:28:13', 2),
(65, 'buildingRecom', 'http://dev.sourcecode.co.th/findtheroom/web/', '180.183.102.174', '2013-02-27 14:06:03', 1),
(66, 'buildingRecom', 'http://dev.sourcecode.co.th/findtheroom/web/', '180.183.243.214', '2013-02-28 11:03:04', 2),
(67, 'buildingsite', 'http://dev.sourcecode.co.th/findtheroom/web/list?searchType=shortSearch', '180.183.243.214', '2013-02-28 11:18:18', 2),
(68, 'buildingRecom', 'http://dev.sourcecode.co.th/findtheroom/web/', '180.183.243.214', '2013-02-28 17:45:22', 9),
(69, 'buildingRecom', 'http://dev.sourcecode.co.th/findtheroom/web/', '180.183.243.214', '2013-02-28 17:48:29', 2),
(70, 'buildingRecom', 'http://dev.sourcecode.co.th/findtheroom/web/', '180.183.243.214', '2013-02-28 17:48:37', 1),
(71, 'buildingRecom', 'http://dev.sourcecode.co.th/findtheroom/web/', '180.183.243.214', '2013-02-28 17:48:49', 3),
(72, 'buildingsite', 'http://dev.sourcecode.co.th/findtheroom/web/list?searchType=shortSearch', '180.183.243.214', '2013-02-28 19:03:16', 3),
(73, 'buildingRecom', 'http://dev.sourcecode.co.th/findtheroom/web/list?searchType=fullSearch', '180.183.243.214', '2013-02-28 19:18:19', 5);

-- --------------------------------------------------------

--
-- Table structure for table `building_site`
--

CREATE TABLE IF NOT EXISTS `building_site` (
  `id` int(11) NOT NULL auto_increment,
  `building_name` varchar(255) NOT NULL,
  `building_address` longtext NOT NULL,
  `start_price` double NOT NULL,
  `end_price` double NOT NULL,
  `phone_number` varchar(127) NOT NULL,
  `publish` int(11) default NULL,
  `datetimestamp` datetime default NULL,
  `lastupdate` datetime default NULL,
  `userupdate` varchar(127) default NULL,
  `latitude` varchar(127) default NULL,
  `longitude` varchar(127) default NULL,
  `recommend` tinyint(1) default NULL,
  `building_type_id` int(11) NOT NULL,
  `zone_id` int(11) default NULL,
  `pay_type_id` int(11) NOT NULL,
  `user_owner_id` int(11) NOT NULL,
  `deleted` tinyint(1) default NULL,
  `detail` longtext,
  `contact_name` varchar(127) NOT NULL,
  `contact_email` varchar(127) NOT NULL,
  `website` varchar(127) default NULL,
  `month_stay` varchar(127) NOT NULL,
  `water_unit` double NOT NULL,
  `electricity_unit` double NOT NULL,
  `internet_price` double default NULL,
  `googlemap_url` varchar(255) default NULL,
  `addr_number` varchar(127) default NULL,
  `addr_prefecture` varchar(127) default NULL,
  `addr_province` varchar(127) default NULL,
  `addr_zipcode` varchar(10) default NULL,
  `nearly_place` varchar(255) default NULL,
  `slug` varchar(255) NOT NULL,
  PRIMARY KEY  (`id`)
) ENGINE=InnoDB  DEFAULT CHARSET=utf8 AUTO_INCREMENT=226 ;

--
-- Dumping data for table `building_site`
--

INSERT INTO `building_site` (`id`, `building_name`, `building_address`, `start_price`, `end_price`, `phone_number`, `publish`, `datetimestamp`, `lastupdate`, `userupdate`, `latitude`, `longitude`, `recommend`, `building_type_id`, `zone_id`, `pay_type_id`, `user_owner_id`, `deleted`, `detail`, `contact_name`, `contact_email`, `website`, `month_stay`, `water_unit`, `electricity_unit`, `internet_price`, `googlemap_url`, `addr_number`, `addr_prefecture`, `addr_province`, `addr_zipcode`, `nearly_place`, `slug`) VALUES
(1, 'Supakorn', '100/8 ซ.มหาวิทยาลัยหอการค้าไทย ถ.วิภาวดีรังสิต แขวงดินแดง เขตดินแดง กทม. 10400', 2000, 7000, '089-253-9595', 1, NULL, NULL, NULL, '13.777405', '100.557777', 1, 1, 9, 3, 1, 0, 'Test', 'คุณ จุฑาภรณ์', 'test@test.com', 'http://www.google.co.th', 'test', 5, 8, 200, NULL, NULL, '1', NULL, '11000', 'nearly_place', 'Supakorn'),
(2, 'BaanSaranNuch', '2 สุขุมวิท 75/1 ถ.สุขุมวิท พระโขนงเหนือ วัฒนา กรุงเทพฯ 10260', 2000, 7000, '09-1395218', 1, NULL, NULL, NULL, '13.709967', '100.599805', 1, 1, 9, 1, 1, 0, 'Test', 'คุณเต้น(การเงิน)', 'test@test.com', 'http://www.google.co.th', 'test', 5, 8, 200, NULL, NULL, '1', NULL, NULL, 'หลังตึกไทยประกัน, ติด', 'BaanSaranNuch'),
(3, 'Disaporn', 'ซ.สุขุมวิท 91 ถนนสุขุมวิท', 2000, 7000, '02-3320723 office081341577*', 0, NULL, NULL, NULL, '13.701402', '100.608369', 1, 1, 9, 1, 1, 0, 'Test', 'คุณอาน้อย', 'test@test.com', 'http://www.google.co.th', 'test', 5, 8, 200, NULL, NULL, '1', '1', NULL, 'nearly_place', 'Disaporn'),
(4, 'Thanarom', '252 ซ.หอการค้าไทย ถ.วิภาวดีรังสิต แขวงดินแดง เขตดินแดง กรุงเทพฯ 10400', 2000, 7000, '081-6465717,087-0913959*คุณนงนุช', 0, NULL, NULL, NULL, '13.774712', '100.558934', 1, 1, 9, 1, 1, 0, 'Test', 'คุณป้า,คุณประวัติ(เจ้าของ)', 'test@test.com', 'http://www.google.co.th', 'test', 5, 8, 200, NULL, NULL, '1', '1', NULL, 'nearly_place', 'Thanarom'),
(5, 'Win House', 'สวนหลวง ร.9, 88/1-2 ซ.เฉลิมพระเกียรติ ร.9 ซ.32 แขวงหนองบอน เขตประเวศ กทม.10250', 2000, 7000, '084-449-5595', 0, NULL, NULL, NULL, '13.68602', '100.66842', 1, 1, 9, 1, 1, 0, 'Test', 'คุณ เจี๊ยบ', 'test@test.com', 'http://www.google.co.th', 'test', 5, 8, 200, NULL, NULL, '1', '1', '', 'nearly_place', 'Win-House'),
(6, 'Mameaw', '302 ม.6 ซ.พหลโยธิน 55 แขวงอนุสาวรีย์ เขตบางเขน กทม. 10220', 2000, 7000, '087-114-5777', 0, NULL, NULL, NULL, '13.871309', '100.59258', 1, 1, 9, 1, 1, 0, 'Test', 'คุณ มะเหมี่ยว', 'test@test.com', 'http://www.google.co.th', 'test', 5, 8, 200, NULL, NULL, '1', '1', NULL, 'nearly_place', 'Mameaw'),
(7, 'BaanTaBaanYay', '9/62 ม.5 คลองหนึ่ง คลองหลวง ปทุมธานี', 2000, 7000, '081-9110783', 0, NULL, NULL, NULL, '14.0409', '100.61723', 1, 1, 9, 1, 1, 0, 'Test', '029021050-9 ต่อ 1109 ', 'test@test.com', 'http://www.google.co.th', 'test', 5, 8, 200, NULL, NULL, '1', '1', NULL, 'nearly_place', 'BaanTaBaanYay'),
(8, 'KP Apartment', 'มหาวิทยาลัยหอการค้า', 2000, 7000, '084-159-0122', 0, NULL, NULL, NULL, '13.776234', '100.558527', NULL, 1, 9, 1, 1, 0, 'Test', 'คุณ วี่', 'test@test.com', 'http://www.google.co.th', 'test', 5, 8, 200, NULL, NULL, NULL, NULL, NULL, 'nearly_place', ''),
(9, 'M.B.House', '125/24 ถนน หลวงแพ่ง. แขวง ทับยาว เขต ลาดกระบัง กรุงเทพมหานคร 10520 ', 2000, 7000, '081-4891412', 0, NULL, NULL, NULL, '13.72074', '100.794078', 1, 1, 9, 1, 1, 0, 'Test', 'คุณอาสมบูรณ์', 'test@test.com', 'http://www.google.co.th', 'test', 5, 8, 200, NULL, NULL, '1', '1', NULL, 'nearly_place', 'M.B.House'),
(10, 'Louis', '270/66 ซ.เพิ่มสิน ถ.ประชาสงเคราะห์ แขวงดินแดง เขตดินแดง กทม.10400\r\n(มหาวิทยาลัยหอการค้า(ประตูหลัง)\r\nบ้านเลขที่ 14 อินทมระ 39 แยก 2)', 2000, 7000, '086-3803773', 0, NULL, NULL, NULL, '13.777401', '100.55775', NULL, 1, 9, 1, 1, 0, 'Test', 'คุณสุพจน์', 'test@test.com', 'http://www.google.co.th', 'test', 5, 8, 200, NULL, NULL, NULL, NULL, NULL, 'nearly_place', ''),
(11, 'Tan Internet', 'พหลโยธิน 35', 2000, 7000, 'คุณแบงค์ 09-7719374', 0, NULL, NULL, NULL, '13.777466', '100.557674', 0, 1, 9, 1, 1, 0, 'Test', 'คุณแบงค์ 09-7719374', 'test@test.com', 'http://www.google.co.th', 'test', 5, 8, 200, NULL, NULL, NULL, NULL, NULL, 'nearly_place', ''),
(12, 'Rose House', '384/59 หมู่ 10 ซ.17(บ่อนไก่ 2)\r\nต.หนองปรือ\r\nอ.บางละมุง\r\nจ.ชลบุรี\r\n20260', 2000, 7000, '081-9224154', 0, NULL, NULL, NULL, '12.916909', '100.877956', NULL, 1, 9, 1, 1, 0, 'Test', 'คุณนุ่น', 'test@test.com', 'http://www.google.co.th', 'test', 5, 8, 200, NULL, NULL, NULL, NULL, NULL, 'nearly_place', ''),
(13, 'Felicity', '669 ซ.ลาดพร้าว 101 ลาดพร้าว   วังทองหลาง  วังทองหลาง กรุงเทพมหานคร  ', 2000, 7000, '0816127111คุณปิ๊ด*,คุณปฤณ0816062222', 0, NULL, NULL, NULL, '13.785181', '100.629201', NULL, 1, 9, 1, 1, 0, 'Test', 'คุณสุภาภรณ์(อ.หญิง)081-432-3221', 'test@test.com', 'http://www.google.co.th', 'test', 5, 8, 200, NULL, NULL, NULL, NULL, NULL, 'nearly_place', ''),
(14, 'Sirijuntra', 'โชคชัย 4,  คุณอุษา จิระสิริกุล  68 ซ.บุรีรมย์ ถ.เจริญกรุง แขวงบ้านตรอก เขตป้อมปราบ กทม. 10100', 2000, 7000, 'คุณวรกานต์ 0858166788,083-663-9076 คุณวรพล', 0, NULL, NULL, NULL, '13.80621', '100.59488', NULL, 1, 9, 1, 1, 0, 'Test', '02-933-2199', 'test@test.com', 'http://www.google.co.th', 'test', 5, 8, 200, NULL, NULL, NULL, NULL, NULL, 'nearly_place', ''),
(15, 'Prin House', '5/3 ซ.รามอินทรา 99 แขวงคันนายาว เขตคันนายาว กทม.10230', 2000, 7000, '01-7212592,081-5856100 คุณสมศักดิ์', 0, NULL, NULL, NULL, '13.824422', '100.679913', NULL, 1, 9, 1, 1, 0, 'Test', 'คุณกนก', 'test@test.com', 'http://www.google.co.th', 'test', 5, 8, 200, NULL, NULL, NULL, NULL, NULL, 'nearly_place', ''),
(16, 'Plaifa Place', '50/102 ซ.ลาดพร้าว 114 วังทองหลาง กทม. 10310', 2000, 7000, '0818488458', 0, NULL, NULL, NULL, '13.770472', '100.620621', NULL, 1, 9, 1, 1, 0, 'Test', 'คุณมาร์ 0818488458', 'test@test.com', 'http://www.google.co.th', 'test', 5, 8, 200, NULL, NULL, NULL, NULL, NULL, 'nearly_place', ''),
(17, 'J.W. Aurum Place', 'ลาดพร้าว 124', 2000, 7000, 'คุณหน่อย(การเงิน) 013267500', 0, NULL, NULL, NULL, '13.7721', '100.62502', NULL, 1, 9, 1, 1, 0, 'Test', 'คุณวิฑูร 01-6260141', 'test@test.com', 'http://www.google.co.th', 'test', 5, 8, 200, NULL, NULL, NULL, NULL, NULL, 'nearly_place', ''),
(18, 'Baan Porntawee', '270/65 ซ.เพิ่มสิน ถ.ประชาสงเคราะห์ ดินแดง กทม. 10400 (มหาวิทยาลัยหอการค้า (ประตูหลัง))', 2000, 7000, '081-564-9338 คุณสุวิทย์ ,080-2361666', 0, NULL, NULL, NULL, '13.778537', '100.563194', NULL, 1, 9, 1, 1, 0, 'Test', 'คุณสุวิทย์', 'test@test.com', 'http://www.google.co.th', 'test', 5, 8, 200, NULL, NULL, NULL, NULL, NULL, 'nearly_place', ''),
(19, 'P.A. House', '7/1 ถ.สามเสน ซ.5 แขวงสามพระยา เขตพระนคร กทม.10200', 2000, 7000, '01-9481250', 0, NULL, NULL, NULL, '13.766857', '100.621283', NULL, 1, 9, 1, 1, 0, 'Test', 'คุณปริพันธ์ (แม่บ้านคน reset 086-0868313)', 'test@test.com', 'http://www.google.co.th', 'test', 5, 8, 200, NULL, NULL, NULL, NULL, NULL, 'nearly_place', ''),
(20, 'Delicate', '355 ซ.วิภาวดี 20 แขวงจอมพล เขตจตุจักร กทม.10900 (ซอยหลังการบินไทย)', 2000, 7000, '081-5544745', 0, NULL, NULL, NULL, '13.777264', '100.558146', NULL, 1, 9, 1, 1, 0, 'Test', 'คุณหมวย', 'test@test.com', 'http://www.google.co.th', 'test', 5, 8, 200, NULL, NULL, NULL, NULL, NULL, 'nearly_place', ''),
(21, 'Premier Living Place', '76/1 ถ.ประชาธิปไตย แขวงบ้านพานธม เขตพระนคร กทม. 10110 (ตรงข้ามวัดตรีทศเทพ)', 2000, 7000, '081-930-4670', 0, NULL, NULL, NULL, '13.761449', '100.503795', NULL, 1, 9, 1, 1, 0, 'Test', 'คุณสุรชัย', 'test@test.com', 'http://www.google.co.th', 'test', 5, 8, 200, NULL, NULL, NULL, NULL, NULL, 'nearly_place', ''),
(22, 'KulKanok', '69/2 ซ.ลาดพร้าว 81 ถ.ลาดพร้าว แขวงวังทองหลาง เขตวังทองหลาง กทม. 10310\r\n(ซอยบิ๊กซีลาดพร้าว)', 2000, 7000, '089-1041845', 0, NULL, NULL, NULL, '13.78733', '100.61183', NULL, 1, 9, 1, 1, 0, 'Test', 'บุญจันทร์', 'test@test.com', 'http://www.google.co.th', 'test', 5, 8, 200, NULL, NULL, NULL, NULL, NULL, 'nearly_place', ''),
(23, 'Sukhontatarm', '130/137 ซ.เรวดี 12 ต.ตลาดขวัญ อ.เมือง จ.นนทบุรี  11000', 2000, 7000, 'คุณสุอนงค์ 084-421-7435,086-888-7848**', 0, NULL, NULL, NULL, '13.85653', '100.512539', NULL, 1, 9, 1, 1, 0, 'Test', 'คุณสุอนงค์', 'test@test.com', 'http://www.google.co.th', 'test', 5, 8, 200, NULL, NULL, NULL, NULL, NULL, 'nearly_place', ''),
(24, 'Phupathong', 'บ.เคทีเจ จัดการธุรกิจ จำกัด\r\n115/2 ม.6  ถ.หหลโยธิน ต.เชียงรากน้อย อ.บางปะอิน จ.พระนครศรีอยุธยา 13180', 2000, 7000, '0858400088 คุณนก*', 0, NULL, NULL, NULL, '14.139578', '100.618795', NULL, 1, 9, 1, 1, 0, 'Test', 'คุณกำพล', 'test@test.com', 'http://www.google.co.th', 'test', 5, 8, 200, NULL, NULL, NULL, NULL, NULL, 'nearly_place', ''),
(25, 'Chareeyapa Place', '4/2 ซ.ลาดพร้าว 40 ถ.ลาดพร้าว แขวงจันทรเกษม จตุจักร กรุงเทพฯ 10900', 2000, 7000, '081-866-3987', 0, NULL, NULL, NULL, '13.8023', '100.57909', NULL, 1, 9, 1, 1, 0, 'Test', 'คุณวารี', 'test@test.com', 'http://www.google.co.th', 'test', 5, 8, 200, NULL, NULL, NULL, NULL, NULL, 'nearly_place', ''),
(26, '555 Mansion', '555 ซ.พหลโยธิน 30 จันทรเกษม จตุจักร กทม. 10900', 2000, 7000, '081-6263442 คุณฟ้า', 0, NULL, NULL, NULL, '13.829088', '100.576022', NULL, 1, 9, 1, 1, 0, 'Test', 'คุณเยาวรัตน์ เตมีศรีสุข', 'test@test.com', 'http://www.google.co.th', 'test', 5, 8, 200, NULL, NULL, NULL, NULL, NULL, 'nearly_place', ''),
(27, 'Polaphat', '51/29 ซ.ลาดพร้าว 40 ถ.ลาดพร้าว แขวงจันทรเกษม จตุจักร กรุงเทพฯ 10900', 2000, 7000, '089-7750398,0863096398 คุณสุวรรณี', 0, NULL, NULL, NULL, '13.80189', '100.57897', NULL, 1, 9, 1, 1, 0, 'Test', 'คุณเผด็จ', 'test@test.com', 'http://www.google.co.th', 'test', 5, 8, 200, NULL, NULL, NULL, NULL, NULL, 'nearly_place', ''),
(28, 'Casa Mansion', 'รามคำแหง , 11/96 การเคหะคลองจั่น แขวงคลองจั่น เขตบางกะปิ กทม. 10240', 2000, 7000, 'คุณวัชรพงษ์ 0867030252', 0, NULL, NULL, NULL, '13.756171', '100.63019', NULL, 1, 9, 1, 1, 0, 'Test', 'คุณเตียง', 'test@test.com', 'http://www.google.co.th', 'test', 5, 8, 200, NULL, NULL, NULL, NULL, NULL, 'nearly_place', ''),
(29, 'M Mansion', 'พหลโยธิน 40', 2000, 7000, '0840757803', 0, NULL, NULL, NULL, '13.84319', '100.58678', NULL, 1, 9, 1, 1, 0, 'Test', 'คุณเอ็ม อุมาพร มังคลัษเฐียร', 'test@test.com', 'http://www.google.co.th', 'test', 5, 8, 200, NULL, NULL, NULL, NULL, NULL, 'nearly_place', ''),
(30, 'Amarin', 'รัชดา 36 หลัง ม.จันทรเกษม, คุณเอกชัย สำราญอัมรินทร์ 295 ถ.จักรวรรดิ เขตสัมพันธวงศ์ กทม.10100', 2000, 7000, '083-822-1010 คุณสุพาภรณ์', 0, NULL, NULL, NULL, '13.821594', '100.58398', NULL, 1, 9, 1, 1, 0, 'Test', 'คุณเปิ้ล', 'test@test.com', 'http://www.google.co.th', 'test', 5, 8, 200, NULL, NULL, NULL, NULL, NULL, 'nearly_place', ''),
(31, 'Koradol', '34/171 ซ.ลาดพร้าว 23 (รัชดา 32) แขวงจันทรเกษม จตุจักร 10900', 2000, 7000, '081-6898520คุณออม', 0, NULL, NULL, NULL, '13.813023', '100.580289', NULL, 1, 9, 1, 1, 0, 'Test', 'คุณกรวรรณ', 'test@test.com', 'http://www.google.co.th', 'test', 5, 8, 200, NULL, NULL, NULL, NULL, NULL, 'nearly_place', ''),
(32, 'Sodsai Apartment', '569/85 ซอยวัดตะพาน ถนนราชปรารภ แขวงมักกะสัน เขตราชเทวี กรุงเทพฯ 10400\r\n(วัดตะพาน ดินแดง)', 2000, 7000, '0878091678 *,080-6075552', 0, NULL, NULL, NULL, '13.76075', '100.54313', NULL, 1, 9, 1, 1, 0, 'Test', 'คุณอัณฐิกา', 'test@test.com', 'http://www.google.co.th', 'test', 5, 8, 200, NULL, NULL, NULL, NULL, NULL, 'nearly_place', ''),
(33, 'P.K. Mansion', '1092 ซ.เทอดไท26 ถ.เทอดไท แขวงตลาดพลู เขตธนบุรี กรุงเทพฯ 10600', 2000, 7000, 'คุณโก้ (เจ้าของ) 0843837337', 0, NULL, NULL, NULL, '13.72125', '100.472671', NULL, 1, 9, 1, 1, 0, 'Test', 'ผู้ดูแลที่อาคาร', 'test@test.com', 'http://www.google.co.th', 'test', 5, 8, 200, NULL, NULL, NULL, NULL, NULL, 'nearly_place', ''),
(34, 'Asia Sakol', '729/1-2 อาคารเอเชียสากลอพาร์ทเมน ซ.สันติคำ2 ถ.สุขุมวิท ต.สำโรงเหนือ อ.เมือง จ.สมุทรปราการ 10270', 2000, 7000, '06-577-0451', 0, NULL, NULL, NULL, '13.65411', '100.60099', NULL, 1, 9, 1, 1, 0, 'Test', 'คุณประทีป 027541571-5 กด 0', 'test@test.com', 'http://www.google.co.th', 'test', 5, 8, 200, NULL, NULL, NULL, NULL, NULL, 'nearly_place', ''),
(35, 'Suthep Mansion', '157 ซ.โชคชัยร่วมมิตร ถ.วิภาวดีรังสิต แขวงดินแดง เขตดินแดง กทม. 10400', 2000, 7000, '0-6568-1817,vchudasring@yahoo.com', 0, NULL, NULL, NULL, '13.795309', '100.568117', NULL, 1, 9, 1, 1, 0, 'Test', 'คุณวิไล', 'test@test.com', 'http://www.google.co.th', 'test', 5, 8, 200, NULL, NULL, NULL, NULL, NULL, 'nearly_place', ''),
(36, 'Grand Place', '78 แกรนด์เพลส ซ.วิภาวดีรังสิต 2 ถ.วิภาวดีรังสิต ดินแดง กทม.', 2000, 7000, '081-4387773', 0, NULL, NULL, NULL, '13.775489', '100.559559', NULL, 1, 9, 1, 1, 0, 'Test', 'คุณ อิทธิพล เลาห์รอดพันธุ์', 'test@test.com', 'http://www.google.co.th', 'test', 5, 8, 200, NULL, NULL, NULL, NULL, NULL, 'nearly_place', ''),
(37, 'WangMookLand', '244/379 ถ.ลงหาดบางแสน ต.แสนสุข อ.เมือง จ.ชลบุรี 20130', 2000, 7000, '086-5064197,083-0178550 ', 0, NULL, NULL, NULL, '13.287251', '100.929955', NULL, 1, 9, 1, 1, 0, 'Test', 'คุณภาวินี', 'test@test.com', 'http://www.google.co.th', 'test', 5, 8, 200, NULL, NULL, NULL, NULL, NULL, 'nearly_place', ''),
(38, 'Narita Apartment', '34/52 หมู่ 10 ซ.เฉลิมพระเกียรติ28 แขวงดอกไม้ เขตประเวศ กรุงเทพ 10250', 2000, 7000, 'คุณผกามนต์ 084-121-1012*,คุณจักรพันธ์ 06-605-5576', 0, NULL, NULL, NULL, '13.67414', '100.67647', NULL, 1, 9, 1, 1, 0, 'Test', 'คุณสุพจน์ 089-770-1861,086-6055576*', 'test@test.com', 'http://www.google.co.th', 'test', 5, 8, 200, NULL, NULL, NULL, NULL, NULL, 'nearly_place', ''),
(39, 'Four Men Mansion', '384/10 หมู่ 10 ซ.บ่อนไก่1 ต.หนองปรีอ อ.บางละมุง จ.ชลบุรี 20260', 2000, 7000, '01-8689128,พี่ชายคุณบิ๊ก 05-9951661', 0, NULL, NULL, NULL, '12.917333', '100.877956', NULL, 1, 9, 1, 1, 0, 'Test', 'คุณบิ๊ก', 'test@test.com', 'http://www.google.co.th', 'test', 5, 8, 200, NULL, NULL, NULL, NULL, NULL, 'nearly_place', ''),
(40, 'Grand Mansion Ladprao', '15 ซ.ลาดพร้าว 35 ถ.ลาดพร้าว \r\nแขวง จันทรเกษม เขต จัตุจักร  กรุงเทพฯ \r\n', 2000, 7000, '081-7037160', 0, NULL, NULL, NULL, '13.804206', '100.582502', NULL, 1, 9, 1, 1, 0, 'Test', 'คุณเมย์', 'test@test.com', 'http://www.google.co.th', 'test', 5, 8, 200, NULL, NULL, NULL, NULL, NULL, 'nearly_place', ''),
(41, 'BaanPanThom', '52/3-9  ตรอกบ้านพานถม ถ.พระสุเมรุ แขวงบ้านพานถม เขตพระนคร กทม. 10200', 2000, 7000, '081-845-0302,086-9075519* คุณโอ๋', 0, NULL, NULL, NULL, '13.777428', '100.557752', NULL, 1, 9, 1, 1, 0, 'Test', 'คุณรุ่งทิพย์ อภิศักดิ์ศิริกุล', 'test@test.com', 'http://www.google.co.th', 'test', 5, 8, 200, NULL, NULL, NULL, NULL, NULL, 'nearly_place', ''),
(42, 'Kittiporn', '63/9 หมู่ที่1 ซ.ติวานนท์ 18 ถ.ติวานนท์ แขวงตลาดขวัญ เขตเมืองนนทบุรี จ.นนทบุรี ', 2000, 7000, '089-922-9394', 0, NULL, NULL, NULL, '13.85739', '100.52217', NULL, 1, 9, 1, 1, 0, 'Test', '089-900-9394  คุณเดียว', 'test@test.com', 'http://www.google.co.th', 'test', 5, 8, 200, NULL, NULL, NULL, NULL, NULL, 'nearly_place', ''),
(43, 'Pratubjai Apartment', '53/32 ซ.วิภาวดี 50 ถ.วิภาวดีรังสิต แขวงลาดยาว เขตจตุจักร กรุงเทพ 10900', 2000, 7000, '084-0921526', 0, NULL, NULL, NULL, '13.844496', '100.561048', NULL, 1, 9, 1, 1, 0, 'Test', 'คุณวรพล บวรวิวรรธน์', 'test@test.com', 'http://www.google.co.th', 'test', 5, 8, 200, NULL, NULL, NULL, NULL, NULL, 'nearly_place', ''),
(44, 'Poonsook', '84 ซ.รามคำแหง51 ถ.รามคำแหง หัวหมาก บางกะปิ กทม.10240', 2000, 7000, '089-813-3470', 0, NULL, NULL, NULL, '13.7609', '100.61791', NULL, 1, 9, 1, 1, 0, 'Test', 'คุณอามีนะ (นะ)', 'test@test.com', 'http://www.google.co.th', 'test', 5, 8, 200, NULL, NULL, NULL, NULL, NULL, 'nearly_place', ''),
(45, 'Nudphob Apartment', '84 (แยก 18) ซอยรามคำแหง 24 หัวหมาก บางกะปิ กทม.10240', 2000, 7000, '086-774-0105', 0, NULL, NULL, NULL, '13.7524', '100.62149', NULL, 1, 9, 1, 1, 0, 'Test', 'คุณยม', 'test@test.com', 'http://www.google.co.th', 'test', 5, 8, 200, NULL, NULL, NULL, NULL, NULL, 'nearly_place', ''),
(46, 'ANJ Place', 'ที่อยู่ 9/2-9/4 ซ.ลาดพร้าว74(สวัสดี)ถ.ลาดพร้าว แขวงวังทองหลาง เขตวังทองหลาง กรุงเทพ 10310', 2000, 7000, '06-8844907', 0, NULL, NULL, NULL, '13.78915', '100.60317', NULL, 1, 9, 1, 1, 0, 'Test', 'คุณจิตตรา นาคกร (เจ้าของ)', 'test@test.com', 'http://www.google.co.th', 'test', 5, 8, 200, NULL, NULL, NULL, NULL, NULL, 'nearly_place', ''),
(47, 'Nuttakarn Apartment', 'ที่อยู่ 25/14 ม.9 ซ.บางแวก 76 ถ.สายบางแวก แขวงบางแวก เขตภาษีเจริญ กรุงเทพ 10160\r\n(จรัญ 13)', 2000, 7000, '089-7689993 คุณพิพัฒน์', 0, NULL, NULL, NULL, '13.738593', '100.43345', NULL, 1, 9, 1, 1, 0, 'Test', 'คุณสุวลักษณ์ (เจ้าของ)', 'test@test.com', 'http://www.google.co.th', 'test', 5, 8, 200, NULL, NULL, NULL, NULL, NULL, 'nearly_place', ''),
(48, 'S.P. Mansion', '179/8 ถ.จรัญสนิทวงศ์ แขวงอรุณอัมรินทร์ เขตบางกอกน้อย กรุงเทพ 10700(ซอยตรงข้ามพาต้าปิ่นเกล้า)', 2000, 7000, '089-7937400', 0, NULL, NULL, NULL, '13.77035', '100.48209', NULL, 1, 9, 1, 1, 0, 'Test', 'คุณสุวิมล พัคค์สุนทร (เจ้าของ)', 'test@test.com', 'http://www.google.co.th', 'test', 5, 8, 200, NULL, NULL, NULL, NULL, NULL, 'nearly_place', ''),
(49, 'Pobsook', '233 อ่อนนุช 70/1 (ซอย ม.บ้านเสรีอ่อนนุช) เขตประเวศ แขวงประเวศ กทม. 10250', 2000, 7000, '081-325-3209', 0, NULL, NULL, NULL, '13.71102', '100.66181', NULL, 1, 9, 1, 1, 0, 'Test', 'คุณเดือนเพ็ญ', 'test@test.com', 'http://www.google.co.th', 'test', 5, 8, 200, NULL, NULL, NULL, NULL, NULL, 'nearly_place', ''),
(50, 'New Spring', '19/98 ม.1 แขวงหนองบอน เขตประเวศ กรุงเทพ 10250\r\n', 2000, 7000, '089-1375668', 0, NULL, NULL, NULL, '13.692294', '100.640109', NULL, 1, 9, 1, 1, 0, 'Test', 'คุณ ฉิ่ง(คุณวิลาวัลย์) เจ้าของ', 'test@test.com', 'http://www.google.co.th', 'test', 5, 8, 200, NULL, NULL, NULL, NULL, NULL, 'nearly_place', ''),
(51, 'Ratchaprarop Tower Mansion', '99 ซอยราชปรารภ 14 ถนนราชปรารภ แขวงมักกะสัน เขตราชเทวี กรุงเทพฯ 10400', 2000, 7000, '081-612-7103', 0, NULL, NULL, NULL, '13.760018', '100.543392', NULL, 1, 9, 1, 1, 0, 'Test', 'คุณป้อม', 'test@test.com', 'http://www.google.co.th', 'test', 5, 8, 200, NULL, NULL, NULL, NULL, NULL, 'nearly_place', ''),
(52, 'Baan Lek Tee 9', '9 ลาดพร้าว 40 จันทรเกษม ลาดพร้าว กรุงเทพฯ 10900', 2000, 7000, '084-1478278 คุณกิมล่าน  ชูบุญ', 0, NULL, NULL, NULL, '133.8019', '100.57897', NULL, 1, 9, 1, 1, 0, 'Test', 'คุณลัดดาวัลย์ สุนทรจิตต์เจริญ', 'test@test.com', 'http://www.google.co.th', 'test', 5, 8, 200, NULL, NULL, NULL, NULL, NULL, 'nearly_place', ''),
(53, 'Poppa Palace', '14,16 ถ.ราชอุทิศ 200 ปี ซ.1 ต.ป่าตอง อ.กระทู้ จ.ภูเก็ต 83150 ', 2000, 7000, '081-8936269', 0, NULL, NULL, NULL, '7.896115', '98.298244', NULL, 1, 9, 1, 1, 0, 'Test', 'Siwat', 'test@test.com', 'http://www.google.co.th', 'test', 5, 8, 200, NULL, NULL, NULL, NULL, NULL, 'nearly_place', ''),
(54, 'BaanSaisiri', '1/1 ซ.ติวานนท์ 44 ถ.ติวานนท์ เมือง นนทบุรี ', 2000, 7000, '081-843-9708', 0, NULL, NULL, NULL, '13.88086', '100.51425', NULL, 1, 9, 1, 1, 0, 'Test', 'คุณสรียา (คุณสี่)', 'test@test.com', 'http://www.google.co.th', 'test', 5, 8, 200, NULL, NULL, NULL, NULL, NULL, 'nearly_place', ''),
(55, 'PakdeePlace', '38/12 ซ.ลาดพร้าว 83 ถ.ลาดพร้าว วังทองหลาง กรุงเทพ 10310', 2000, 7000, '081-6361132, 0824888544 (ญ)', 0, NULL, NULL, NULL, '13.78497', '100.61515', NULL, 1, 9, 1, 1, 0, 'Test', 'ธนวัฒน์', 'test@test.com', 'http://www.google.co.th', 'test', 5, 8, 200, NULL, NULL, NULL, NULL, NULL, 'nearly_place', ''),
(56, 'The Jomtien Twelve', '240/13 หมู่ 12 ถนนเลียบหาดจอมเทียน ต.หนองปรือ อ.บางละมุง จ.ชลบุรี 20150 (ปากซอยพัทยา12)', 2000, 7000, '081-9256554 คุณโดม', 0, NULL, NULL, NULL, '12.881488', '100.882022', NULL, 1, 9, 1, 1, 0, 'Test', 'คุณโดมศักดิ์  กฤตยาหรรษ์', 'test@test.com', 'http://www.google.co.th', 'test', 5, 8, 200, NULL, NULL, NULL, NULL, NULL, 'nearly_place', ''),
(57, 'PC Place', '78 ซ.วิภาวดี 16 แขวงจอมพล เขตจตุจักร กทม.', 2000, 7000, '081-612-6556', 0, NULL, NULL, NULL, '13.79674', '100.56609', NULL, 1, 9, 1, 1, 0, 'Test', 'คุณสุชาติ', 'test@test.com', 'http://www.google.co.th', 'test', 5, 8, 200, NULL, NULL, NULL, NULL, NULL, 'nearly_place', ''),
(58, 'The Color Living Hotel', '2222 ม.7 ถ.เทพารักษ์ อ.เมือง จ.สมุทรปราการ 10270\r\n', 2000, 7000, '089-024-2088 คุณสมศักดิ์', 0, NULL, NULL, NULL, '13.62526', '100.62998', NULL, 1, 9, 1, 1, 0, 'Test', 'คุณน้อย 02-7596565', 'test@test.com', 'http://www.google.co.th', 'test', 5, 8, 200, NULL, NULL, NULL, NULL, NULL, 'nearly_place', ''),
(59, 'Thanyatorn', '8/182 ม.3 ถ.ศรีสมาน ต.บ้านใหม่ อ.ปากเกร็ด จ.นนทบุรี  11120', 2000, 7000, '085-125-0762', 0, NULL, NULL, NULL, '13.93988', '100.8431', NULL, 1, 9, 1, 1, 0, 'Test', 'คุณบอย', 'test@test.com', 'http://www.google.co.th', 'test', 5, 8, 200, NULL, NULL, NULL, NULL, NULL, 'nearly_place', ''),
(60, 'Kanta', '56/17 ซ.นวมินทร์ 70 ถ.นวมินทร์ แขวงคลองกุ่ม แขวงบึงกุ่ม กรุงเทพ 10240', 2000, 7000, '087-1578383,087-1578383 คุณไก่', 0, NULL, NULL, NULL, '13.80955', '100.65834', NULL, 1, 9, 1, 1, 0, 'Test', 'คุณสรายุทธ', 'test@test.com', 'http://www.google.co.th', 'test', 5, 8, 200, NULL, NULL, NULL, NULL, NULL, 'nearly_place', ''),
(61, 'Malai Mansion', '4/8 ซ. ลาดพร้าว40 ถ.ลาดพร้าว\r\nแขวงจันทรเกษม เขตจตุจักร\r\nกรุงเทพฯ 10900', 2000, 7000, '081-8243912,คุณมาลัย 0817559178', 0, NULL, NULL, NULL, '13.80188', '100.57895', NULL, 1, 9, 1, 1, 0, 'Test', 'คุณอนิรุท', 'test@test.com', 'http://www.google.co.th', 'test', 5, 8, 200, NULL, NULL, NULL, NULL, NULL, 'nearly_place', ''),
(62, 'FullHouse', '181 ซ.ประชาสงเคราะห์ 22 ถ.ประชาสงเคราะห์ ดินแดง กทม.10400', 2000, 7000, 'คุณวินัย 0816597997', 0, NULL, NULL, NULL, '13.777397', '100.557765', NULL, 1, 9, 1, 1, 0, 'Test', 'คุณวินัย 0816597997', 'test@test.com', 'http://www.google.co.th', 'test', 5, 8, 200, NULL, NULL, NULL, NULL, NULL, 'nearly_place', ''),
(63, 'Wiliyaphol', 'ตรงข้ามธนารมย์\r\nเลขที่ 79/9 ซ.ม.หอการค้า	ดินแดง 10320', 2000, 7000, '089-6923838', 0, NULL, NULL, NULL, '13.7741', '100.5587', NULL, 1, 9, 1, 1, 0, 'Test', 'คุณเยาวนิตย์ 02-9527747,(เบอร์บ้านเจ้าของ 02-2770483)', 'test@test.com', 'http://www.google.co.th', 'test', 5, 8, 200, NULL, NULL, NULL, NULL, NULL, 'nearly_place', ''),
(64, 'Pennapa', '18 ซ.รามคำแหง 51 (ใกล้ๆพูนสุข) รามคำแหง หัวหมาก บางกะปิ กทม.', 2000, 7000, '086-7030252', 0, NULL, NULL, NULL, '13.76124', '100.61772', NULL, 1, 9, 1, 1, 0, 'Test', 'คุณวัชรพงษ์', 'test@test.com', 'http://www.google.co.th', 'test', 5, 8, 200, NULL, NULL, NULL, NULL, NULL, 'nearly_place', ''),
(65, 'The One', '1 ซ.รามคำแหง 24 หัวหมาก บางกะปิ กรุงเทพ 10240', 2000, 7000, '081-8241234', 0, NULL, NULL, NULL, '13.75388', '100.62445', NULL, 1, 9, 1, 1, 0, 'Test', 'คุณเพชร', 'test@test.com', 'http://www.google.co.th', 'test', 5, 8, 200, NULL, NULL, NULL, NULL, NULL, 'nearly_place', ''),
(66, 'BaanIngNaam', '172 ถ.เลียบคลองรังสิต ต.ประชาธิปัตย์ อ.ธัญบุรี จ.ปทุมธาณี 12130 (รังสิต คลอง 1)', 2000, 7000, '089-8039959', 0, NULL, NULL, NULL, '13.98504', '100.62516', NULL, 1, 9, 1, 1, 0, 'Test', 'คุณธนะพัฒน์  ถึงสุข', 'test@test.com', 'http://www.google.co.th', 'test', 5, 8, 200, NULL, NULL, NULL, NULL, NULL, 'nearly_place', ''),
(67, 'My Home Apartment', '9 ซ.บางนา-ตราด11 ถ.บางนา-ตราด  แขวงบานา เขตบางนา กทม. 10260', 2000, 7000, '081-6387272', 0, NULL, NULL, NULL, '13.61788', '100.61837', NULL, 1, 9, 1, 1, 0, 'Test', 'คุณไพศาล', 'test@test.com', 'http://www.google.co.th', 'test', 5, 8, 200, NULL, NULL, NULL, NULL, NULL, 'nearly_place', ''),
(68, 'P.A. Tower', '29/12 ม.8 แขวงอนุสาวรีย์ เขตบางเขน กรุงเทพ (ซ.พหลโยธิน 46/1)', 2000, 7000, '0877196224', 0, NULL, NULL, NULL, '13.883954', '100.604661', NULL, 1, 9, 1, 1, 0, 'Test', 'คุณหนึ่ง ', 'test@test.com', 'http://www.google.co.th', 'test', 5, 8, 200, NULL, NULL, NULL, NULL, NULL, 'nearly_place', ''),
(69, 'Wanapet', '1854 หมู่7 ซอยศรีมิตร ถนนเทพารักษ์ ตำบลเทพารักษ์ อ.เมืองสมุทรปราการ จ.สมุทรปราการ 10270', 2000, 7000, '089-0042266,081-8253860 คุณกิติ', 0, NULL, NULL, NULL, '13.624122', '100.631704', NULL, 1, 9, 1, 1, 0, 'Test', 'คุณพรทิพา องค์เจริญลาภ', 'test@test.com', 'http://www.google.co.th', 'test', 5, 8, 200, NULL, NULL, NULL, NULL, NULL, 'nearly_place', ''),
(70, 'Mai Mansion', '60 ซ.ลาดพร้าว 55/2 แขวงวังทองหลาง เขตวังทองหลาง กรุงเทพ 10310', 2000, 7000, '081-1336901,0847520995 คุณแหม่ม', 0, NULL, NULL, NULL, '13.79446', '100.59739', NULL, 1, 9, 1, 1, 0, 'Test', 'คุณปู 081-8551047', 'test@test.com', 'http://www.google.co.th', 'test', 5, 8, 200, NULL, NULL, NULL, NULL, NULL, 'nearly_place', ''),
(71, 'Apakorn Apartment (Sasi)', ' 28 ซ.รังสตินครนายก 24 (คลอง 1 สะพานแดง) ต.ประชาธิปปัตย์ อ.ธัญบุรี จ.ปทุมธานี 10230', 2000, 7000, '085-989-1899 คุณพัชรี **', 0, NULL, NULL, NULL, '13.981017', '100.634499', NULL, 1, 9, 1, 1, 0, 'Test', 'คุณพัชรี', 'test@test.com', 'http://www.google.co.th', 'test', 5, 8, 200, NULL, NULL, NULL, NULL, NULL, 'nearly_place', ''),
(72, 'BaanWongsiri', '29/11 ซ.เพชรรัตน์ ถ.ประชาชื่น ต.บางเขน อ.เมือง จ.นนทบุรี ', 2000, 7000, 'คุณนุจรี 089-442-3442', 0, NULL, NULL, NULL, '13.871288', '100.546875', NULL, 1, 9, 1, 1, 0, 'Test', 'คุณเยาวนิตย์ 02-9527747,(เบอร์บ้านเจ้าของ 02-2770483)', 'test@test.com', 'http://www.google.co.th', 'test', 5, 8, 200, NULL, NULL, NULL, NULL, NULL, 'nearly_place', ''),
(73, 'Pithaksup', '428/3 ซ.รามคำแหง 53 แยก 3 แขวง วังทองหลาง กรุงเทพ 10310', 2000, 7000, '087-681-8274', 0, NULL, NULL, NULL, '13.76988', '100.61978', NULL, 1, 9, 1, 1, 0, 'Test', 'คุณเรียม(เจ้าของ)', 'test@test.com', 'http://www.google.co.th', 'test', 5, 8, 200, NULL, NULL, NULL, NULL, NULL, 'nearly_place', ''),
(74, 'The Roomie', '12/1 ปฎิพัทธ์ ซ.10  (ซ.ประชานิมิตร) สามเสนใน พญาไท กรุงเทพฯ 10400', 2000, 7000, '085-161-1818 คุณวรุฒ, 081-637-9587 คุณทัศนี', 0, NULL, NULL, NULL, '13.789571', '100.541853', NULL, 1, 9, 1, 1, 0, 'Test', '081-5616442 คุณแดง', 'test@test.com', 'http://www.google.co.th', 'test', 5, 8, 200, NULL, NULL, NULL, NULL, NULL, 'nearly_place', ''),
(75, 'BaanSansook', '322/8 ถ.รามคำแหง แขวงหัวหมาก เขตบางกะปิ กทม. 10240', 2000, 7000, 'คุณจู 081-358-1017,086-3664272 คุณเก๊า', 0, NULL, NULL, NULL, '13.767299', '100.655781', NULL, 1, 9, 1, 1, 0, 'Test', 'คุณจู 081-358-1017', 'test@test.com', 'http://www.google.co.th', 'test', 5, 8, 200, NULL, NULL, NULL, NULL, NULL, 'nearly_place', ''),
(76, 'Wirada', '169/4 ม.1 รังสิต-นครนายก ลำลูกกา ธัญบุรี ปทุมธานี 12110', 2000, 7000, '089-8145118', 0, NULL, NULL, NULL, '14.019782', '100.733233', NULL, 1, 9, 1, 1, 0, 'Test', 'ฉวีวรรณ 089-8145118', 'test@test.com', 'http://www.google.co.th', 'test', 5, 8, 200, NULL, NULL, NULL, NULL, NULL, 'nearly_place', ''),
(77, 'LHK Apartment', '256/5 ประชาสงเคราะห์ 47 ดินแดง กรุงเทพฯ 10400', 2000, 7000, '089-0186919', 0, NULL, NULL, NULL, '13.777429', '100.557749', NULL, 1, 9, 1, 1, 0, 'Test', 'คุณนิด', 'test@test.com', 'http://www.google.co.th', 'test', 5, 8, 200, NULL, NULL, NULL, NULL, NULL, 'nearly_place', ''),
(78, 'RoenSaArd', '959 ม.4 ซ.เทพารักษ์ 10 ต. เทพารักษ์ อ.เมือง จ.สมุทรปราการ 10270', 2000, 7000, '089-8145541 คุณศิรสิทธิ์*', 0, NULL, NULL, NULL, '13.64192', '100.59898', NULL, 1, 9, 1, 1, 0, 'Test', 'คุณจักรินทร์', 'test@test.com', 'http://www.google.co.th', 'test', 5, 8, 200, NULL, NULL, NULL, NULL, NULL, 'nearly_place', ''),
(79, 'Sinumpaiwong Mansion', '6/13 ถ.บางนา-ตราด กม.6 แขวงบางแก้ว เขตบางพลี จ.สมุทรปราการ 10540\r\n', 2000, 7000, '081-645-4444', 0, NULL, NULL, NULL, '13.660886', '100.668067', NULL, 1, 9, 1, 1, 0, 'Test', 'คุณชานล อชิรภูวนนท์', 'test@test.com', 'http://www.google.co.th', 'test', 5, 8, 200, NULL, NULL, NULL, NULL, NULL, 'nearly_place', ''),
(80, 'WangSreeKoon Mansion', ' 41/407 ม.3 ซ.เมธวดี ถ.สุคนธสวัสดิ์  \r\nแขวงลาดพร้าว  เขตลาดพร้าว กรุงเทพฯ 10230 (สุคนธสวัสดิ์2 แถวสตรีวิทย์)', 2000, 7000, '081-9086647', 0, NULL, NULL, NULL, '13.823766', '100.610109', NULL, 1, 9, 1, 1, 0, 'Test', 'คุณชุศรี', 'test@test.com', 'http://www.google.co.th', 'test', 5, 8, 200, NULL, NULL, NULL, NULL, NULL, 'nearly_place', ''),
(81, 'NP Apartment', '6 ซ.พหลโยธิน 35 แยก 2 แขวงลาดยาว เขต จตุจักร กรุงเทพฯ 10900', 2000, 7000, '081-9967890*', 0, NULL, NULL, NULL, '13.83177', '100.57021', NULL, 1, 9, 1, 1, 0, 'Test', 'คุณต้น 089-9665456', 'test@test.com', 'http://www.google.co.th', 'test', 5, 8, 200, NULL, NULL, NULL, NULL, NULL, 'nearly_place', ''),
(82, 'Iris House', '95  ซอยประวิทย์และเพื่อน 1 ถนนประชาชื่น แขวงลาดยาว  เขตจตุจักร  กรุงเทพฯ 10900\r\n(ซ.รังสรรเหนือ 14 แยก 13)', 2000, 7000, '089-1219339', 0, NULL, NULL, NULL, '13.84776', '100.54643', NULL, 1, 9, 1, 1, 0, 'Test', 'คุณบุญล้อม', 'test@test.com', 'http://www.google.co.th', 'test', 5, 8, 200, NULL, NULL, NULL, NULL, NULL, 'nearly_place', ''),
(83, 'Dindaeng Mansion', '44  ซอยประชาสันติ  ถนนดินแดง  แขวงดินแดง  เขตดินแดง  กรุงเทพฯ  10400', 2000, 7000, '0851332513 แม่บ้าน', 0, NULL, NULL, NULL, '13.76084', '100.55175', NULL, 1, 9, 1, 1, 0, 'Test', 'คุณพรวน', 'test@test.com', 'http://www.google.co.th', 'test', 5, 8, 200, NULL, NULL, NULL, NULL, NULL, 'nearly_place', ''),
(84, 'PrateebSuwan Apartment', '364/2 หมู่1 ถ.ประชาอุทิศ ซ.ประชาอุทิศ 61 แขวงบางมด เขตทุ่งครุ กรุงเทพฯ 10140', 2000, 7000, '081-9327989 คุณโต', 0, NULL, NULL, NULL, '13.644715', '100.501031', NULL, 1, 9, 1, 1, 0, 'Test', 'คุณโต', 'test@test.com', 'http://www.google.co.th', 'test', 5, 8, 200, NULL, NULL, NULL, NULL, NULL, 'nearly_place', ''),
(85, 'BaanBusabong', '306 ซ.ประชาอุทิศ 19 ม.4ราษฎร์บูรณะ ก.ท.ม. 10140', 2000, 7000, '081-8081137,086-983-5416', 0, NULL, NULL, NULL, '13.662772', '100.506449', NULL, 1, 9, 1, 1, 0, 'Test', 'คุณสุรินทร์', 'test@test.com', 'http://www.google.co.th', 'test', 5, 8, 200, NULL, NULL, NULL, NULL, NULL, 'nearly_place', ''),
(86, 'Chujit Apartment', 'ถนนศรีนครินทร์   ใกล้แยกอุดมสุข\r\nเลขที่7 ซ.สน.บางนา แขวงหนองบอน เขตประเวศ กทม. 10250', 2000, 7000, '083-2220294', 0, NULL, NULL, NULL, '13.67316', '100.644598', NULL, 1, 9, 1, 1, 0, 'Test', 'คุณโป่ง', 'test@test.com', 'http://www.google.co.th', 'test', 5, 8, 200, NULL, NULL, NULL, NULL, NULL, 'nearly_place', ''),
(87, 'Gunsun', '89 ซ.รามคำแหง 53 วังทองหลาง ก.ท.ม. 10310', 2000, 7000, '087-6714366**', 0, NULL, NULL, NULL, '13.768683', '100.618689', NULL, 1, 9, 1, 1, 0, 'Test', 'คุณปารวีร์', 'test@test.com', 'http://www.google.co.th', 'test', 5, 8, 200, NULL, NULL, NULL, NULL, NULL, 'nearly_place', ''),
(88, 'At Home Apartment', '19/158-159 ซ.สรงประภา 1 (สุวรรณี 2 แยก 4) ถ.สรงประภา แขวงสีกัน เขตดอนเมือง กรุงเทพฯ 10210', 2000, 7000, '081-9235202 คุณ ภานุวัฒน์ ,089-449-7722 คุณนพภาภรณ์', 0, NULL, NULL, NULL, '13.92249', '100.5974', NULL, 1, 9, 1, 1, 0, 'Test', 'คุณ ภานุวัฒน์', 'test@test.com', 'http://www.google.co.th', 'test', 5, 8, 200, NULL, NULL, NULL, NULL, NULL, 'nearly_place', ''),
(89, 'K Resident', '45/6 ม.2 รามอินทรา ซ.8 ถ.รามอินทรา แขวงอนุเสาวรีย์ เขตบางเขน กทม. 10220', 2000, 7000, '0849730514', 0, NULL, NULL, NULL, '13.857601', '100.624853', NULL, 1, 9, 1, 1, 0, 'Test', 'ป้าต้อย', 'test@test.com', 'http://www.google.co.th', 'test', 5, 8, 200, NULL, NULL, NULL, NULL, NULL, 'nearly_place', ''),
(90, '45 Mansion', '442 หมู่ที่ 5 ตำบลสำโรงเหนือ อำเภอ เมืองสมุทรปราการ (ถนนศรีนครินทร์ ซ.ศรีด่าน 16) 10270 \r\n', 2000, 7000, '0896803145', 0, NULL, NULL, NULL, '13.642392', '100.636807', NULL, 1, 9, 1, 1, 0, 'Test', 'คุณอุดมศักดิ์', 'test@test.com', 'http://www.google.co.th', 'test', 5, 8, 200, NULL, NULL, NULL, NULL, NULL, 'nearly_place', ''),
(91, 'BaanSaenSabai', '90/1 ซ.ลาดพร้าว 122 แยก 11 แขวงวังทองหลาง เขตวังทองหลาง กทม. 10310', 2000, 7000, '081-735-7242**', 0, NULL, NULL, NULL, '13.77425', '100.6242', NULL, 1, 9, 1, 1, 0, 'Test', 'คุณริชาด', 'test@test.com', 'http://www.google.co.th', 'test', 5, 8, 200, NULL, NULL, NULL, NULL, NULL, 'nearly_place', ''),
(92, 'Baan Chaleang', '25/3 ซ.พลโยธิน44 แขวงลาดยาว เขตจตุจักร กทม. 10900\r\n', 2000, 7000, '089-775-8885', 0, NULL, NULL, NULL, '13.84814', '100.582646', NULL, 1, 9, 1, 1, 0, 'Test', 'คุณปลา', 'test@test.com', 'http://www.google.co.th', 'test', 5, 8, 200, NULL, NULL, NULL, NULL, NULL, 'nearly_place', ''),
(93, 'Sirisuk Apartment', '144/44 สุขุมวิท 71 พระโขนงเหนือ วัฒนา กทม. 10110', 2000, 7000, '081-6214742', 0, NULL, NULL, NULL, '13.722668', '100.595816', NULL, 1, 9, 1, 1, 0, 'Test', 'คุณสุรพงษ์', 'test@test.com', 'http://www.google.co.th', 'test', 5, 8, 200, NULL, NULL, NULL, NULL, NULL, 'nearly_place', ''),
(94, 'Yim Suthisarn Mansion', 'ซ.ยิ้มอุปถัมภ์ ถ.สุทธิสารวินิจฉัย ห้วยขวาง กรุงเทพฯ\r\n', 2000, 7000, '086-7871858', 0, NULL, NULL, NULL, '13.79024', '100.57344', NULL, 1, 9, 1, 1, 0, 'Test', 'คุณแดง', 'test@test.com', 'http://www.google.co.th', 'test', 5, 8, 200, NULL, NULL, NULL, NULL, NULL, 'nearly_place', ''),
(95, 'White House Mansion', '12 ซ.เฉลิมพระเกียรติ ร.9 21 แขวงหนองบอน เขตประเวศ กทม.10250 (แยกอุดมสุข  ซอยเฉลิมพระเกียรติ 21-23)\r\n', 2000, 7000, '089-894-9181, 085-900-9181', 0, NULL, NULL, NULL, '13.67759', '100.65721', NULL, 1, 9, 1, 1, 0, 'Test', 'คุณนพดล ,คุณนุ้ย 081-4972200', 'test@test.com', 'http://www.google.co.th', 'test', 5, 8, 200, NULL, NULL, NULL, NULL, NULL, 'nearly_place', ''),
(96, 'JAS Mansion', '33/6 หมู่ 6 ซอย ชินเขต2/15 ถนน งามวงศ์วาน แขวง ทุ่งสองห้อง เขต หลักสี่ กรุงเทพมหานคร 10210', 2000, 7000, '081-4437788', 0, NULL, NULL, NULL, '13.8638', '100.55578', NULL, 1, 9, 1, 1, 0, 'Test', 'คุณวิเศษ', 'test@test.com', 'http://www.google.co.th', 'test', 5, 8, 200, NULL, NULL, NULL, NULL, NULL, 'nearly_place', ''),
(97, 'White House Park', '1,3 ซ.รามคำแหง 187/1 แยก 3 ถ.รามคำแหง มีนบุรี กรุงเทพฯ\r\n', 2000, 7000, '089-894-9181, 085-900-9181', 0, NULL, NULL, NULL, '13.79987', '100.71242', NULL, 1, 9, 1, 1, 0, 'Test', 'คุณนพดล', 'test@test.com', 'http://www.google.co.th', 'test', 5, 8, 200, NULL, NULL, NULL, NULL, NULL, 'nearly_place', ''),
(98, 'White House Mansion 2', '17 ซ.เฉลิมพระเกียรติ ร.9 23 แขวงหนองบอน เขตประเวศ กทม.10250(แยกอุดมสุข ซอยเฉลิมพระเกียรติ 21-23) \r\n', 2000, 7000, '089-894-9181, 085-900-9181', 0, NULL, NULL, NULL, '13.67874', '100.65787', NULL, 1, 9, 1, 1, 0, 'Test', 'คุณนพดล', 'test@test.com', 'http://www.google.co.th', 'test', 5, 8, 200, NULL, NULL, NULL, NULL, NULL, 'nearly_place', ''),
(99, 'Chanapa Mansion', 'ประชาสงเคราะห์ 14 (ซ.พานิชยการจำนงซอยที่2)', 2000, 7000, '084-1315111', 0, NULL, NULL, NULL, '13.766965', '100.560804', NULL, 1, 9, 1, 1, 0, 'Test', 'คุณสุวิภา', 'test@test.com', 'http://www.google.co.th', 'test', 5, 8, 200, NULL, NULL, NULL, NULL, NULL, 'nearly_place', ''),
(100, 'Nonsi Residence', '87 ซ.นาวิน ถ.เชื้อเพลิง ช่องนนทรี ยานนาวา กทม. 10120', 2000, 7000, 'เบอร์ช่างของตึก 0839942446', 0, NULL, NULL, NULL, '13.713779', '100.55493', NULL, 1, 9, 1, 1, 0, 'Test', 'คุณพิสุทธิ์ 086-393-0893', 'test@test.com', 'http://www.google.co.th', 'test', 5, 8, 200, NULL, NULL, NULL, NULL, NULL, 'nearly_place', ''),
(101, 'Tawet Condo', '36 กรุงเกษม บางขุนพรหม พระนคร กรุงเทพฯ ', 2000, 7000, '081-4502345', 0, NULL, NULL, NULL, '13.765431', '100.504747', NULL, 1, 9, 1, 1, 0, 'Test', 'คุณเจี๊ยบ', 'test@test.com', 'http://www.google.co.th', 'test', 5, 8, 200, NULL, NULL, NULL, NULL, NULL, 'nearly_place', ''),
(102, 'Success Place', '126/1 ซ.ลาดพร้าว 124 ถ.ลาดพร้าว วังทองหลาง กรุงเทพฯ 10310', 2000, 7000, 'convoyproduct1990@gmail.com', 0, NULL, NULL, NULL, '13.771893', '100.624994', NULL, 1, 9, 1, 1, 0, 'Test', 'คุณวิภา', 'test@test.com', 'http://www.google.co.th', 'test', 5, 8, 200, NULL, NULL, NULL, NULL, NULL, 'nearly_place', ''),
(103, 'S.R. Mansion', '885 ม. 7 เทพารักษ์ เมือง สมุทรปราการ\r\n', 2000, 7000, '081-443-5158', 0, NULL, NULL, NULL, '13.6271', '100.67726', NULL, 1, 9, 1, 1, 0, 'Test', 'คุณวันทนี', 'test@test.com', 'http://www.google.co.th', 'test', 5, 8, 200, NULL, NULL, NULL, NULL, NULL, 'nearly_place', ''),
(104, 'Sopon Mansion', 'สุขุมวิท 107 (แบริ่ง62)', 2000, 7000, '081-633-6723', 0, NULL, NULL, NULL, '13.64778', '100.62912', NULL, 1, 9, 1, 1, 0, 'Test', 'คุณพรศักดิ์', 'test@test.com', 'http://www.google.co.th', 'test', 5, 8, 200, NULL, NULL, NULL, NULL, NULL, 'nearly_place', ''),
(105, 'Metro Ville', 'ซ.ลาดพร้าว 106 แยก 1 ', 2000, 7000, '081-934-2626', 0, NULL, NULL, NULL, '13.78004', '100.61543', NULL, 1, 9, 1, 1, 0, 'Test', 'อนุชา', 'test@test.com', 'http://www.google.co.th', 'test', 5, 8, 200, NULL, NULL, NULL, NULL, NULL, 'nearly_place', ''),
(106, 'Baanratchada 19', 'ซ.วิภาวดี 16/28', 2000, 7000, '086-344-4008 คุณขนิษฐา', 0, NULL, NULL, NULL, '13.79702', '100.57283', NULL, 1, 9, 1, 1, 0, 'Test', 'คุณขนิษฐา', 'test@test.com', 'http://www.google.co.th', 'test', 5, 8, 200, NULL, NULL, NULL, NULL, NULL, 'nearly_place', ''),
(107, 'PR Apartment', '201 ซ.ลาดพร้าว 122 แขวงวังทองหลาง เขตวังทองหลาง กรุงเทพฯ 10310', 2000, 7000, '081-5622333,086-4665167 คุณปุ๊', 0, NULL, NULL, NULL, '13.773726', '100.622701', NULL, 1, 9, 1, 1, 0, 'Test', 'คุณประพัทธ์', 'test@test.com', 'http://www.google.co.th', 'test', 5, 8, 200, NULL, NULL, NULL, NULL, NULL, 'nearly_place', ''),
(108, 'Sirivasu Apartment', '7 ซ.พหลโยธิน 24 แยก 6 ถ.พพลโยธิน จอมพล จตุจักร กรุงเทพฯ 10900', 2000, 7000, '086-613-9957', 0, NULL, NULL, NULL, '13.822161', '100.569416', NULL, 1, 9, 1, 1, 0, 'Test', 'คุณวิลาวัลย์', 'test@test.com', 'http://www.google.co.th', 'test', 5, 8, 200, NULL, NULL, NULL, NULL, NULL, 'nearly_place', ''),
(109, 'Baan 921', '921/1 จรัญสนิทวงศ์ 75 บางพลัด กรุงเทพฯ 10700	', 2000, 7000, '0802148692 คุณปุ๊ก', 0, NULL, NULL, NULL, '13.79117', '100.49658', NULL, 1, 9, 1, 1, 0, 'Test', 'คุณอัมพร', 'test@test.com', 'http://www.google.co.th', 'test', 5, 8, 200, NULL, NULL, NULL, NULL, NULL, 'nearly_place', ''),
(110, 'Sribamrungmuang Apartment', 'ซ.จรัญสนิทวงศ์  53 ', 2000, 7000, '081-8400-422,089-3118919 คุณดวง', 0, NULL, NULL, NULL, '13.77918', '100.48328', NULL, 1, 9, 1, 1, 0, 'Test', 'คุณก้อย', 'test@test.com', 'http://www.google.co.th', 'test', 5, 8, 200, NULL, NULL, NULL, NULL, NULL, 'nearly_place', ''),
(111, 'Karnmanee', '30/1 ซ.สมบูรณ์พัฒนา 2 ถ.สุทธิกสารวินิจฉัย แขวงดินแดง เขตดินแดง กรุงเทพฯ 10400', 2000, 7000, '081-6259736', 0, NULL, NULL, NULL, '13.78011', '100.563633', NULL, 1, 9, 1, 1, 0, 'Test', 'คุณสยาม', 'test@test.com', 'http://www.google.co.th', 'test', 5, 8, 200, NULL, NULL, NULL, NULL, NULL, 'nearly_place', '');
INSERT INTO `building_site` (`id`, `building_name`, `building_address`, `start_price`, `end_price`, `phone_number`, `publish`, `datetimestamp`, `lastupdate`, `userupdate`, `latitude`, `longitude`, `recommend`, `building_type_id`, `zone_id`, `pay_type_id`, `user_owner_id`, `deleted`, `detail`, `contact_name`, `contact_email`, `website`, `month_stay`, `water_unit`, `electricity_unit`, `internet_price`, `googlemap_url`, `addr_number`, `addr_prefecture`, `addr_province`, `addr_zipcode`, `nearly_place`, `slug`) VALUES
(112, 'Sinsiri Mansion 4', '10/1288 ม.6 ถ.นวมินทร์ 93 แขวงคลองกุ่ม เขตบึงกุ่ม กทม. 10240', 2000, 7000, '02-733-6282 คุณวิธาน', 0, NULL, NULL, NULL, '13.79953', '100.64806', NULL, 1, 9, 1, 1, 0, 'Test', 'คุณยุพดี', 'test@test.com', 'http://www.google.co.th', 'test', 5, 8, 200, NULL, NULL, NULL, NULL, NULL, 'nearly_place', ''),
(113, 'Pongrat', '1 ซ.15 แยก 20 ถ.เสรี 2 แขวงหัวหมาก เขตบางกะปิ กทม.10250 (ราม 24 แยก 20   ซอย 15)', 2000, 7000, '085-990-0070 คุณโก้', 0, NULL, NULL, NULL, '13.777432', '100.557716', NULL, 1, 9, 1, 1, 0, 'Test', 'คุณเปิ้ล', 'test@test.com', 'http://www.google.co.th', 'test', 5, 8, 200, NULL, NULL, NULL, NULL, NULL, 'nearly_place', ''),
(114, 'Yada Apartment', 'ประชาสงเคราะห์  23', 2000, 7000, '089-699-4256', 0, NULL, NULL, NULL, '13.774241', '100.564227', NULL, 1, 9, 1, 1, 0, 'Test', 'วนิดา', 'test@test.com', 'http://www.google.co.th', 'test', 5, 8, 200, NULL, NULL, NULL, NULL, NULL, 'nearly_place', ''),
(115, 'CDC', '35/1 ซ.สวัสดิการ ถ.ลาดพร้าว 124 แขวงวังทองหลาง  เขตวังทองหลางกรุงเทพ  10310', 2000, 7000, '081-9418586 คุณจิ๋ม', 0, NULL, NULL, NULL, '13.77409', '100.62541', NULL, 1, 9, 1, 1, 0, 'Test', 'คุณริชาด', 'test@test.com', 'http://www.google.co.th', 'test', 5, 8, 200, NULL, NULL, NULL, NULL, NULL, 'nearly_place', ''),
(116, 'Thanitnun Apartment', '88/1,88/2 ซ.ลาซาล 6  ถ.สุขุมวิท 105 แขวงบางนา เขตบางนา กรุงเทพฯ 10260', 2000, 7000, '081-855-1084,081-906-0989', 0, NULL, NULL, NULL, '13.66037', '100.60524', NULL, 1, 9, 1, 1, 0, 'Test', 'คุณฉัตรพัฒน์ สุวรรณะเพชร', 'test@test.com', 'http://www.google.co.th', 'test', 5, 8, 200, NULL, NULL, NULL, NULL, NULL, 'nearly_place', ''),
(117, 'Boonsiri', '472 ถ.ลาดพร้าว 109 แยก7 แขวงคลองจั่น เขตบางกะปิ กรุงเทพฯ 10240', 2000, 7000, '0886583338 คุณทิพย์สินี', 0, NULL, NULL, NULL, '13.77477', '100.63579', NULL, 1, 9, 1, 1, 0, 'Test', 'คุณทิพย์สินี', 'test@test.com', 'http://www.google.co.th', 'test', 5, 8, 200, NULL, NULL, NULL, NULL, NULL, 'nearly_place', ''),
(118, 'Anunta Apartment', '143/2 จรัญ 57/2 บางบำหรุ บางพลัด กรุงเทพ ', 2000, 7000, '081-565-7874', 0, NULL, NULL, NULL, '13.780288', '100.48702', NULL, 1, 9, 1, 1, 0, 'Test', 'คุณบุรเดช', 'test@test.com', 'http://www.google.co.th', 'test', 5, 8, 200, NULL, NULL, NULL, NULL, NULL, 'nearly_place', ''),
(119, 'Millennium', '331/2 ถ.จรัญสนิทวงศ์ 75 เขตบางพลัด กรุงเทพฯ 10700', 2000, 7000, '089-814-6643 คุณอนัญญา ', 0, NULL, NULL, NULL, '13.79006', '100.4981', NULL, 1, 9, 1, 1, 0, 'Test', 'คุณอนัญญา ธนศรีสุวงศ์', 'test@test.com', 'http://www.google.co.th', 'test', 5, 8, 200, NULL, NULL, NULL, NULL, NULL, 'nearly_place', ''),
(120, 'Baan Theparak Resort', '1619 ม.7 ซ.ศรีสมิตร ถ.เทพารักษ์ ต.บางเมือง อ.เมือง จ.สมุทรปราการ 10270', 2000, 7000, '084-647-5004', 0, NULL, NULL, NULL, '13.6243', '100.63121', NULL, 1, 9, 1, 1, 0, 'Test', 'คุณเปี๊ยก', 'test@test.com', 'http://www.google.co.th', 'test', 5, 8, 200, NULL, NULL, NULL, NULL, NULL, 'nearly_place', ''),
(121, 'The Triple', '5087/2 ซ.ประชาสงเคราะห์ 25/1 ดินแดง ดินแดง กรุงเทพ 10400 ', 2000, 7000, '085-120-3410', 0, NULL, NULL, NULL, '13.774275', '100.560243', NULL, 1, 9, 1, 1, 0, 'Test', 'คุณทัศนัย', 'test@test.com', 'http://www.google.co.th', 'test', 5, 8, 200, NULL, NULL, NULL, NULL, NULL, 'nearly_place', ''),
(122, 'Suwanapak residence', '45 สุขุมวิท 71 พระโขนงเหนือ วัฒนา กรุงเทพฯ 10110', 2000, 7000, '089-492-4044', 0, NULL, NULL, NULL, '13.71972', '100.6', NULL, 1, 9, 1, 1, 0, 'Test', 'คุณทวีศักดิ์ มีสุวรรณ', 'test@test.com', 'http://www.google.co.th', 'test', 5, 8, 200, NULL, NULL, NULL, NULL, NULL, 'nearly_place', ''),
(123, 'Pornkrajang Place', '923/50 ถ.เศรษฐกิจ 1 ต.มหาชัย อ.เมือง จ.สมุทรสาคร 74000', 2000, 7000, '085-384-3396 ,082-723-3734 คุณพู่', 0, NULL, NULL, NULL, '13.549944', '100.27447', NULL, 1, 9, 1, 1, 0, 'Test', 'คุณปั้น', 'test@test.com', 'http://www.google.co.th', 'test', 5, 8, 200, NULL, NULL, NULL, NULL, NULL, 'nearly_place', ''),
(124, 'Hirun Apartment', '99 ซ.จรัญสนิทวงศ์ 44 ถ.จรัญสนิทวงศ์ แขวงบางยี่ขัน เขตบางยี่ขัน กทม.10700', 2000, 7000, 'คุณอุดมศักดิ์ 084-0194148', 0, NULL, NULL, NULL, '13.77757', '100.48795', NULL, 1, 9, 1, 1, 0, 'Test', 'คุณวรรณ 084-102-4410', 'test@test.com', 'http://www.google.co.th', 'test', 5, 8, 200, NULL, NULL, NULL, NULL, NULL, 'nearly_place', ''),
(125, 'VIP Apartment', '30 ถ.สุขุมวิท77 ซ.อ่อนนุช 51 แขวงสวนหลวง เขตประเวศ กรุงเทพฯ 10250\r\n', 2000, 7000, '084-033-5480 , 087-1414-543', 0, NULL, NULL, NULL, '13.71577', '100.64942', NULL, 1, 9, 1, 1, 0, 'Test', 'คุณจิโรจน์ ชัยพรแก้ว', 'test@test.com', 'http://www.google.co.th', 'test', 5, 8, 200, NULL, NULL, NULL, NULL, NULL, 'nearly_place', ''),
(126, 'Chollada Place', '778 ม.2 สุขุมวิท 107 ต.สำโรงเหนือ อ.เมือง จ.สมุทรปราการ 10110', 2000, 7000, '081-824-2220', 0, NULL, NULL, NULL, '13.648518', '100.622179', NULL, 1, 9, 1, 1, 0, 'Test', 'คุณชลลดา', 'test@test.com', 'http://www.google.co.th', 'test', 5, 8, 200, NULL, NULL, NULL, NULL, NULL, 'nearly_place', ''),
(127, 'Plengaroon', '369/4 ตรงข้าม ร.พ.ราชวิถี ถ.ราชวิถี แขวงทุ่งพญาไท เขตราชเทวี กรุงเทพฯ 10400', 2000, 7000, '089-452-7533 คุณเอก', 0, NULL, NULL, NULL, '13.766282', '100.538013', NULL, 1, 9, 1, 1, 0, 'Test', 'คุณเอก', 'test@test.com', 'http://www.google.co.th', 'test', 5, 8, 200, NULL, NULL, NULL, NULL, NULL, 'nearly_place', ''),
(128, 'Urban Residence', '2355 ถ.เพชรบุรีตัดใหม่ แขวงบางกะปิ เขตห้วยขวาง กรุงเทพฯ', 2000, 7000, '084-020-6694,081-7220239 คุณชมพู่', 0, NULL, NULL, NULL, '13.777369', '100.557748', NULL, 1, 9, 1, 1, 0, 'Test', 'คุณวรวุฒิ', 'test@test.com', 'http://www.google.co.th', 'test', 5, 8, 200, NULL, NULL, NULL, NULL, NULL, 'nearly_place', ''),
(129, 'Ratchana Place', '199 ม.4 ต.บางบ่อ อ.บางบ่อ จ.สมุทรปราการ 10560\r\n(ซ.เอแบค บางนา)', 2000, 7000, '084-014-9583', 0, NULL, NULL, NULL, '13.606021', '100.848266', NULL, 1, 9, 1, 1, 0, 'Test', 'คุณเดือน', 'test@test.com', 'http://www.google.co.th', 'test', 5, 8, 200, NULL, NULL, NULL, NULL, NULL, 'nearly_place', ''),
(130, 'Baanthanrak', '19 ถนนประชาสงเคราะห์ ซอยเมตตาใต้ ประชาสงเคราะห์ 14 ดินแดน กทม. 10400 ', 2000, 7000, '081-777-4515', 0, NULL, NULL, NULL, '13.7684', '100.56379', NULL, 1, 9, 1, 1, 0, 'Test', 'คุณทวี', 'test@test.com', 'http://www.google.co.th', 'test', 5, 8, 200, NULL, NULL, NULL, NULL, NULL, 'nearly_place', ''),
(131, 'PSR Mansion', '2188 หมู่ที่ 4 ซอยประจักษ์สิน 3 ถ.เทพารักษ์ ต.เทพารักษ์ อ.เมืองสมุทรปราการ จ.สมุทรปราการ\r\n(ซ.เทพารักษ์ 8)', 2000, 7000, '081-621-1511 คุณณี', 0, NULL, NULL, NULL, '13.6439', '100.59992', NULL, 1, 9, 1, 1, 0, 'Test', 'คุณณี, คุณหมวย', 'test@test.com', 'http://www.google.co.th', 'test', 5, 8, 200, NULL, NULL, NULL, NULL, NULL, 'nearly_place', ''),
(132, 'KVMansion', 'สุขุมวิท 81', 2000, 7000, '089-368-7069,0893264754', 0, NULL, NULL, NULL, '13.70567', '100.60429', NULL, 1, 9, 1, 1, 0, 'Test', 'คุณวรุตม์', 'test@test.com', 'http://www.google.co.th', 'test', 5, 8, 200, NULL, NULL, NULL, NULL, NULL, 'nearly_place', ''),
(133, 'Urai Mansion', '804/1 ซอยชานเมือง 4  ถนนรัชดาภิเษก แขวงดินแดง เขตดินแดง กรุงเทพฯ 10400 (หลังจัสโก้รัชดา)', 2000, 7000, '080-9448898 ', 0, NULL, NULL, NULL, '13.769127', '100.566584', NULL, 1, 9, 1, 1, 0, 'Test', 'คุณปราณี', 'test@test.com', 'http://www.google.co.th', 'test', 5, 8, 200, NULL, NULL, NULL, NULL, NULL, 'nearly_place', ''),
(134, 'V.A. Apartment', '268/4 ซ.สาธารณะ บางบำหรุ บางพลัด กทม. 10700', 2000, 7000, '086-318-8949,0807854092 ป้าต้อย แม่บ้าน', 0, NULL, NULL, NULL, '13.777415', '100.557758', NULL, 1, 9, 1, 1, 0, 'Test', 'คุณเอ,คุณแวว', 'test@test.com', 'http://www.google.co.th', 'test', 5, 8, 200, NULL, NULL, NULL, NULL, NULL, 'nearly_place', ''),
(135, 'A Ma Place', '24/7 ซ.อินทมาระ 29 ถ.สุทธิสาร สามเสนใน พญาไท กทม. 10400', 2000, 7000, '089-173-9555 คุณสมพร*', 0, NULL, NULL, NULL, '13.79018', '100.55881', NULL, 1, 9, 1, 1, 0, 'Test', 'คุณสมชาย', 'test@test.com', 'http://www.google.co.th', 'test', 5, 8, 200, NULL, NULL, NULL, NULL, NULL, 'nearly_place', ''),
(136, 'Sippakorn Apartment', '5 ซ.ลาซาล 26 แขวงบางนา เขตบางนา กทม. 10260', 2000, 7000, '081-948-9789,081-4410375 บุญชัย', 0, NULL, NULL, NULL, '13.66228', '100.61653', NULL, 1, 9, 1, 1, 0, 'Test', 'คุณพัชรินทร์', 'test@test.com', 'http://www.google.co.th', 'test', 5, 8, 200, NULL, NULL, NULL, NULL, NULL, 'nearly_place', ''),
(137, 'PM Mansion', '53/1 ซอย รามคำแหง 53 ถนนรามคำแหง แขวงวังทองหลาง เขตวังทองหลาง กรุงเทพฯ 10310', 2000, 7000, '089-892-2022', 0, NULL, NULL, NULL, '13.777383', '100.557776', NULL, 1, 9, 1, 1, 0, 'Test', 'คุณมาลี', 'test@test.com', 'http://www.google.co.th', 'test', 5, 8, 200, NULL, NULL, NULL, NULL, NULL, 'nearly_place', ''),
(138, 'PM Mansion2', '49/9 ซอย รามคำแหง 53 ถนนรามคำแหง แขวงวังทองหลาง เขตวังทองหลาง กรุงเทพฯ 10310', 2000, 7000, '089-892-2022*', 0, NULL, NULL, NULL, '13.76393', '100.61874', NULL, 1, 9, 1, 1, 0, 'Test', 'คุณมาลี', 'test@test.com', 'http://www.google.co.th', 'test', 5, 8, 200, NULL, NULL, NULL, NULL, NULL, 'nearly_place', ''),
(139, 'Sabai Sabai Apartment', '923/55ท ถ.เอกชัย  ต.มหาชัย อ.เมือง สมุทรสาคร  74000\r\n', 2000, 7000, '081-831-3031อมรชัย', 0, NULL, NULL, NULL, '13.552456', '100.276036', NULL, 1, 9, 1, 1, 0, 'Test', 'คุณติ๊ก', 'test@test.com', 'http://www.google.co.th', 'test', 5, 8, 200, NULL, NULL, NULL, NULL, NULL, 'nearly_place', ''),
(140, 'Rungsit Land Condo', '524 ถนนรังสิต-ปทุม ต.ประชาธิปัตย์ อ.ธัญบุรี จ.ปทุมธานี 12130', 2000, 7000, '089-4889881', 0, NULL, NULL, NULL, '13.98548', '100.61005', NULL, 1, 9, 1, 1, 0, 'Test', 'คุณอุทัย', 'test@test.com', 'http://www.google.co.th', 'test', 5, 8, 200, NULL, NULL, NULL, NULL, NULL, 'nearly_place', ''),
(141, 'Samakkee Apartment', '1504/17 ซอยโภคสิริ ถนนนครไชยศรี เขตดุสิต กรุงเทพฯ 10300', 2000, 7000, '085-565-1777', 0, NULL, NULL, NULL, '13.776046', '100.527778', NULL, 1, 9, 1, 1, 0, 'Test', 'คุณ ภวัต', 'test@test.com', 'http://www.google.co.th', 'test', 5, 8, 200, NULL, NULL, NULL, NULL, NULL, 'nearly_place', ''),
(142, 'BaanSuanKoomTohYor', '8,10 ซ.รามคำแหง 58/3 ถนนรามคำแหง แขวงหัวหมาก เขตรามคำแหง กทม.10240', 2000, 7000, '085-160-1527', 0, NULL, NULL, NULL, '13.761145', '100.647539', NULL, 1, 9, 1, 1, 0, 'Test', 'คุณจิราพร', 'test@test.com', 'http://www.google.co.th', 'test', 5, 8, 200, NULL, NULL, NULL, NULL, NULL, 'nearly_place', ''),
(143, 'Sathida Apartment', '101/16 ซ. ลาดพร้าว1 ถนนลาดพร้าว แขวงจอมพล เขตจตุจักร กรุงเทพฯ', 2000, 7000, '084-670-8997,084-0962529*', 0, NULL, NULL, NULL, '13.817494', '100.574834', NULL, 1, 9, 1, 1, 0, 'Test', 'นายธีระชัย', 'test@test.com', 'http://www.google.co.th', 'test', 5, 8, 200, NULL, NULL, NULL, NULL, NULL, 'nearly_place', ''),
(144, 'DD Mansion', '109/48 หมู่ 5 ต.ปากเกร็ด อ.ปากเกร็ด จ.นนทบุรี 11120', 2000, 7000, '081-6897889,0865597186', 0, NULL, NULL, NULL, '13.90861', '100.50049', NULL, 1, 9, 1, 1, 0, 'Test', 'คุณดนัย จิวจินดา', 'test@test.com', 'http://www.google.co.th', 'test', 5, 8, 200, NULL, NULL, NULL, NULL, NULL, 'nearly_place', ''),
(145, 'Somjai Mansion', '57/3 ถ.พระรามเก้า-เพชรบุรีตัดใหม่ บางกะปิ ห้วยขวาง กทม. 10110', 2000, 7000, '087-0117999*', 0, NULL, NULL, NULL, '13.74614', '100.5975', NULL, 1, 9, 1, 1, 0, 'Test', 'ปรัชญา', 'test@test.com', 'http://www.google.co.th', 'test', 5, 8, 200, NULL, NULL, NULL, NULL, NULL, 'nearly_place', ''),
(146, 'The Hideaway Resort Hua Hin', '39/19 ซ.9 บ.บ่อฝ้าย ต.หัวหิน อ.หัวหิน ประจวบฯ 77110', 2000, 7000, '083-911-7474', 0, NULL, NULL, NULL, '12.611422', '99.953481', NULL, 1, 9, 1, 1, 0, 'Test', '089-8921801 ประการ เจ้าของ', 'test@test.com', 'http://www.google.co.th', 'test', 5, 8, 200, NULL, NULL, NULL, NULL, NULL, 'nearly_place', ''),
(147, 'BaanHuaHinResort', '16/14 ซ.หัวหิน 94 ถ.เพชรเกษม ต.หัวหิน อ.หัวหิน จ.ประจวบคีรีขันธ์ 77110', 2000, 7000, '083-9117474', 0, NULL, NULL, NULL, '12.55449', '99.955607', NULL, 1, 9, 1, 1, 0, 'Test', 'คุณรัฐพล เจียวิริยะบุญญา', 'test@test.com', 'http://www.google.co.th', 'test', 5, 8, 200, NULL, NULL, NULL, NULL, NULL, 'nearly_place', ''),
(148, 'Prachachuen Residence', 'ประชาชื่น 37', 2000, 7000, '086-3930893', 0, NULL, NULL, NULL, '13.841763', '100.541357', NULL, 1, 9, 1, 1, 0, 'Test', 'คุณพิสุทธิ์', 'test@test.com', 'http://www.google.co.th', 'test', 5, 8, 200, NULL, NULL, NULL, NULL, NULL, 'nearly_place', ''),
(149, 'Royal Mareeya', '527/46 ซ. ลาดพร้าว112 (ซ.เอี่ยมสมบูรณ์) แขวงวังทองหลาง เขตวังทองหลาง กรุงเทพฯ ', 2000, 7000, '089-9267721', 0, NULL, NULL, NULL, '13.777385', '100.55778', NULL, 1, 9, 1, 1, 0, 'Test', 'นางสาวชมภูนุท  กันซัน', 'test@test.com', 'http://www.google.co.th', 'test', 5, 8, 200, NULL, NULL, NULL, NULL, NULL, 'nearly_place', ''),
(150, 'Twin Plus', '194/2 ซ.รามคำแหง 53 (ชุมชนซอย 2) แขวงวังทองหลาง เขตวังทองหลาง กรุงเทพฯ ', 2000, 7000, '081-496-4513**', 0, NULL, NULL, NULL, '13.771986', '100.620067', NULL, 1, 9, 1, 1, 0, 'Test', 'คุณชมพูนุช', 'test@test.com', 'http://www.google.co.th', 'test', 5, 8, 200, NULL, NULL, NULL, NULL, NULL, 'nearly_place', ''),
(151, 'Sathaporn Mansion', '1420/1-2 ซ. ชานเมือง  ถนนรัชดาภิเษก แขวงดินแดง เขตดินแดง กรุงเทพฯ 10400', 2000, 7000, '080-944-8898', 0, NULL, NULL, NULL, '13.76946', '100.56851', NULL, 1, 9, 1, 1, 0, 'Test', 'คุณปราณี', 'test@test.com', 'http://www.google.co.th', 'test', 5, 8, 200, NULL, NULL, NULL, NULL, NULL, 'nearly_place', ''),
(152, 'BaanNomjit Apartment', '805/1 ถนนศรีนครินทร์ แขวง สวนหลวง เขต สวนหลวง กรุงเทพฯ 10250', 2000, 7000, '081-3378605 เนตรระวี', 0, NULL, NULL, NULL, '13.72115', '100.64258', NULL, 1, 9, 1, 1, 0, 'Test', 'คุณเนตรระวี ชั้น 3', 'test@test.com', 'http://www.google.co.th', 'test', 5, 8, 200, NULL, NULL, NULL, NULL, NULL, 'nearly_place', ''),
(153, 'Pornpanasap Residence', '104 ซ.สุขุมวิท 81 แขวงบางจาก เขตพระโขนง กทม. 10260', 2000, 7000, '081-208-5002', 0, NULL, NULL, NULL, '13.706117', '100.604979', NULL, 1, 9, 1, 1, 0, 'Test', 'คุณกั๊ว', 'test@test.com', 'http://www.google.co.th', 'test', 5, 8, 200, NULL, NULL, NULL, NULL, NULL, 'nearly_place', ''),
(154, 'BaanChokAroon', '927/94 ท่าปรง ซอย 7 ถ. เศรษฐกิจ1 ต.มหาชัย อ.เมือง จ.สมุทรสาคร 74000', 2000, 7000, '081-721-6424', 0, NULL, NULL, NULL, '13.554867', '100.271401', NULL, 1, 9, 1, 1, 0, 'Test', 'คุณณรงค์', 'test@test.com', 'http://www.google.co.th', 'test', 5, 8, 200, NULL, NULL, NULL, NULL, NULL, 'nearly_place', ''),
(155, 'Piengfah Mansion', '42 ซอยอ่อนนุช61 แขวงประเวศ เขตประเวศ กทม. 10250', 2000, 7000, ' 089-668-7492', 0, NULL, NULL, NULL, '13.71689', '100.6669', NULL, 1, 9, 1, 1, 0, 'Test', 'คุณไก่', 'test@test.com', 'http://www.google.co.th', 'test', 5, 8, 200, NULL, NULL, NULL, NULL, NULL, 'nearly_place', ''),
(156, 'Sunthorn Apartment', '44/4 ถนนประชาสงเคราะห์ แขวงดินแดง เขตดินแดง กรุงเทพฯ 10400', 2000, 7000, '086-0035656', 0, NULL, NULL, NULL, '13.778', '100.5624', NULL, 1, 9, 1, 1, 0, 'Test', 'คุณสุนทร  กิจบำรุง', 'test@test.com', 'http://www.google.co.th', 'test', 5, 8, 200, NULL, NULL, NULL, NULL, NULL, 'nearly_place', ''),
(157, 'Charoenmit Apartment', ' 244 ถนน สุขุมวิท 71 แขวง พระโขนงเหนือ เขต วัฒนา กทม. 10110 \r\n', 2000, 7000, '086-7596701 k.เล็ก', 0, NULL, NULL, NULL, '13.777431', '100.557728', NULL, 1, 9, 1, 1, 0, 'Test', 'คุณวรพจน์ ประทีปถิ่นทอง', 'test@test.com', 'http://www.google.co.th', 'test', 5, 8, 200, NULL, NULL, NULL, NULL, NULL, 'nearly_place', ''),
(158, 'PP House', '1015/29 ซอยปรีดีพนมยงค์ 45 ถนน สุขุมวิท 71 แขวง คลองตันเหนือ เขต วัฒนา กทม. 10110 \r\n', 2000, 7000, '089-9239139', 0, NULL, NULL, NULL, '13.73695', '100.59741', NULL, 1, 9, 1, 1, 0, 'Test', 'จุฬารัตน์ มณีวงศ์วัฒนา', 'test@test.com', 'http://www.google.co.th', 'test', 5, 8, 200, NULL, NULL, NULL, NULL, NULL, 'nearly_place', ''),
(159, 'SRT Place', '40  ถ.สุขุมวิท 64 แขวงบางจาก เขตพระโขนง  กรุงเทพ 10260', 2000, 7000, '086-069-8985', 0, NULL, NULL, NULL, '13.688232', '100.605911', NULL, 1, 9, 1, 1, 0, 'Test', 'คุณดวงกมล พาสุกรี', 'test@test.com', 'http://www.google.co.th', 'test', 5, 8, 200, NULL, NULL, NULL, NULL, NULL, 'nearly_place', ''),
(160, 'STS Apartment', '16/75 วิภาวดี 22 (ทองหล่อ) จอมพล จตุจักร กรุงเทพฯ 10900', 2000, 7000, '081-668-6786,0891068116 คุณตุ๊ก', 0, NULL, NULL, NULL, '13.8057', '100.5632', NULL, 1, 9, 1, 1, 0, 'Test', 'คุณ เสน่ห์', 'test@test.com', 'http://www.google.co.th', 'test', 5, 8, 200, NULL, NULL, NULL, NULL, NULL, 'nearly_place', ''),
(161, 'Sriwongsa Apartment', '43/20 ซ.ประชาชื่น 12 ถ.ประชาชื่น แขวงทุ่งสองห้อง เขตหลักสี่ กรุงเทพฯ 10210', 2000, 7000, '081-915-0801', 0, NULL, NULL, NULL, '13.77743', '100.557712', NULL, 1, 9, 1, 1, 0, 'Test', 'คุณเอ๋', 'test@test.com', 'http://www.google.co.th', 'test', 5, 8, 200, NULL, NULL, NULL, NULL, NULL, 'nearly_place', ''),
(162, 'EK Aree Mansion', '77/25-26 หมู่ 7 ต.บางโฉลง อ.บางพลี จ.สมุทรปราการ 10540\r\n\r\nซอยอุทัยฟาร์ม', 2000, 7000, '081-836-3002 ,0896745030คุณเล็ก*', 0, NULL, NULL, NULL, '13.618616', '100.756009', NULL, 1, 9, 1, 1, 0, 'Test', 'คุณวันชัย', 'test@test.com', 'http://www.google.co.th', 'test', 5, 8, 200, NULL, NULL, NULL, NULL, NULL, 'nearly_place', ''),
(163, 'Woodlands Hotel & Resort', '172/3 moo 5 Naklua Banglamung Chonburi 20150', 2000, 7000, '081-903-8054', 0, NULL, NULL, NULL, '12.96964', '100.909379', NULL, 1, 9, 1, 1, 0, 'Test', 'detail', 'test@test.com', 'http://www.google.co.th', 'test', 5, 8, 200, NULL, NULL, NULL, NULL, NULL, 'nearly_place', ''),
(164, 'Silarom Mansion', '1/1-2 ซ.อ่อนนุช 44 ถ.สุขุมวิท แขวงสวนหลวง เขต สวนหลวง กรุงเทพฯ10250', 2000, 7000, 'คุณสมเกียรติ 081-845-5734', 0, NULL, NULL, NULL, '13.709655', '100.629513', NULL, 1, 9, 1, 1, 0, 'Test', 'คุณปทุมพร  สมประสงค์', 'test@test.com', 'http://www.google.co.th', 'test', 5, 8, 200, NULL, NULL, NULL, NULL, NULL, 'nearly_place', ''),
(165, 'Samran House', ' 979 ซ.สุทธิพร  ถ.ประชาสงเคราะห์\r\nแขวง ดินแดง 	เขต ดินแดง กทม. 10320', 2000, 7000, '086-8348881', 0, NULL, NULL, NULL, '13.763219', '100.561347', NULL, 1, 9, 1, 1, 0, 'Test', 'คุณปุ๋ย', 'test@test.com', 'http://www.google.co.th', 'test', 5, 8, 200, NULL, NULL, NULL, NULL, NULL, 'nearly_place', ''),
(166, 'I Residence Sathorn', ' 269/29 ถ.ซ.สวนพลู 6  แขวงทุ่งมหาเมฆ เขต สาธร กรุงเทพ', 2000, 7000, '085-1999007', 0, NULL, NULL, NULL, '13.777166', '100.557456', NULL, 1, 9, 1, 1, 0, 'Test', 'คุณป๊อป', 'test@test.com', 'http://www.google.co.th', 'test', 5, 8, 200, NULL, NULL, NULL, NULL, NULL, 'nearly_place', ''),
(167, 'Suptem Apartment', ' 93/66 ซอย4/6 หมู่บ้านบัวทอง ถ.กาญจนาภิเษก แขวง บางรักพัฒนา เขต บางบัวทอง จ.นนทบุรี 11110', 2000, 7000, '081-8440013', 0, NULL, NULL, NULL, '13.777166', '100.557455', NULL, 1, 9, 1, 1, 0, 'Test', 'คุณสุกัญญา', 'test@test.com', 'http://www.google.co.th', 'test', 5, 8, 200, NULL, NULL, NULL, NULL, NULL, 'nearly_place', ''),
(168, 'Rattana Apartment', ' 66  ถ.จรัญสนิทวงศ์ ซ.จรัญสนิทวงศ์ 44  แขวงบางยี่ขัน เขต บางพลัด กทม. 10700', 2000, 7000, '081-2531122', 0, NULL, NULL, NULL, '13.77755', '100.488', NULL, 1, 9, 1, 1, 0, 'Test', 'วีรชาติ พรหมายน', 'test@test.com', 'http://www.google.co.th', 'test', 5, 8, 200, NULL, NULL, NULL, NULL, NULL, 'nearly_place', ''),
(169, 'Ratchanee Place', ' 362/1 ถ.ซ.ประชาสงเคราะห์ 29\r\nแขวง ดินแดง 	เขต ดินแดง กทม.10400', 2000, 7000, '089-7672847', 0, NULL, NULL, NULL, '13.777992', '100.562367', NULL, 1, 9, 1, 1, 0, 'Test', 'คุณจอย', 'test@test.com', 'http://www.google.co.th', 'test', 5, 8, 200, NULL, NULL, NULL, NULL, NULL, 'nearly_place', ''),
(170, 'Anuntawit', '1112/81-84 ศูนย์การค้าพระโขนงฝั่งใต้  ถ.สุขุมวิท แขวง พระโขนง เขตคลองเตย กรุงเทพฯ 10110', 2000, 7000, '081-6275099 คุณอนุสรณ์', 0, NULL, NULL, NULL, '13.71204', '100.59313', NULL, 1, 9, 1, 1, 0, 'Test', 'คุณอนันต์', 'test@test.com', 'http://www.google.co.th', 'test', 5, 8, 200, NULL, NULL, NULL, NULL, NULL, 'nearly_place', ''),
(171, 'Sudsakon', 'ซอยรามอินทรา 9', 2000, 7000, '0878219981', 0, NULL, NULL, NULL, '13.86921', '100.60898', NULL, 1, 9, 1, 1, 0, 'Test', 'คุณธวัชชัย', 'test@test.com', 'http://www.google.co.th', 'test', 5, 8, 200, NULL, NULL, NULL, NULL, NULL, 'nearly_place', ''),
(172, 'Poboonkoom', '283/5 ซอยพหลโยธิน 53 ถ.พหลโยธิน แขวงอนุสาวรีย์ เขตบางเขน กรงเทพฯ', 2000, 7000, '081-845-2739', 0, NULL, NULL, NULL, '13.87196', '100.59004', NULL, 1, 9, 1, 1, 0, 'Test', 'คุณประเสริฐ', 'test@test.com', 'http://www.google.co.th', 'test', 5, 8, 200, NULL, NULL, NULL, NULL, NULL, 'nearly_place', ''),
(173, 'Poonsawat', '18 ซ.เมตตาใต้ ถ.ประชาสงเคราะห์ 14 (ซ.เมตตาใต้) แขวงเขตดินแดง กรุงเทพฯ 10400 (อพาร์ทเมนท์สีเขียวอยู่ขวามือสุดซอย)\r\n', 2000, 7000, '087-2299-333', 0, NULL, NULL, NULL, '13.76785', '100.56395', NULL, 1, 9, 1, 1, 0, 'Test', 'คุณชุมพล', 'test@test.com', 'http://www.google.co.th', 'test', 5, 8, 200, NULL, NULL, NULL, NULL, NULL, 'nearly_place', ''),
(174, 'C.T. Mansion', '564 ซ.รามอินทรา 32 ถ.รามอินทรา แขวงท่าแร้ง เขตบางเขน กทม. 10230', 2000, 7000, '022261232-3,089-924-9953 คุณชาลี', 0, NULL, NULL, NULL, '13.850984', '100.637522', NULL, 1, 9, 1, 1, 0, 'Test', 'คุณอุดม', 'test@test.com', 'http://www.google.co.th', 'test', 5, 8, 200, NULL, NULL, NULL, NULL, NULL, 'nearly_place', ''),
(175, 'Beautiful Mansion', '126 ซอย สุภาพงษ์ 3 แยก 5-2 ถนน ศรีนครินทร์ แขวง หนองบอน เขต ประเวศ\r\nกรุงเทพฯ 10250', 2000, 7000, '081-3009653 คุณแจง', 0, NULL, NULL, NULL, '13.692522', '100.640734', NULL, 1, 9, 1, 1, 0, 'Test', 'คูณสุภามาศ', 'test@test.com', 'http://www.google.co.th', 'test', 5, 8, 200, NULL, NULL, NULL, NULL, NULL, 'nearly_place', ''),
(176, 'S.M. Apartment', ' 4/50  ถ.สุขาภิบาล 5 แขวงสายไหม เขตสายไหม กรุงเทพฯ 10220', 2000, 7000, '084-2108751', 0, NULL, NULL, NULL, '13.91676', '100.681758', NULL, 1, 9, 1, 1, 0, 'Test', 'คุณหมวย', 'test@test.com', 'http://www.google.co.th', 'test', 5, 8, 200, NULL, NULL, NULL, NULL, NULL, 'nearly_place', ''),
(177, 'Siri Place', '469  ถ.ซอยชานเมือง 3 แขวงดินแดง  เขต ดินแดง กรุงเทพฯ', 2000, 7000, '089-8129233', 0, NULL, NULL, NULL, '13.77107', '100.56811', NULL, 1, 9, 1, 1, 0, 'Test', 'คุณสมชาย', 'test@test.com', 'http://www.google.co.th', 'test', 5, 8, 200, NULL, NULL, NULL, NULL, NULL, 'nearly_place', ''),
(178, 'Weeraphat_Apartment', '18 ซอยบางนา-ตราด 19 แยก 7 ถนน  บางนา-ตราด แขวง บางนา เขต บางนา\r\nกรุงเทพฯ 10260', 2000, 7000, ' 081-918-9081', 0, NULL, NULL, NULL, '13.67151', '100.62937', NULL, 1, 9, 1, 1, 0, 'Test', 'คุณวีระ', 'test@test.com', 'http://www.google.co.th', 'test', 5, 8, 200, NULL, NULL, NULL, NULL, NULL, 'nearly_place', ''),
(179, 'Jit-Adul', '95/30 ถ.งามวงศ์วาน แขวงทุ่งสองห้อง\r\nเขตหลักสี่ กรุงเทพฯ\r\n', 2000, 7000, '0840782310', 0, NULL, NULL, NULL, '13.85461', '100.54525', NULL, 1, 9, 1, 1, 0, 'Test', 'คุณจริยดา', 'test@test.com', 'http://www.google.co.th', 'test', 5, 8, 200, NULL, NULL, NULL, NULL, NULL, 'nearly_place', ''),
(180, 'BaanWorachat', '152  ซ.เพชรบุรี 6 ถ.เพชรบุรี แขวงถนนเพชรบุรี เขตราชเทวี\r\nกทม. 10400', 2000, 7000, '089-965-4853', 0, NULL, NULL, NULL, '13.754591', '100.524963', NULL, 1, 9, 1, 1, 0, 'Test', 'คุณหนิง', 'test@test.com', 'http://www.google.co.th', 'test', 5, 8, 200, NULL, NULL, NULL, NULL, NULL, 'nearly_place', ''),
(181, 'Y.O. Place', '223 ซ.สุขุมวิท 16 คลองเตย กรุงเทพ 10110', 2000, 7000, '0863428709,0819859955, 086-3394595', 0, NULL, NULL, NULL, '13.777415', '100.557745', NULL, 1, 9, 1, 1, 0, 'Test', 'คุณวัชรินทร์', 'test@test.com', 'http://www.google.co.th', 'test', 5, 8, 200, NULL, NULL, '1', '1', '11000', 'nearly_place', ''),
(182, 'BaanWiliya', 'หอการค้า', 2000, 7000, '089-6923838', 0, NULL, NULL, NULL, '13.773569', '100.558935', NULL, 1, 9, 1, 1, 0, 'Test', 'คุณเยาวนิตย์', 'test@test.com', 'http://www.google.co.th', 'test', 5, 8, 200, NULL, NULL, NULL, NULL, NULL, 'nearly_place', ''),
(183, 'Numwong Mansion', '5/6 ซ.ศรีนครินทร์ 53 (ซ.หวังงาม)  ถศรีนครินทร์ แขวงหนองบอน เขตประเวศ กทม. 10250', 2000, 7000, '081-442-7787', 0, NULL, NULL, NULL, '13.69073', '100.65004', NULL, 1, 9, 1, 1, 0, 'Test', ' คุณ ธันวา 0865757533  ติดต่อเบอร์นี้ก่อน', 'test@test.com', 'http://www.google.co.th', 'test', 5, 8, 200, NULL, NULL, NULL, NULL, NULL, 'nearly_place', ''),
(184, 'Green House', ' 7 ซอยพหลโยธิน 30 ถ.พหลโยธิน\r\nแขวงจันทรเกษม เขต จตุจักร\r\nกรุงเทพฯ 	10900', 2000, 7000, '086-9731133', 0, NULL, NULL, NULL, '13.831308', '100.568314', NULL, 1, 9, 1, 1, 0, 'Test', 'คุณอาร์ท', 'test@test.com', 'http://www.google.co.th', 'test', 5, 8, 200, NULL, NULL, NULL, NULL, NULL, 'nearly_place', ''),
(185, 'Thanyanun', ' 49/9 ซอยอ่อนนุช 36 ถนน สุขุมวิท 77 แขวง สวนหลวง เขต สวนหลวง\r\nกรุงเทพฯ  10250', 2000, 7000, '081-559-2006,081-9322360*', 0, NULL, NULL, NULL, '13.70671', '100.62605', NULL, 1, 9, 1, 1, 0, 'Test', 'คุณวรุต มหาวาณิชย์วงศ์', 'test@test.com', 'http://www.google.co.th', 'test', 5, 8, 200, NULL, NULL, NULL, NULL, NULL, 'nearly_place', ''),
(186, 'ThongNgernMansion', '1479 ถ.ลาดกระบัง แขวงลาดกระบัง เขตลาดกระบัง กรุงเทพฯ 10520', 2000, 7000, ' 081-731-8827,086-368-2054 คุณน้อง', 0, NULL, NULL, NULL, '13.720646', '100.794282', NULL, 1, 9, 1, 1, 0, 'Test', 'คุณสามารถ ทองเงิน', 'test@test.com', 'http://www.google.co.th', 'test', 5, 8, 200, NULL, NULL, NULL, NULL, NULL, 'nearly_place', ''),
(187, 'WattanaApartmentBaanChawawut', ' 1767, 1767/1 ซอยพัฒนาการ 37 ถนน  พัฒนาการ แขวง สวนหลวง เขต สวนหลวง กรุงเทพฯ 10250', 2000, 7000, '086-559-6448', 0, NULL, NULL, NULL, '13.73695', '100.59741', NULL, 1, 9, 1, 1, 0, 'Test', 'คุณชัด', 'test@test.com', 'http://www.google.co.th', 'test', 5, 8, 200, NULL, NULL, NULL, NULL, NULL, 'nearly_place', ''),
(188, 'Malai Mansion_Patthanakarn', '115 ซ.พัฒนาการ 32 ถ.พัฒนาการ เขตประเวศ แขวงสวนหลวง กทม. 10250', 2000, 7000, '084-011-6905', 0, NULL, NULL, NULL, '13.73452', '100.62101', NULL, 1, 9, 1, 1, 0, 'Test', 'คุณอรนุช', 'test@test.com', 'http://www.google.co.th', 'test', 5, 8, 200, NULL, NULL, NULL, NULL, NULL, 'nearly_place', ''),
(189, 'Metro Place_ Ramintra', ' 43/14 ซ.รามอินทรา8  ถนน รามอินทรา แขวง อนุสาวรีย์ เขต บางเขน\r\nกรุงเทพฯ 10220', 2000, 7000, '081-9342626', 0, NULL, NULL, NULL, '13.8553', '100.62509', NULL, 1, 9, 1, 1, 0, 'Test', 'คุณอนุชา', 'test@test.com', 'http://www.google.co.th', 'test', 5, 8, 200, NULL, NULL, NULL, NULL, NULL, 'nearly_place', ''),
(190, 'Central Place Hotel', '1242/469 ถ.เอกชัย ต.มหาชัย อ.เมือง จ.สมุทรสาคร 74000', 2000, 7000, '086-805-3377', 0, NULL, NULL, NULL, '13.545656', '100.261013', NULL, 1, 9, 1, 1, 0, 'Test', 'คุณบัญลือศักดิ์', 'test@test.com', 'http://www.google.co.th', 'test', 5, 8, 200, NULL, NULL, NULL, NULL, NULL, 'nearly_place', ''),
(191, 'Kritsada Premier Place 2', '25 หมู่ 4 ต.มาบยางพร อ.ปลวกแดง จ.ระยอง 21140', 2000, 7000, 'คุณพนมชัย  088-5782976', 0, NULL, NULL, NULL, '12.994589', '101.100442', 0, 1, 9, 1, 1, 0, 'Test', 'คุณนิ 083-075-0023', 'test@test.com', 'http://www.google.co.th', 'test', 5, 8, 200, NULL, NULL, NULL, NULL, NULL, 'nearly_place', ''),
(192, 'Natural Beach Hotel', '216 ม.10 ซ.พัทยา11 อ.บางละมุง จ.ชลบุรี 20150', 2000, 7000, '086-9895888', 0, NULL, NULL, NULL, '13.777359', '100.557809', NULL, 1, 9, 1, 1, 0, 'Test', 'คุณไพชยนต์  ศิลารมณ์', 'test@test.com', 'http://www.google.co.th', 'test', 5, 8, 200, NULL, NULL, NULL, NULL, NULL, 'nearly_place', ''),
(193, 'Group House', ' 5073/7 ถ.ประชาสงเคราะห์ ซ.ประชาสงเคราะห์ 25 แขวงดินแดง เขตดินแดง กทม. 10400', 2000, 7000, '081-701-5028 คุณปู*', 0, NULL, NULL, NULL, '13.774281', '100.560518', NULL, 1, 9, 1, 1, 0, 'Test', ' คุณนก(เจ้าของ)', 'test@test.com', 'http://www.google.co.th', 'test', 5, 8, 200, NULL, NULL, NULL, NULL, NULL, 'nearly_place', ''),
(194, 'Sathorn Terrace', '210 ถนน  สาทรเหนือ แขวง 	สีลม เขตบางรัก กรุงเทพฯ', 2000, 7000, '086-3671056', 0, NULL, NULL, NULL, '13.71845', '100.51656', NULL, 1, 9, 1, 1, 0, 'Test', 'คุณจักกฤช', 'test@test.com', 'http://www.google.co.th', 'test', 5, 8, 200, NULL, NULL, NULL, NULL, NULL, 'nearly_place', ''),
(195, 'Metro Place_Chinnaket', '117/141 หมู่6 ซอยชินเขต 2/6  ถ.งามวงศ์วาน แขวง ทุ่งสองห้อง เขต หลักสี่\r\nกรุงเทพฯ 10210', 2000, 7000, '081-9342626', 0, NULL, NULL, NULL, '13.85813', '100.55703', NULL, 1, 9, 1, 1, 0, 'Test', 'คุณอนุชา', 'test@test.com', 'http://www.google.co.th', 'test', 5, 8, 200, NULL, NULL, NULL, NULL, NULL, 'nearly_place', ''),
(196, 'BanSatreeSrivisarn', 'ซอยรามคำแหง 52', 2000, 7000, '089-675-7199', 0, NULL, NULL, NULL, '13.76177', '100.64308', NULL, 1, 9, 1, 1, 0, 'Test', 'คุณเอกอดุลย์', 'test@test.com', 'http://www.google.co.th', 'test', 5, 8, 200, NULL, NULL, NULL, NULL, NULL, 'nearly_place', ''),
(197, 'Kenjo Place', '8 ซ.อุดมสุข 42(แยก 9) แขวงบางนา เขตบางนา กรุงเทพฯ 10260\r\n(บางนาตราด ซ.19 แยก 9)', 2000, 7000, '086-747-0205 คุณ ชื่นจิตต์', 0, NULL, NULL, NULL, '13.671947', '100.629637', NULL, 1, 9, 1, 1, 0, 'Test', 'คุณปุ้ม', 'test@test.com', 'http://www.google.co.th', 'test', 5, 8, 200, NULL, NULL, NULL, NULL, NULL, 'nearly_place', ''),
(198, 'A.P. Tower Apartment', '200/73 ถ.เพชรเกษม ต.อ้อมน้อย อ.กระทุ่มแบน จ.สมุทรสาคร 74130', 2000, 7000, '083-0652214,081-3024645*', 0, NULL, NULL, NULL, '13.802847', '100.31594', NULL, 1, 9, 1, 1, 0, 'Test', 'คุณธนันชัย', 'test@test.com', 'http://www.google.co.th', 'test', 5, 8, 200, NULL, NULL, NULL, NULL, NULL, 'nearly_place', ''),
(199, 'Chaiyanan Apartment', '5 ซ.ราม 36/1  ถนน รามคำแหง \r\nแขวง หัวหมาก เขต บางกะปิ กรุงเทพ  10240\r\n', 2000, 7000, '081-3481539', 0, NULL, NULL, NULL, '13.760415', '100.63777', NULL, 1, 9, 1, 1, 0, 'Test', 'คุณแขก', 'test@test.com', 'http://www.google.co.th', 'test', 5, 8, 200, NULL, NULL, NULL, NULL, NULL, 'nearly_place', ''),
(200, 'TheNarathiwas', 'พระราม 3', 2000, 7000, '086-3930893', 0, NULL, NULL, NULL, '13.699759', '100.537716', NULL, 1, 9, 1, 1, 0, 'Test', 'คุณพิสุทธิ์', 'test@test.com', 'http://www.google.co.th', 'test', 5, 8, 200, NULL, NULL, NULL, NULL, NULL, 'nearly_place', ''),
(201, '', '', 0, 0, '', 0, NULL, NULL, NULL, NULL, NULL, NULL, 0, NULL, 0, 7, 0, NULL, '', '', NULL, '', 0, 0, NULL, NULL, NULL, NULL, NULL, NULL, NULL, ''),
(202, '', '', 0, 0, '', 0, NULL, NULL, NULL, NULL, NULL, NULL, 0, NULL, 0, 7, 0, NULL, '', '', NULL, '', 0, 0, NULL, NULL, NULL, NULL, NULL, NULL, NULL, ''),
(203, 'แอ๊บเปิ้ลบิน', 'test', 0, 0, '0871286230', 0, '2012-09-28 00:00:00', '2012-09-27 17:42:36', 'mama', '1.111', '1.111', NULL, 1, NULL, 1, 7, 0, 'test', 'jessada', 'exodist@gmail.com', '', '6', 0, 0, NULL, NULL, NULL, '0', '64', '12345', NULL, 'แอ๊บเปิ้ลบิน'),
(204, '', '', 0, 0, '', 0, NULL, NULL, NULL, NULL, NULL, NULL, 0, NULL, 0, 6, 0, NULL, '', '', NULL, '', 0, 0, NULL, NULL, NULL, NULL, NULL, NULL, NULL, ''),
(205, '', '', 0, 0, '', 0, NULL, NULL, NULL, NULL, NULL, NULL, 0, NULL, 0, 6, 0, NULL, '', '', NULL, '', 0, 0, NULL, NULL, NULL, NULL, NULL, NULL, NULL, ''),
(206, '', '', 0, 0, '', 0, NULL, NULL, NULL, NULL, NULL, NULL, 0, NULL, 0, 6, 0, NULL, '', '', NULL, '', 0, 0, NULL, NULL, NULL, NULL, NULL, NULL, NULL, ''),
(207, '', '', 0, 0, '', 0, NULL, NULL, NULL, NULL, NULL, NULL, 0, NULL, 0, 6, 0, NULL, '', '', NULL, '', 0, 0, NULL, NULL, NULL, NULL, NULL, NULL, NULL, ''),
(208, 'กดเกดเกดเ', 'หกดหกดหกดหกด', 0, 0, '', 0, NULL, '2012-09-28 16:02:31', NULL, '', '', NULL, 0, NULL, 1, 6, 0, '', '', '', '', '', 0, 0, NULL, NULL, NULL, '0', '64', '', NULL, ''),
(209, '', '', 0, 0, '', 0, NULL, NULL, NULL, NULL, NULL, NULL, 0, NULL, 0, 6, 0, NULL, '', '', NULL, '', 0, 0, NULL, NULL, NULL, NULL, NULL, NULL, NULL, ''),
(210, '', '', 0, 0, '', 0, NULL, NULL, NULL, NULL, NULL, NULL, 0, NULL, 0, 6, 0, NULL, '', '', NULL, '', 0, 0, NULL, NULL, NULL, NULL, NULL, NULL, NULL, ''),
(211, '', '', 0, 0, '', 0, NULL, NULL, NULL, NULL, NULL, NULL, 0, NULL, 0, 14, 0, NULL, '', '', NULL, '', 0, 0, NULL, NULL, NULL, NULL, NULL, NULL, NULL, ''),
(212, 'manesz bulding', '30 bangna sukumvit103', 1500, 12000, '027477635', 2, '2013-02-12 11:23:24', '2013-02-28 18:03:02', 'pgmmanesz', '10.0', '100.0', 0, 1, 2, 1, 14, 0, 'aaaaaaaaaaaaaaaaaaaaaaa', 'manesz', 'manesz13@gmail.com', 'www.abc.com', '8000', 12, 25, 300, NULL, NULL, '11', '1', '10260', 'SeaconSquare', 'manesz-bulding'),
(213, 'manesz bulding', '30 bangna sukumvit103', 0, 0, '027477635', NULL, '2013-02-12 11:23:25', NULL, NULL, '10.0', '100.0', 0, 1, 2, 2, 14, 0, 'aaaaaaaaaaaaaaaaaaaaaaa', 'manesz', 'manesz13@gmail.com', 'www.abc.com', '8000', 12, 25, 300, NULL, NULL, NULL, NULL, NULL, 'SeaconSquare', 'manesz-bulding'),
(214, 'manesz bulding', '30 bangna sukumvit103', 0, 0, '027477635', NULL, '2013-02-12 11:23:25', NULL, NULL, '10.0', '100.0', 0, 1, 2, 2, 14, 0, 'aaaaaaaaaaaaaaaaaaaaaaa', 'manesz', 'manesz13@gmail.com', 'www.abc.com', '8000', 12, 25, 300, NULL, NULL, NULL, NULL, NULL, 'SeaconSquare', 'manesz-bulding'),
(215, 'manesz bulding', '30 bangna sukumvit103', 0, 0, '027477635', NULL, '2013-02-12 11:23:26', NULL, NULL, '10.0', '100.0', 0, 1, 2, 2, 14, 0, 'aaaaaaaaaaaaaaaaaaaaaaa', 'manesz', 'manesz13@gmail.com', 'www.abc.com', '8000', 12, 25, 300, NULL, NULL, NULL, NULL, NULL, 'SeaconSquare', 'manesz-bulding'),
(216, 'manesz bulding', '30 bangna sukumvit103', 0, 0, '027477635', NULL, '2013-02-12 11:23:26', NULL, NULL, '10.0', '100.0', 0, 1, 2, 2, 14, 0, 'aaaaaaaaaaaaaaaaaaaaaaa', 'manesz', 'manesz13@gmail.com', 'www.abc.com', '8000', 12, 25, 300, NULL, NULL, NULL, NULL, NULL, 'SeaconSquare', 'manesz-bulding'),
(217, 'manesz bulding', '30 bangna sukumvit103', 0, 0, '027477635', NULL, '2013-02-12 11:23:26', NULL, NULL, '10.0', '100.0', 0, 1, 2, 2, 14, 0, 'aaaaaaaaaaaaaaaaaaaaaaa', 'manesz', 'manesz13@gmail.com', 'www.abc.com', '8000', 12, 25, 300, NULL, NULL, NULL, NULL, NULL, 'SeaconSquare', 'manesz-bulding'),
(218, 'manesz bulding', '30 bangna sukumvit103', 0, 0, '027477635', NULL, '2013-02-12 11:23:26', NULL, NULL, '10.0', '100.0', 0, 1, 2, 2, 14, 0, 'aaaaaaaaaaaaaaaaaaaaaaa', 'manesz', 'manesz13@gmail.com', 'www.abc.com', '8000', 12, 25, 300, NULL, NULL, NULL, NULL, NULL, 'SeaconSquare', 'manesz-bulding'),
(219, 'manesz bulding', '30 bangna sukumvit103', 0, 0, '027477635', NULL, '2013-02-12 11:23:27', NULL, NULL, '10.0', '100.0', 0, 1, 2, 2, 14, 1, 'aaaaaaaaaaaaaaaaaaaaaaa', 'manesz', 'manesz13@gmail.com', 'www.abc.com', '8000', 12, 25, 300, NULL, NULL, NULL, NULL, NULL, 'SeaconSquare', 'manesz-bulding'),
(220, '', '', 0, 0, '', 0, NULL, NULL, NULL, NULL, NULL, NULL, 0, NULL, 0, 14, 0, NULL, '', '', NULL, '', 0, 0, NULL, NULL, NULL, NULL, NULL, NULL, NULL, ''),
(221, 'Test B', 'Bangna', 0, 0, '0800000000', NULL, '2013-02-28 10:36:24', NULL, NULL, '13.0', '101.0', 0, 1, 8, 3, 16, 0, 'sdfsdfsdfsdf', 'Mick', 'm@mail.com', NULL, '5000', 12, 20, 300, NULL, NULL, NULL, NULL, NULL, NULL, 'Test-B'),
(222, '', '', 0, 0, '', 0, NULL, NULL, NULL, NULL, NULL, NULL, 0, NULL, 0, 14, 0, NULL, '', '', NULL, '', 0, 0, NULL, NULL, NULL, NULL, NULL, NULL, NULL, ''),
(223, '', '', 0, 0, '', 0, NULL, NULL, NULL, NULL, NULL, NULL, 0, NULL, 0, 14, 0, NULL, '', '', NULL, '', 0, 0, NULL, NULL, NULL, NULL, NULL, NULL, NULL, ''),
(224, '', '', 0, 0, '', 0, NULL, NULL, NULL, NULL, NULL, NULL, 0, NULL, 0, 14, 0, NULL, '', '', NULL, '', 0, 0, NULL, NULL, NULL, NULL, NULL, NULL, NULL, ''),
(225, '', '', 0, 0, '', 0, NULL, NULL, NULL, NULL, NULL, NULL, 0, NULL, 0, 14, 0, NULL, '', '', NULL, '', 0, 0, NULL, NULL, NULL, NULL, NULL, NULL, NULL, '');

-- --------------------------------------------------------

--
-- Table structure for table `building_type`
--

CREATE TABLE IF NOT EXISTS `building_type` (
  `id` int(11) NOT NULL auto_increment,
  `type_name` varchar(255) NOT NULL,
  `deleted` tinyint(1) default NULL,
  PRIMARY KEY  (`id`)
) ENGINE=InnoDB  DEFAULT CHARSET=utf8 AUTO_INCREMENT=5 ;

--
-- Dumping data for table `building_type`
--

INSERT INTO `building_type` (`id`, `type_name`, `deleted`) VALUES
(1, 'อพาร์ทเม้นต์', 0),
(2, 'หอพักชาย', 0),
(3, 'หอพักหญิง', 0),
(4, 'ssssssssssssss', 1);

-- --------------------------------------------------------

--
-- Table structure for table `facility2site`
--

CREATE TABLE IF NOT EXISTS `facility2site` (
  `id` int(11) NOT NULL auto_increment,
  `building_site_id` int(11) NOT NULL,
  `facilitylist_id` int(11) NOT NULL,
  `deleted` tinyint(1) default NULL,
  PRIMARY KEY  (`id`)
) ENGINE=InnoDB  DEFAULT CHARSET=utf8 AUTO_INCREMENT=203 ;

--
-- Dumping data for table `facility2site`
--

INSERT INTO `facility2site` (`id`, `building_site_id`, `facilitylist_id`, `deleted`) VALUES
(151, 1, 1, 0),
(152, 1, 4, 0),
(153, 1, 7, 0),
(154, 1, 16, 0),
(155, 1, 14, 0),
(156, 1, 15, 0),
(157, 1, 12, 0),
(158, 1, 9, 0),
(159, 1, 6, 0),
(160, 1, 27, 0),
(161, 1, 26, 0),
(162, 2, 1, 0),
(163, 2, 4, 0),
(164, 2, 14, 0),
(165, 2, 11, 0),
(166, 2, 8, 0),
(167, 2, 12, 0),
(168, 2, 15, 0),
(169, 2, 21, 0),
(170, 2, 22, 0),
(171, 2, 25, 0),
(172, 2, 26, 0),
(173, 3, 1, 0),
(174, 3, 4, 0),
(175, 3, 14, 0),
(176, 3, 11, 0),
(177, 3, 8, 0),
(178, 3, 5, 0),
(179, 3, 9, 0),
(180, 3, 12, 0),
(181, 3, 18, 0),
(182, 3, 21, 0),
(183, 3, 24, 0),
(184, 3, 29, 0),
(185, 3, 28, 0),
(186, 3, 25, 0),
(187, 3, 19, 0),
(188, 3, 16, 0),
(189, 1, 18, 0),
(190, 1, 21, 0),
(191, 212, 2, 0),
(192, 212, 4, 0),
(193, 212, 6, 0),
(194, 212, 11, 0),
(195, 212, 1, 0),
(196, 212, 5, 0),
(197, 212, 30, 0),
(198, 212, 16, 0),
(199, 212, 20, 0),
(200, 212, 26, 0),
(201, 212, 24, 0),
(202, 212, 28, 1);

-- --------------------------------------------------------

--
-- Table structure for table `facilitylist`
--

CREATE TABLE IF NOT EXISTS `facilitylist` (
  `id` int(11) NOT NULL auto_increment,
  `facility_name` varchar(255) NOT NULL,
  `facility_type` varchar(255) NOT NULL,
  `display` tinyint(1) default NULL,
  `deleted` tinyint(1) default NULL,
  PRIMARY KEY  (`id`)
) ENGINE=InnoDB  DEFAULT CHARSET=utf8 AUTO_INCREMENT=32 ;

--
-- Dumping data for table `facilitylist`
--

INSERT INTO `facilitylist` (`id`, `facility_name`, `facility_type`, `display`, `deleted`) VALUES
(1, 'อินเตอร์เน็ต', 'inroom', 1, 0),
(2, 'อินเตอร์เน็ตไร้สาย', 'inroom', 1, 0),
(3, 'เครื่องปรับอากาศ', 'inroom', 1, 0),
(4, 'พัดลม', 'inroom', 1, 0),
(5, 'ห้องน้ำส่วนตัว', 'inroom', 1, 0),
(6, 'เครื่องทำน้ำอุ่น', 'inroom', 1, 0),
(7, 'โทรศัพท์สายตรง', 'inroom', 1, 0),
(8, 'เฟอร์นิเจอร์', 'inroom', 1, 0),
(9, 'ห้องครัว', 'inroom', 1, 0),
(10, 'ระเบียง', 'inroom', 1, 0),
(11, 'เคเบิ้ลทีวี/ดาวเทียม', 'inroom', 1, 0),
(12, 'อนุญาตให้เลี้ยงสัตว์', 'inroom', 1, 0),
(13, 'ที่จอดรถ', 'outroom', 1, 0),
(14, 'คีย์การ์ด', 'outroom', 1, 0),
(15, 'ยามรักษาความปลอดภัย', 'outroom', 1, 0),
(16, 'กล้องวงจรปิด', 'outroom', 1, 0),
(17, 'ไฟฉุกเฉิน', 'outroom', 1, 0),
(18, 'ตู้ซักผ้าหยอดเหรียญ', 'outroom', 1, 0),
(19, 'ตู้น้ำหยอดเหรียญ', 'outroom', 1, 0),
(20, 'ลิฟท์', 'outroom', 1, 0),
(21, 'บริการซัก อบ รีด', 'outroom', 1, 0),
(22, 'บริการคอมพิวเตอร์', 'outroom', 1, 0),
(23, 'ร้านอาหาร', 'outroom', 1, 0),
(24, 'มินิมาร์ท', 'outroom', 1, 0),
(25, 'ฟิตเนส', 'outroom', 1, 0),
(26, 'สระว่ายน้ำ', 'outroom', 1, 0),
(27, 'สวนสารธาณะ', 'outroom', 1, 0),
(28, 'ร้านเสริมสวย', 'outroom', 1, 0),
(29, 'ทำความสะอาดห้อง(ฟรี)', 'outroom', 1, 0),
(30, 'ทำความสะอาดห้อง(ไม่ฟรี)', 'outroom', 1, 0),
(31, 'aaaa', 'inroom', 1, 0);

-- --------------------------------------------------------

--
-- Table structure for table `ftr_log`
--

CREATE TABLE IF NOT EXISTS `ftr_log` (
  `id` int(11) NOT NULL auto_increment,
  `tablename` varchar(255) NOT NULL,
  `username` varchar(255) NOT NULL,
  `user_type` varchar(255) NOT NULL,
  `datetimestamp` datetime NOT NULL,
  `pk_id` int(11) NOT NULL,
  PRIMARY KEY  (`id`)
) ENGINE=InnoDB DEFAULT CHARSET=utf8 AUTO_INCREMENT=1 ;

--
-- Dumping data for table `ftr_log`
--


-- --------------------------------------------------------

--
-- Table structure for table `ftr_logdetail`
--

CREATE TABLE IF NOT EXISTS `ftr_logdetail` (
  `id` int(11) NOT NULL auto_increment,
  `ftr_log_id` int(11) NOT NULL,
  `action` varchar(255) NOT NULL,
  `fieldname` varchar(255) NOT NULL,
  `fieldvalue` longtext NOT NULL,
  PRIMARY KEY  (`id`)
) ENGINE=InnoDB DEFAULT CHARSET=utf8 AUTO_INCREMENT=1 ;

--
-- Dumping data for table `ftr_logdetail`
--


-- --------------------------------------------------------

--
-- Table structure for table `image`
--

CREATE TABLE IF NOT EXISTS `image` (
  `id` int(11) NOT NULL auto_increment,
  `building_site_id` int(11) default NULL,
  `roomtype2site_id` int(11) default NULL,
  `photo_name` varchar(127) NOT NULL,
  `photo_type` varchar(127) NOT NULL,
  `deleted` tinyint(1) default NULL,
  `description` varchar(255) NOT NULL,
  `sequence` int(11) default NULL,
  PRIMARY KEY  (`id`)
) ENGINE=InnoDB  DEFAULT CHARSET=utf8 AUTO_INCREMENT=31 ;

--
-- Dumping data for table `image`
--

INSERT INTO `image` (`id`, `building_site_id`, `roomtype2site_id`, `photo_name`, `photo_type`, `deleted`, `description`, `sequence`) VALUES
(1, 1, NULL, '1347963292.jpg', 'gallery', NULL, '123', 0),
(2, 1, NULL, '1347963305.jpg', 'gallery', NULL, '456', 1),
(3, 1, NULL, '1347963327.jpg', 'gallery', NULL, '789', 2),
(4, 1, NULL, '1348023001.jpg', 'gallery', NULL, '101112', 3),
(5, 1, NULL, '1348023010.jpg', 'gallery', NULL, 'abc', 4),
(6, 2, NULL, '', 'gallery', 0, '', 0),
(7, 1, NULL, '', 'gallery', 0, '', 0),
(8, 1, NULL, '1348655179.jpg', 'head', 0, '', 0),
(9, 1, NULL, '1348655185.jpg', 'map', 0, '', 0),
(10, 1, 1, '1348655720.png', 'room', 0, '', 0),
(11, 3, NULL, '', 'gallery', 0, '', 0),
(12, 4, NULL, '', 'gallery', 0, '', 0),
(13, 5, NULL, '', 'gallery', 0, '', 0),
(14, 6, NULL, '', 'gallery', 0, '', 0),
(15, 10, NULL, '', 'gallery', 0, '', 0),
(16, 11, NULL, '', 'gallery', 0, '', 0),
(17, 12, NULL, '', 'gallery', 0, '', 0),
(18, 13, NULL, '', 'gallery', 0, '', 0),
(19, 14, NULL, '', 'gallery', 0, '', 0),
(20, 16, NULL, '', 'gallery', 0, '', 0),
(21, 218, NULL, '1360643624.jpg', 'gallery', 0, '', 0),
(22, 218, NULL, '1360643634.jpg', 'gallery', 0, '', 1),
(23, 212, 8, '1362048728.jpg', 'room', 0, '', 0),
(24, 212, 9, '1362048771.jpg', 'room', 0, '', 1),
(25, 212, 10, '1362048784.jpg', 'room', 0, '', 2),
(26, 212, NULL, '1362049144.jpg', 'head', 0, '', 0),
(27, 212, NULL, '1362049268.jpg', 'map', 0, '', 0),
(28, 212, NULL, '1362049346.jpg', 'gallery', 0, '', 0),
(29, 212, NULL, '1362049353.jpg', 'gallery', 0, '', 1),
(30, 212, NULL, '1362049361.jpg', 'gallery', 0, '', 2);

-- --------------------------------------------------------

--
-- Table structure for table `menus`
--

CREATE TABLE IF NOT EXISTS `menus` (
  `id` int(11) NOT NULL auto_increment,
  `title` varchar(255) NOT NULL,
  `link` varchar(255) NOT NULL,
  `parents` int(11) NOT NULL,
  `publish` int(11) NOT NULL,
  PRIMARY KEY  (`id`)
) ENGINE=InnoDB DEFAULT CHARSET=utf8 AUTO_INCREMENT=1 ;

--
-- Dumping data for table `menus`
--


-- --------------------------------------------------------

--
-- Table structure for table `nearly2site`
--

CREATE TABLE IF NOT EXISTS `nearly2site` (
  `id` int(11) NOT NULL auto_increment,
  `building_site_id` int(11) NOT NULL,
  `nearly_location_id` int(11) NOT NULL,
  `deleted` tinyint(1) default NULL,
  PRIMARY KEY  (`id`)
) ENGINE=InnoDB  DEFAULT CHARSET=utf8 AUTO_INCREMENT=43 ;

--
-- Dumping data for table `nearly2site`
--

INSERT INTO `nearly2site` (`id`, `building_site_id`, `nearly_location_id`, `deleted`) VALUES
(1, 2, 1, 0),
(2, 2, 46, 0),
(3, 2, 0, 0),
(4, 1, 5, 0),
(5, 1, 41, 0),
(6, 1, 88, 0),
(7, 3, 3, 0),
(8, 3, 33, 0),
(9, 3, 55, 0),
(10, 4, 6, 0),
(11, 4, 37, 0),
(12, 4, 66, 0),
(13, 5, 3, 0),
(14, 5, 34, 0),
(15, 5, 88, 0),
(16, 6, 4, 0),
(17, 6, 35, 0),
(18, 6, 66, 0),
(19, 9, 7, 0),
(20, 9, 35, 0),
(21, 9, 54, 0),
(22, 10, 8, 0),
(23, 10, 37, 0),
(24, 10, 57, 0),
(25, 11, 7, 0),
(26, 11, 37, 0),
(27, 11, 57, 0),
(28, 12, 8, 0),
(29, 12, 36, 0),
(30, 12, 55, 0),
(31, 13, 7, 0),
(32, 13, 36, 0),
(33, 13, 52, 0),
(34, 14, 3, 0),
(35, 14, 33, 0),
(36, 14, 53, 0),
(37, 16, 0, 0),
(38, 16, 35, 0),
(39, 16, 0, 0),
(40, 218, 0, 0),
(41, 218, 0, 0),
(42, 218, 0, 0);

-- --------------------------------------------------------

--
-- Table structure for table `nearly_location`
--

CREATE TABLE IF NOT EXISTS `nearly_location` (
  `id` int(11) NOT NULL auto_increment,
  `nearly_type_id` int(11) NOT NULL,
  `name` varchar(255) NOT NULL,
  `address` longtext,
  `latitude` varchar(127) default NULL,
  `longitude` varchar(127) default NULL,
  `deleted` tinyint(1) default NULL,
  PRIMARY KEY  (`id`)
) ENGINE=InnoDB  DEFAULT CHARSET=utf8 AUTO_INCREMENT=123 ;

--
-- Dumping data for table `nearly_location`
--

INSERT INTO `nearly_location` (`id`, `nearly_type_id`, `name`, `address`, `latitude`, `longitude`, `deleted`) VALUES
(1, 2, 'หมอชิต', NULL, NULL, NULL, 0),
(2, 2, 'สะพานควาย', NULL, NULL, NULL, 0),
(3, 2, 'อารีย์', NULL, NULL, NULL, 0),
(4, 2, 'สนามเป้า', NULL, NULL, NULL, 0),
(5, 2, 'อนุสาวรีย์ชัยสมรภูมิ', NULL, NULL, NULL, 0),
(6, 2, 'พญาไท', NULL, NULL, NULL, 0),
(7, 2, 'ราชเทวี', NULL, NULL, NULL, 0),
(8, 2, 'สยาม', NULL, NULL, NULL, 0),
(9, 2, 'ชิดลม', NULL, NULL, NULL, 0),
(10, 2, 'เพลินจิต', NULL, NULL, NULL, 0),
(11, 2, 'นานา', NULL, NULL, NULL, 0),
(12, 2, 'อโศก', NULL, NULL, NULL, 0),
(13, 2, 'พร้อมพงษ์', NULL, NULL, NULL, 0),
(14, 2, 'ทองหล่อ', NULL, NULL, NULL, 0),
(15, 2, 'เอกมัย', NULL, NULL, NULL, 0),
(16, 2, 'พระโขนง', NULL, NULL, NULL, 0),
(17, 2, 'อ่อนนุช', NULL, NULL, NULL, 0),
(18, 2, 'บางจาก', NULL, NULL, NULL, 0),
(19, 2, 'ปุณณวิถี', NULL, NULL, NULL, 0),
(20, 2, 'อุดมสุข', NULL, NULL, NULL, 0),
(21, 2, 'บางนา', NULL, NULL, NULL, 0),
(22, 2, 'แบริ่ง', NULL, NULL, NULL, 0),
(23, 2, 'สนามกีฬาแห่งชาติ', NULL, NULL, NULL, 0),
(24, 2, 'ราชดำริ', NULL, NULL, NULL, 0),
(25, 2, 'ศาลาแดง', NULL, NULL, NULL, 0),
(26, 2, 'ช่องนนทรี', NULL, NULL, NULL, 0),
(27, 2, 'สุรศักดิ์', NULL, NULL, NULL, 0),
(28, 2, 'สะพานตากสิน', NULL, NULL, NULL, 0),
(29, 2, 'กรุงธนบุรี', NULL, NULL, NULL, 0),
(30, 2, 'วงเวียนใหญ่', NULL, NULL, NULL, 0),
(31, 3, 'หัวลำโพง', NULL, NULL, NULL, 0),
(32, 3, 'สามย่าน', NULL, NULL, NULL, 0),
(33, 3, 'สีลม', NULL, NULL, NULL, 0),
(34, 3, 'ลุมพินี', NULL, NULL, NULL, 0),
(35, 3, 'คลองเตย', NULL, NULL, NULL, 0),
(36, 3, 'ศูนย์การประชุมแห่งชาติสิริกิติ์', NULL, NULL, NULL, 0),
(37, 3, 'สุขุมวิท', NULL, NULL, NULL, 0),
(38, 3, 'เพชรบุรี', NULL, NULL, NULL, 0),
(39, 3, 'พระราม 9', NULL, NULL, NULL, 0),
(40, 3, 'ศูนย์วัฒนธรรมแห่งประเทศไทย', NULL, NULL, NULL, 0),
(41, 3, 'ห้วยขวาง', NULL, NULL, NULL, 0),
(42, 3, 'สุทธิสาร', NULL, NULL, NULL, 0),
(43, 3, 'รัชดาภิเษก', NULL, NULL, NULL, 0),
(44, 3, 'ลาดพร้าว', NULL, NULL, NULL, 0),
(45, 3, 'พหลโยธิน', NULL, NULL, NULL, 0),
(46, 3, 'สวนจตุจักร', NULL, NULL, NULL, 0),
(47, 3, 'กำแพงเพชร', NULL, NULL, NULL, 0),
(49, 3, 'บางซื่อ', NULL, NULL, NULL, 0),
(50, 4, 'จุฬาลงกรณ์มหาวิทยาลัย', NULL, NULL, NULL, 0),
(51, 4, 'มหาวิทยาลัยเกษตรศาสตร์ วิทยาเขตบางเขน', NULL, NULL, NULL, 0),
(52, 4, 'มหาวิทยาลัยธรรมศาสตร์ ท่าพระจันทร์', NULL, NULL, NULL, 0),
(53, 4, 'มหาวิทยาลัยศรีนครินทรวิโรฒ (ประสานมิตร)', NULL, NULL, NULL, 0),
(54, 4, 'มหาวิทยาลัยรามคำแหง', NULL, NULL, NULL, 0),
(55, 4, 'มหาวิทยาลัยศิลปากร วังท่าพระ', NULL, NULL, NULL, 0),
(56, 4, 'มหาวิทยาลัยมหิดล', NULL, NULL, NULL, 0),
(57, 4, 'สถาบันเทคโนโลยีพระจอมเกล้าเจ้าคุณทหารลาดกระบัง', NULL, NULL, NULL, 0),
(58, 4, 'มหาวิทยาลัยเทคโนโลยีพระจอมเกล้าธนบุรี บางมดและบางขุนเทียน', NULL, NULL, NULL, 0),
(59, 4, 'มหาวิทยาลัยเทคโนโลยีพระจอมเกล้าพระนครเหนือ', NULL, NULL, NULL, 0),
(60, 4, 'มหาวิทยาลัยกรุงเทพมหานคร(มหาวิทยาลัยนวมินทราธิราช)', NULL, NULL, NULL, 0),
(61, 4, 'สถาบันบัณฑิตพัฒนบริหารศาสตร์ (นิด้า)', NULL, NULL, NULL, 0),
(62, 4, 'มหาวิทยาลัยเทคโนโลยีราชมงคลกรุงเทพ', NULL, NULL, NULL, 0),
(63, 4, 'มหาวิทยาลัยเทคโนโลยีราชมงคลพระนคร', NULL, NULL, NULL, 0),
(64, 4, 'มหาวิทยาลัยเทคโนโลยีราชมงคลรัตนโกสินทร์', NULL, NULL, NULL, 0),
(65, 4, 'มหาวิทยาลัยเทคโนโลยีราชมงคลตะวันออก วิทยาเขตจักรพงษภูวนารถ', NULL, NULL, NULL, 0),
(66, 4, 'มหาวิทยาลัยเทคโนโลยีราชมงคลตะวันออก วิทยาเขตอุเทนถวาย', NULL, NULL, NULL, 0),
(67, 4, 'มหาวิทยาลัยราชภัฏจันทรเกษม', NULL, NULL, NULL, 0),
(68, 4, 'มหาวิทยาลัยราชภัฏบ้านสมเด็จเจ้าพระยา', NULL, NULL, NULL, 0),
(69, 4, 'มหาวิทยาลัยราชภัฏพระนคร', NULL, NULL, NULL, 0),
(70, 4, 'มหาวิทยาลัยราชภัฏสวนดุสิต', NULL, NULL, NULL, 0),
(71, 4, 'มหาวิทยาลัยราชภัฏสวนสุนันทา', NULL, NULL, NULL, 0),
(72, 4, 'มหาวิทยาลัยราชภัฎธนบุรี', NULL, NULL, NULL, 0),
(73, 4, 'มหาวิทยาลัยราชภัฏวไลยอลงกรณ์ ในพระบรมราชูปถัมภ์ ศูนย์กรุงเทพมหานคร', NULL, NULL, NULL, 0),
(74, 4, 'สถาบันเทคโนโลยีปทุมวัน', NULL, NULL, NULL, 0),
(75, 4, 'วิทยาลัยการจัดการเพื่อการพัฒนา มหาวิทยาลัยทักษิณ', NULL, NULL, NULL, 0),
(76, 4, 'สถาบันการบินพลเรือน', NULL, NULL, NULL, 0),
(77, 4, 'สถาบันการพลศึกษา (สำนักงานอธิการบดี)', NULL, NULL, NULL, 0),
(78, 4, 'วิทยาลัยแพทยศาสตร์พระมงกุฎเกล้า', NULL, NULL, NULL, 0),
(79, 4, 'วิทยาลัยป้องกันราชอาณาจักร', NULL, NULL, NULL, 0),
(80, 4, 'วิทยาลัยพยาบาลกองทัพบก', NULL, NULL, NULL, 0),
(81, 4, 'วิทยาลัยพยาบาลกองทัพเรือ', NULL, NULL, NULL, 0),
(82, 4, 'วิทยาลัยพยาบาลทหารอากาศ', NULL, NULL, NULL, 0),
(83, 4, 'วิทยาลัยพยาบาลบรมราชชนนี กรุงเทพ', NULL, NULL, NULL, 0),
(84, 4, 'วิทยาลัยพยาบาลบรมราชชนนี นพรัตน์วชิระ', NULL, NULL, NULL, 0),
(85, 4, 'มหาวิทยาลัยมหามกุฏราชวิทยาลัย', NULL, NULL, NULL, 0),
(86, 4, 'มหาวิทยาลัยมหาจุฬาลงกรณราชวิทยาลัย', NULL, NULL, NULL, 0),
(87, 4, 'มหาวิทยาลัยนวมินทราธิราช', NULL, NULL, NULL, 0),
(88, 4, 'มหาวิทยาลัยหอการค้าไทย', NULL, NULL, NULL, 0),
(89, 4, 'มหาวิทยาลัยรังสิต รังสิต,ศูนย์สาธรธานี,ศูนย์วิภาวดี', NULL, NULL, NULL, 0),
(90, 4, 'มหาวิทยาลัยกรุงเทพ วิทยาเขตกล้วยน้ำไท', NULL, NULL, NULL, 0),
(91, 4, 'มหาวิทยาลัยกรุงเทพธนบุรี', NULL, NULL, NULL, 0),
(92, 4, 'มหาวิทยาลัยเกริก', NULL, NULL, NULL, 0),
(93, 4, 'มหาวิทยาลัยเกษมบัณฑิต พัฒนาการและร่มเกล้า', NULL, NULL, NULL, 0),
(94, 4, 'มหาวิทยาลัยรัตนบัณฑิต', NULL, NULL, NULL, 0),
(95, 4, 'มหาวิทยาลัยธนบุรี', NULL, NULL, NULL, 0),
(96, 4, 'มหาวิทยาลัยธุรกิจบัณฑิตย์', NULL, NULL, NULL, 0),
(97, 4, 'มหาวิทยาลัยศรีปทุม', NULL, NULL, NULL, 0),
(98, 4, 'มหาวิทยาลัยสยาม', NULL, NULL, NULL, 0),
(99, 4, 'มหาวิทยาลัยหัวเฉียวเฉลิมพระเกียรติ วิทยาเขตยศเส', NULL, NULL, NULL, 0),
(100, 4, 'มหาวิทยาลัยเทคโนโลยีมหานคร', NULL, NULL, NULL, 0),
(101, 4, 'มหาวิทยาลัยอัสสัมชัญ หัวหมาก,เซ็นทรัลเวิลด์', NULL, NULL, NULL, 0),
(102, 4, 'มหาวิทยาลัยเอเชียอาคเนย์', NULL, NULL, NULL, 0),
(103, 4, 'มหาวิทยาลัยเซนต์จอห์น', NULL, NULL, NULL, 0),
(104, 4, 'มหาวิทยาลัยนอร์ทกรุงเทพ วิทยาเขตสะพานใหม่', NULL, NULL, NULL, 0),
(105, 4, 'คณะพยาบาลศาสตร์มิชชั่น มหาวิทยาลัยนานาชาติเอเชีย-แปซิฟิก', NULL, NULL, NULL, 0),
(106, 4, 'มหาวิทยาลัยนวมินทราธิราช', NULL, NULL, NULL, 0),
(107, 4, 'มหาวิทยาลัยนานาชาติแสตมฟอร์ด พระราม 9', NULL, NULL, NULL, 0),
(108, 4, 'มหาวิทยาลัยชินวัตร พญาไท', NULL, NULL, NULL, 0),
(109, 4, 'มหาวิทยาลัยอีสเทิร์นเอเชีย', NULL, NULL, NULL, 0),
(110, 4, 'วิทยาลัยกรุงเทพสุวรรณภูมิ', NULL, NULL, NULL, 0),
(111, 4, 'วิทยาลัยเทคโนโลยีสยาม', NULL, NULL, NULL, 0),
(112, 4, 'วิทยาลัยดุสิตธานี', NULL, NULL, NULL, 0),
(113, 4, 'วิทยาลัยรัชต์ภาคย์', NULL, NULL, NULL, 0),
(114, 4, 'วิทยาลัยเซนต์หลุยส์', NULL, NULL, NULL, 0),
(115, 4, 'วิทยาลัยเซาธ์อีสท์บางกอก', NULL, NULL, NULL, 0),
(116, 4, 'วิทยาลัยทองสุข', NULL, NULL, NULL, 0),
(117, 4, 'วิทยาลัยแพทยศาสตร์ มหาวิทยาลัยรังสิต', NULL, NULL, NULL, 0),
(118, 4, 'สถาบันเทคโนโลยีไทย-ญี่ปุ่น', NULL, NULL, NULL, 0),
(119, 4, 'สถาบันเทคโนโลยีปทุมวัน', NULL, NULL, NULL, 0),
(120, 4, 'สถาบันอาศรมศิลป์', NULL, NULL, NULL, 0),
(121, 4, 'สถาบันออกแบบนานาชาติชนาพัฒน์', NULL, NULL, NULL, 0),
(122, 2, 'aaaaaaaaaaaa', 'aaaaaaaaaaaaaaaaa', '10.0', '100.0', 1);

-- --------------------------------------------------------

--
-- Table structure for table `nearly_type`
--

CREATE TABLE IF NOT EXISTS `nearly_type` (
  `id` int(11) NOT NULL auto_increment,
  `type_name` varchar(255) NOT NULL,
  `deleted` tinyint(1) default NULL,
  `label` varchar(255) NOT NULL,
  PRIMARY KEY  (`id`)
) ENGINE=InnoDB  DEFAULT CHARSET=utf8 AUTO_INCREMENT=7 ;

--
-- Dumping data for table `nearly_type`
--

INSERT INTO `nearly_type` (`id`, `type_name`, `deleted`, `label`) VALUES
(1, 'bangkok', 0, 'โซนในกรุงเทพฯ'),
(2, 'bts', 0, 'ใกล้รถไฟฟ้า BTS'),
(3, 'mrt', 0, 'ใกล้รถไฟฟ้า MRT'),
(4, 'university', 0, 'ใกล้มหาวิทยาลัย'),
(5, 'nearby', 0, 'ตามสถานที่ใกล้เคียง'),
(6, 'country', 0, 'ต่างจังหวัด');

-- --------------------------------------------------------

--
-- Table structure for table `pay_type`
--

CREATE TABLE IF NOT EXISTS `pay_type` (
  `id` int(11) NOT NULL auto_increment,
  `typename` varchar(255) NOT NULL,
  `deleted` tinyint(1) default NULL,
  PRIMARY KEY  (`id`)
) ENGINE=InnoDB  DEFAULT CHARSET=utf8 AUTO_INCREMENT=5 ;

--
-- Dumping data for table `pay_type`
--

INSERT INTO `pay_type` (`id`, `typename`, `deleted`) VALUES
(1, 'รายวัน', 0),
(2, 'รายเดือน', 0),
(3, 'รายวันและรายเดือน', 0),
(4, 'aaaaaaaaaa', 1);

-- --------------------------------------------------------

--
-- Table structure for table `province`
--

CREATE TABLE IF NOT EXISTS `province` (
  `PROVINCE_ID` int(5) NOT NULL auto_increment,
  `PROVINCE_CODE` varchar(2) collate utf8_unicode_ci NOT NULL,
  `PROVINCE_NAME` varchar(150) collate utf8_unicode_ci NOT NULL,
  `PROVINCE_NAME_ENG` varchar(150) collate utf8_unicode_ci NOT NULL,
  `GEO_ID` int(5) NOT NULL default '0',
  PRIMARY KEY  (`PROVINCE_ID`)
) ENGINE=MyISAM  DEFAULT CHARSET=utf8 COLLATE=utf8_unicode_ci AUTO_INCREMENT=78 ;

--
-- Dumping data for table `province`
--

INSERT INTO `province` (`PROVINCE_ID`, `PROVINCE_CODE`, `PROVINCE_NAME`, `PROVINCE_NAME_ENG`, `GEO_ID`) VALUES
(1, '10', 'กรุงเทพมหานคร', 'Bangkok', 2),
(2, '11', 'สมุทรปราการ   ', 'Samut Prakan', 2),
(3, '12', 'นนทบุรี   ', 'Nonthaburi', 2),
(4, '13', 'ปทุมธานี   ', 'Pathum Thani', 2),
(5, '14', 'พระนครศรีอยุธยา   ', 'Phra Nakhon Si Ayutthaya', 2),
(6, '15', 'อ่างทอง   ', 'Ang Thong', 2),
(7, '16', 'ลพบุรี   ', 'Loburi', 2),
(8, '17', 'สิงห์บุรี   ', 'Sing Buri', 2),
(9, '18', 'ชัยนาท   ', 'Chai Nat', 2),
(10, '19', 'สระบุรี', 'Saraburi', 2),
(11, '20', 'ชลบุรี   ', 'Chon Buri', 5),
(12, '21', 'ระยอง   ', 'Rayong', 5),
(13, '22', 'จันทบุรี   ', 'Chanthaburi', 5),
(14, '23', 'ตราด   ', 'Trat', 5),
(15, '24', 'ฉะเชิงเทรา   ', 'Chachoengsao', 5),
(16, '25', 'ปราจีนบุรี   ', 'Prachin Buri', 5),
(17, '26', 'นครนายก   ', 'Nakhon Nayok', 2),
(18, '27', 'สระแก้ว   ', 'Sa Kaeo', 5),
(19, '30', 'นครราชสีมา   ', 'Nakhon Ratchasima', 3),
(20, '31', 'บุรีรัมย์   ', 'Buri Ram', 3),
(21, '32', 'สุรินทร์   ', 'Surin', 3),
(22, '33', 'ศรีสะเกษ   ', 'Si Sa Ket', 3),
(23, '34', 'อุบลราชธานี   ', 'Ubon Ratchathani', 3),
(24, '35', 'ยโสธร   ', 'Yasothon', 3),
(25, '36', 'ชัยภูมิ   ', 'Chaiyaphum', 3),
(26, '37', 'อำนาจเจริญ   ', 'Amnat Charoen', 3),
(27, '39', 'หนองบัวลำภู   ', 'Nong Bua Lam Phu', 3),
(28, '40', 'ขอนแก่น   ', 'Khon Kaen', 3),
(29, '41', 'อุดรธานี   ', 'Udon Thani', 3),
(30, '42', 'เลย   ', 'Loei', 3),
(31, '43', 'หนองคาย   ', 'Nong Khai', 3),
(32, '44', 'มหาสารคาม   ', 'Maha Sarakham', 3),
(33, '45', 'ร้อยเอ็ด   ', 'Roi Et', 3),
(34, '46', 'กาฬสินธุ์   ', 'Kalasin', 3),
(35, '47', 'สกลนคร   ', 'Sakon Nakhon', 3),
(36, '48', 'นครพนม   ', 'Nakhon Phanom', 3),
(37, '49', 'มุกดาหาร   ', 'Mukdahan', 3),
(38, '50', 'เชียงใหม่   ', 'Chiang Mai', 1),
(39, '51', 'ลำพูน   ', 'Lamphun', 1),
(40, '52', 'ลำปาง   ', 'Lampang', 1),
(41, '53', 'อุตรดิตถ์   ', 'Uttaradit', 1),
(42, '54', 'แพร่   ', 'Phrae', 1),
(43, '55', 'น่าน   ', 'Nan', 1),
(44, '56', 'พะเยา   ', 'Phayao', 1),
(45, '57', 'เชียงราย   ', 'Chiang Rai', 1),
(46, '58', 'แม่ฮ่องสอน   ', 'Mae Hong Son', 1),
(47, '60', 'นครสวรรค์   ', 'Nakhon Sawan', 2),
(48, '61', 'อุทัยธานี   ', 'Uthai Thani', 2),
(49, '62', 'กำแพงเพชร   ', 'Kamphaeng Phet', 2),
(50, '63', 'ตาก   ', 'Tak', 4),
(51, '64', 'สุโขทัย   ', 'Sukhothai', 2),
(52, '65', 'พิษณุโลก   ', 'Phitsanulok', 2),
(53, '66', 'พิจิตร   ', 'Phichit', 2),
(54, '67', 'เพชรบูรณ์   ', 'Phetchabun', 2),
(55, '70', 'ราชบุรี   ', 'Ratchaburi', 4),
(56, '71', 'กาญจนบุรี   ', 'Kanchanaburi', 4),
(57, '72', 'สุพรรณบุรี   ', 'Suphan Buri', 2),
(58, '73', 'นครปฐม   ', 'Nakhon Pathom', 2),
(59, '74', 'สมุทรสาคร   ', 'Samut Sakhon', 2),
(60, '75', 'สมุทรสงคราม   ', 'Samut Songkhram', 2),
(61, '76', 'เพชรบุรี   ', 'Phetchaburi', 4),
(62, '77', 'ประจวบคีรีขันธ์   ', 'Prachuap Khiri Khan', 4),
(63, '80', 'นครศรีธรรมราช   ', 'Nakhon Si Thammarat', 6),
(64, '81', 'กระบี่   ', 'Krabi', 6),
(65, '82', 'พังงา   ', 'Phangnga', 6),
(66, '83', 'ภูเก็ต   ', 'Phuket', 6),
(67, '84', 'สุราษฎร์ธานี   ', 'Surat Thani', 6),
(68, '85', 'ระนอง   ', 'Ranong', 6),
(69, '86', 'ชุมพร   ', 'Chumphon', 6),
(70, '90', 'สงขลา   ', 'Songkhla', 6),
(71, '91', 'สตูล   ', 'Satun', 6),
(72, '92', 'ตรัง   ', 'Trang', 6),
(73, '93', 'พัทลุง   ', 'Phatthalung', 6),
(74, '94', 'ปัตตานี   ', 'Pattani', 6),
(75, '95', 'ยะลา   ', 'Yala', 6),
(76, '96', 'นราธิวาส   ', 'Narathiwat', 6),
(77, '97', 'บึงกาฬ', 'buogkan', 3);

-- --------------------------------------------------------

--
-- Table structure for table `roomtype2site`
--

CREATE TABLE IF NOT EXISTS `roomtype2site` (
  `id` int(11) NOT NULL auto_increment,
  `building_site_id` int(11) NOT NULL,
  `deleted` tinyint(1) default NULL,
  `room_size` double NOT NULL,
  `room_price` double NOT NULL,
  `room_typename` varchar(255) NOT NULL,
  PRIMARY KEY  (`id`)
) ENGINE=InnoDB  DEFAULT CHARSET=utf8 AUTO_INCREMENT=11 ;

--
-- Dumping data for table `roomtype2site`
--

INSERT INTO `roomtype2site` (`id`, `building_site_id`, `deleted`, `room_size`, `room_price`, `room_typename`) VALUES
(1, 1, 0, 123, 123, 'test'),
(2, 1, 0, 123, 123, 'test'),
(3, 2, 0, 25, 2000, 'ห้องพัดลมห้องน้ำรวม'),
(4, 2, 0, 25, 2500, 'ห้องพัดลมห้องน้ำส่วนตัว'),
(5, 2, 0, 25, 3000, 'ห้องแอร์ห้องน้ำรวม'),
(6, 2, 0, 25, 3500, 'ห้องแอร์ห้องน้ำส่วนตัว'),
(7, 3, 0, 232, 552, '55'),
(8, 212, NULL, 35, 1500, 'abc'),
(9, 212, NULL, 40, 5000, 'bcd'),
(10, 212, NULL, 55, 12000, 'zzz');

-- --------------------------------------------------------

--
-- Table structure for table `site_detail`
--

CREATE TABLE IF NOT EXISTS `site_detail` (
  `id` int(11) NOT NULL auto_increment,
  `title` varchar(255) NOT NULL,
  `description` longtext NOT NULL,
  `keyword` varchar(255) NOT NULL,
  `tag_line` varchar(255) NOT NULL,
  `base_url` varchar(255) NOT NULL,
  PRIMARY KEY  (`id`)
) ENGINE=InnoDB DEFAULT CHARSET=utf8 AUTO_INCREMENT=1 ;

--
-- Dumping data for table `site_detail`
--


-- --------------------------------------------------------

--
-- Table structure for table `user_admin`
--

CREATE TABLE IF NOT EXISTS `user_admin` (
  `id` int(11) NOT NULL auto_increment,
  `username` varchar(255) NOT NULL,
  `password` varchar(255) NOT NULL,
  `firstname` varchar(255) NOT NULL,
  `lastname` varchar(255) NOT NULL,
  `phone_number` varchar(127) NOT NULL,
  `userlevel` varchar(63) NOT NULL,
  `deleted` tinyint(1) default NULL,
  PRIMARY KEY  (`id`)
) ENGINE=InnoDB  DEFAULT CHARSET=utf8 AUTO_INCREMENT=8 ;

--
-- Dumping data for table `user_admin`
--

INSERT INTO `user_admin` (`id`, `username`, `password`, `firstname`, `lastname`, `phone_number`, `userlevel`, `deleted`) VALUES
(1, 'admin', '81dc9bdb52d04dc20036dbd8313ed055', 'หนึ่ง', 'บังคับต้องมี', '-', '1', 0),
(2, 'user_mick', '709992914cd08e46be127a11e0ea14aa', 'ปกติ', 'ธรรมดา', '0800000000', '1', 0),
(4, 'micknaja', 'm!3k000', 'wararit', 'satitnimankan', '0800000000', '1', 0),
(5, 'ruxtest', '916a24d8eecf25acc091fd289d43a252', 'Chukkapun', 'Rodpon', '0812345678', '1', 0),
(6, 'suriya', '4976fc0905f04e85ca68242a52bc5681', 'suriya', 'jun', '0806486529', '1', 0),
(7, 'aaaaa', 'bed128365216c019988915ed3add75fb', 'aaaaa', 'aaaaa', '0846727423', '1', 1);

-- --------------------------------------------------------

--
-- Table structure for table `user_level`
--

CREATE TABLE IF NOT EXISTS `user_level` (
  `id` int(11) NOT NULL auto_increment,
  `level_name` varchar(255) NOT NULL,
  `level_type` varchar(255) NOT NULL,
  `is_enabled` tinyint(1) default NULL,
  PRIMARY KEY  (`id`)
) ENGINE=InnoDB  DEFAULT CHARSET=utf8 AUTO_INCREMENT=3 ;

--
-- Dumping data for table `user_level`
--

INSERT INTO `user_level` (`id`, `level_name`, `level_type`, `is_enabled`) VALUES
(1, 'admin', 'admin', 0),
(2, 'user', 'user', 0);

-- --------------------------------------------------------

--
-- Table structure for table `user_owner`
--

CREATE TABLE IF NOT EXISTS `user_owner` (
  `id` int(11) NOT NULL auto_increment,
  `username` varchar(255) NOT NULL,
  `password` varchar(255) NOT NULL,
  `firstname` varchar(255) NOT NULL,
  `lastname` varchar(255) NOT NULL,
  `email` varchar(255) NOT NULL,
  `phone_number` varchar(127) NOT NULL,
  `fax_number` varchar(127) NOT NULL,
  `deleted` tinyint(1) default NULL,
  `user_level` varchar(127) default NULL,
  `last_login` datetime default NULL,
  `password_requested` datetime default NULL,
  `confirm_token` varchar(255) default NULL,
  `enabled` tinyint(1) default NULL,
  `facebook_id` varchar(64) default NULL,
  PRIMARY KEY  (`id`)
) ENGINE=InnoDB  DEFAULT CHARSET=utf8 AUTO_INCREMENT=17 ;

--
-- Dumping data for table `user_owner`
--

INSERT INTO `user_owner` (`id`, `username`, `password`, `firstname`, `lastname`, `email`, `phone_number`, `fax_number`, `deleted`, `user_level`, `last_login`, `password_requested`, `confirm_token`, `enabled`, `facebook_id`) VALUES
(1, 'exodist', '74886004cfb64636ae42fb91c0987ec3', 'เจษฎา', 'ยิ้มวิลัย', 'exodist@gmail.com', '0863494353', '0000000000', 0, '2', '2012-09-27 17:32:22', NULL, '103493dc7a8fdf86b0ad32c48bc3f941', 1, NULL),
(2, 'marons', 'f5546e9897b824f49b32c2d2c59a2281', 'Kulathida', 'Praisuwanna', 'kulathidap@sourcecode.co.th', '0875939494', '0000000000', 0, '2', '2012-09-24 16:27:33', '2012-09-24 16:29:11', 'd29ce75beea43c590ce11f98dc6c4da6', 1, NULL),
(5, 'usermick', 'd41e98d1eafa6d6011d3a70f1a5b92f0', 'wararit', 'satitnimankan', 'wararits@sourecode.co.th', '0800000000', '020000000', 0, '2', '2012-09-26 17:46:42', NULL, NULL, NULL, NULL),
(6, 'usertest1', '161ebd7d45089b3446ee4e0d86dbcf92', 'Wararit', 'Satitnimankan', 'wararits@sourcecode.co.th', '0840000000', '0000000000', 0, '2', '2012-09-28 16:32:16', NULL, 'dbe38a21d9717dd6d361db50470c62b9', 1, ''),
(7, 'mama', '65a0ec385ca6a0c1e20d1f8270c28303', 'แก้วมณี', 'มาม่าจำโบ้', 'peung_kk@hotmail.com', '8888888888', '0000000000', 0, '2', '2012-09-27 17:22:39', NULL, '6be6cc26dd99cbbe128c1a1df49fb292', 1, NULL),
(13, 'suriya', '', '', '', 'suriya257_@hotmail.com', '', '', 0, '2', '2012-10-12 10:25:34', NULL, '4b60b5ea9249f475252bc6f7770e9c6d', 1, '100001283624172'),
(14, 'pgmmanesz', 'bed128365216c019988915ed3add75fb', 'Wararit', 'Satitnimankan', 'manesz.s@hotmail.com', '0846727423', '027477635', 0, '2', '2013-02-28 17:46:40', NULL, '173e886debbbf23383e20a62d7d72bf4', 1, '100000418847597'),
(15, 'bbbbbbbbbbbbbbbbbbbbbb', 'a29dac4283a8cfe3e6b1999402b37c9e', 'wararit', 'satitnimankan', 'manesz13@gmail.com', '0846727423', '027477635', 1, '2', NULL, NULL, NULL, NULL, NULL),
(16, 'manesz', 'bed128365216c019988915ed3add75fb', 'Wararit', 'Satitnimankan', 'manesz@icloud.com', '0800000000', '0000000000', 0, '2', '2013-02-27 11:21:25', NULL, '870f87fd525b1d10bfb659013a610b2e', NULL, NULL);

-- --------------------------------------------------------

--
-- Table structure for table `zone`
--

CREATE TABLE IF NOT EXISTS `zone` (
  `id` int(11) NOT NULL auto_increment,
  `zonename` varchar(255) NOT NULL,
  `latitude` varchar(127) NOT NULL,
  `longitude` varchar(127) NOT NULL,
  `deleted` tinyint(1) default NULL,
  PRIMARY KEY  (`id`)
) ENGINE=InnoDB  DEFAULT CHARSET=utf8 AUTO_INCREMENT=23 ;

--
-- Dumping data for table `zone`
--

INSERT INTO `zone` (`id`, `zonename`, `latitude`, `longitude`, `deleted`) VALUES
(1, 'เทพารักษ์ / ศรีนครินทร์ / บางนา', '', '', 0),
(2, 'อ่อนนุช / ลาดกระบัง', '', '', 0),
(3, 'พัฒนาการ / เพชรบุรีตัดใหม่', '', '', 0),
(4, 'รามคำแหง / เสรีไทย', '', '', 0),
(5, 'พระราม 9 / รัชดาภิเษก', '', '', 0),
(6, 'ลาดพร้าว / เลียบด่วนเอกมัย-รามอินทรา', '', '', 0),
(7, 'เกษตร-นวมินทร์ / รามอินทรา', '', '', 0),
(8, 'พหลโยธิน / อารีย์ / รัชโยธิน / สะพานใหม่', '', '', 0),
(9, 'ดินแดง / วิภาวดี-รังสิต', '', '', 0),
(10, 'ราชปรารภ / พญาไท / ปทุมวัน / ราชเทวี', '', '', 0),
(11, 'พระราม 1 / ราชดำริ / วิทยุ', '', '', 0),
(12, 'สุขุมวิทตอนต้น (สุขุมวิท1-77 และ สุขุมวิท 2-52)', '', '', 0),
(13, 'สุขุมวิทตอนปลาย (ตั้งแต่ สุขุมวิท 79 และ 54 เป็นต้นไป)', '', '', 0),
(14, 'พระราม 4 / สาทร / เจริญกรุง', '', '', 0),
(15, 'สีลม / สุรวงศ์ / สี่พระยา', '', '', 0),
(16, 'นราธิวาสราชนครินทร์ / พระราม 3', '', '', 0),
(17, 'ธนบุรี / ตากสิน / เจริญนคร / สุขสวัสดิ์ / ท่าพระ', '', '', 0),
(18, 'วงศ์สว่าง / บางซื่อ / ประชาชื่น', '', '', 0),
(19, 'หลักสี่ / แจ้งวัฒนะ / ติวานนท์ / ปากเกร็ด', '', '', 0),
(20, 'งามวงศ์วาน / แคราย / รัตนาธิเบศร์ / บางใหญ่', '', '', 0),
(21, 'พระราม 2 / บรมราชชนนี / เพชรเกษม / จรัญสนิทวงศ์', '', '', 0),
(22, 'asd', '10.1', '100.1', 1);
